;              
CREATE USER IF NOT EXISTS USER SALT '887232d069cef144' HASH '48e4c6366cef99fb4e14856c18f5f0208d3c4a2fdfebdf14248dcd6c14214da2' ADMIN;          
CREATE USER IF NOT EXISTS SA SALT '47e332146f3f8c93' HASH 'dd362ca86848561b418c3e51cff719925c9924f60bc8d464074fd0e296a180b4' ADMIN;            
CREATE SEQUENCE PUBLIC.SYSTEM_SEQUENCE_B73E50AC_EAB2_41DD_B7B6_FD875CBE7A18 START WITH 65 BELONGS_TO_TABLE;    
CREATE SEQUENCE PUBLIC.SYSTEM_SEQUENCE_59D277BC_F30F_4E65_8858_B9102BF39191 START WITH 36 BELONGS_TO_TABLE;    
CREATE SEQUENCE PUBLIC.SYSTEM_SEQUENCE_57F40813_8FF7_4177_8219_C3252CC204FC START WITH 74 BELONGS_TO_TABLE;    
CREATE SEQUENCE PUBLIC.SYSTEM_SEQUENCE_14E438B1_012E_41EB_82FD_B81521F40C9B START WITH 75 BELONGS_TO_TABLE;    
CREATE SEQUENCE PUBLIC.SYSTEM_SEQUENCE_B4702A03_183D_4D90_8B45_591BB62B42D0 START WITH 35 BELONGS_TO_TABLE;    
CREATE SEQUENCE PUBLIC.SYSTEM_SEQUENCE_EDEB0ADB_3272_44BE_B5FB_D1F8A8B5D2C6 START WITH 65 BELONGS_TO_TABLE;    
CREATE SEQUENCE PUBLIC.SYSTEM_SEQUENCE_AE29084E_DB11_4EAB_BC31_46E099B9D021 START WITH 2 BELONGS_TO_TABLE;     
CREATE SEQUENCE PUBLIC.SYSTEM_SEQUENCE_CAA373AC_8CD6_465B_9E65_277A7F18B915 START WITH 68 BELONGS_TO_TABLE;    
CREATE SEQUENCE PUBLIC.SYSTEM_SEQUENCE_80B2E35D_DD11_4B44_86BE_160B5DB5AF2B START WITH 8 BELONGS_TO_TABLE;     
CREATE SEQUENCE PUBLIC.SYSTEM_SEQUENCE_B0F0E7DA_72BD_4771_9CE5_01662CA4AC90 START WITH 71 BELONGS_TO_TABLE;    
CREATE SEQUENCE PUBLIC.SYSTEM_SEQUENCE_4DC0278E_3498_45AA_95F2_9FD33A0AD873 START WITH 34 BELONGS_TO_TABLE;    
CREATE CACHED TABLE PUBLIC.STOCK(
    ID INT DEFAULT (NEXT VALUE FOR PUBLIC.SYSTEM_SEQUENCE_CAA373AC_8CD6_465B_9E65_277A7F18B915) NOT NULL NULL_TO_DEFAULT SEQUENCE PUBLIC.SYSTEM_SEQUENCE_CAA373AC_8CD6_465B_9E65_277A7F18B915,
    TITLE TEXT,
    TITLE_FOR_ADMIN TEXT,
    DESCRIPTION TEXT,
    FINISHED BOOLEAN DEFAULT FALSE,
    REPORT TEXT
);        
-- 2 +/- SELECT COUNT(*) FROM PUBLIC.STOCK;    
INSERT INTO PUBLIC.STOCK(ID, TITLE, TITLE_FOR_ADMIN, DESCRIPTION, FINISHED, REPORT) VALUES
(41, STRINGDECODE('\u041d\u0430\u0437\u0432\u0430\u043d\u0438\u0435'), STRINGDECODE('\u041d\u0430\u0437\u0432\u0430\u043d\u0438\u0435 \u0434\u043b\u044f \u0430\u0434\u043c\u0438\u043d\u043e\u0432'), STRINGDECODE('\u041e\u043f\u0438\u0441\u0430\u043d\u0438\u0435'), FALSE, NULL),
(42, STRINGDECODE('\u041d\u0430\u0437\u0432\u0430\u043d\u0438\u0435'), STRINGDECODE('\u041d\u0430\u0437\u0432\u0430\u043d\u0438\u0435 \u0434\u043b\u044f \u0430\u0434\u043c\u0438\u043d\u0430'), STRINGDECODE('\u041e\u043f\u0438\u0441\u0430\u043d\u0438\u0435'), FALSE, NULL);             
CREATE CACHED TABLE PUBLIC.USER(
    ID INT DEFAULT (NEXT VALUE FOR PUBLIC.SYSTEM_SEQUENCE_B4702A03_183D_4D90_8B45_591BB62B42D0) NOT NULL NULL_TO_DEFAULT SEQUENCE PUBLIC.SYSTEM_SEQUENCE_B4702A03_183D_4D90_8B45_591BB62B42D0,
    CHAT_ID INT NOT NULL,
    NAME TEXT NOT NULL,
    PHONE_NUMBER TEXT NOT NULL,
    CITY TEXT NOT NULL,
    SEX BOOLEAN NOT NULL,
    BIRTHDAY TEXT NOT NULL,
    RULES INT DEFAULT 1
);     
ALTER TABLE PUBLIC.USER ADD CONSTRAINT PUBLIC.CONSTRAINT_2 PRIMARY KEY(ID);    
-- 1 +/- SELECT COUNT(*) FROM PUBLIC.USER;     
INSERT INTO PUBLIC.USER(ID, CHAT_ID, NAME, PHONE_NUMBER, CITY, SEX, BIRTHDAY, RULES) VALUES
(3, 43394658, STRINGDECODE('\u0422\u0443\u0441\u0443\u043f\u0431\u0435\u043a\u043e\u0432 \u0414\u0430\u043d\u0438\u044f\u0440 \u041d\u0443\u0440\u043b\u0430\u043d\u0443\u043b\u044b'), '870452,354', STRINGDECODE('\u041a\u0430\u0440\u0430\u0433\u0430\u043d\u0434\u0430'), TRUE, '13.02.1997', 2);              
CREATE CACHED TABLE PUBLIC.PARTICIPANTS_OF_STOCK(
    ID INT DEFAULT (NEXT VALUE FOR PUBLIC.SYSTEM_SEQUENCE_59D277BC_F30F_4E65_8858_B9102BF39191) NOT NULL NULL_TO_DEFAULT SEQUENCE PUBLIC.SYSTEM_SEQUENCE_59D277BC_F30F_4E65_8858_B9102BF39191,
    TYPE_OF_WORK_ID INT,
    USER_ID INT,
    DATES_ID INT,
    FINISHED BOOLEAN DEFAULT FALSE
);             
-- 4 +/- SELECT COUNT(*) FROM PUBLIC.PARTICIPANTS_OF_STOCK;    
INSERT INTO PUBLIC.PARTICIPANTS_OF_STOCK(ID, TYPE_OF_WORK_ID, USER_ID, DATES_ID, FINISHED) VALUES
(1, 51, 43394658, 61, TRUE),
(33, 51, 43394658, 62, FALSE),
(34, 52, 43394658, 63, FALSE),
(35, 51, 43394658, 62, FALSE);    
CREATE CACHED TABLE PUBLIC.MESSAGE(
    ID INT NOT NULL,
    TEXT TEXT,
    PHOTO TEXT,
    KEYBOARD_ID INT
); 
ALTER TABLE PUBLIC.MESSAGE ADD CONSTRAINT PUBLIC.CONSTRAINT_63 PRIMARY KEY(ID);
-- 45 +/- SELECT COUNT(*) FROM PUBLIC.MESSAGE; 
INSERT INTO PUBLIC.MESSAGE(ID, TEXT, PHOTO, KEYBOARD_ID) VALUES
(1, STRINGDECODE('\u0427\u0442\u043e\u0431\u044b \u043f\u0440\u043e\u0434\u043e\u043b\u0436\u0438\u0442\u044c \u043d\u0443\u0436\u043d\u043e \u0437\u0430\u0440\u0435\u0433\u0438\u0441\u0442\u0440\u0438\u0440\u043e\u0432\u0430\u0442\u044c\u0441\u044f'), NULL, 1),
(10, STRINGDECODE('\u0412\u044b\u0431\u0435\u0440\u0438\u0442\u0435 \u043f\u043e\u043b'), NULL, 2),
(11, STRINGDECODE('\u0412\u0432\u0435\u0434\u0438\u0442\u0435 \u0432\u0430\u0448\u0435 \u0424\u0418\u041e'), NULL, 10),
(12, STRINGDECODE('\u0412\u0432\u0435\u0434\u0438\u0442\u0435 \u0432\u0430\u0448\u0443 \u0434\u0430\u0442\u0443 \u0440\u043e\u0436\u0434\u0435\u043d\u0438\u044f'), NULL, 10),
(13, STRINGDECODE('\u0412\u0432\u0435\u0434\u0438\u0442\u0435 \u0441\u0432\u043e\u0439 \u0433\u043e\u0440\u043e\u0434'), NULL, 10),
(14, STRINGDECODE('\u0412\u0432\u0435\u0434\u0438\u0442\u0435 \u0441\u0432\u043e\u0439 \u043d\u043e\u043c\u0435\u0440 \u0442\u0435\u043b\u0435\u0444\u043e\u043d\u0430'), NULL, 10),
(15, STRINGDECODE('\u0413\u043e\u0442\u043e\u0432\u043e! \u0427\u0442\u043e\u0431\u044b \u0432\u043e\u0439\u0442\u0438 \u0432 \u0433\u043b\u0430\u0432\u043d\u043e\u0435 \u043c\u0435\u043d\u044e, \u043d\u0430\u043f\u0438\u0448\u0438\u0442\u0435 /start'), NULL, 0),
(2, STRINGDECODE('\u0413\u043b\u0430\u0432\u043d\u043e\u0435 \u043c\u0435\u043d\u044e'), NULL, 3),
(20, STRINGDECODE('\u041b\u0438\u0447\u043d\u044b\u0439 \u043a\u0430\u0431\u0438\u043d\u0435\u0442'), NULL, 4),
(21, STRINGDECODE('\u0417\u0430\u0434\u0430\u043d\u0438\u0438 \u043d\u0435\u0442'), NULL, 0),
(22, STRINGDECODE('\u0412\u044b\u0431\u0435\u0440\u0438\u0442\u0435 \u0437\u0430\u0434\u0430\u043d\u0438\u044f'), NULL, 5),
(23, STRINGDECODE('\u041d\u0430\u043f\u0438\u0448\u0438\u0442\u0435 \u043e\u0442\u0447\u0435\u0442'), NULL, 10),
(7, STRINGDECODE('\u041c\u0435\u043d\u044e \u0430\u0434\u043c\u0438\u043d\u0430'), NULL, 7),
(24, STRINGDECODE('\u041d\u043e\u0432\u0430\u044f \u0430\u043a\u0446\u0438\u044f'), NULL, 9),
(30, STRINGDECODE('\u0412\u0432\u0435\u0434\u0438\u0442\u0435 \u043d\u0430\u0437\u0432\u0430\u043d\u0438\u0435 \u0430\u043a\u0446\u0438\u0438'), NULL, 0),
(31, STRINGDECODE('\u0412\u0432\u0435\u0434\u0438\u0442\u0435 \u043d\u0430\u0437\u0432\u0430\u043d\u0438\u0435 \u0430\u043a\u0446\u0438\u0438 \u0434\u043b\u044f \u0430\u0434\u043c\u0438\u043d\u0430'), NULL, 0),
(32, STRINGDECODE('\u0412\u0432\u0435\u0434\u0438\u0442\u0435 \u043e\u043f\u0438\u0441\u0430\u043d\u0438\u0435'), NULL, 0),
(33, STRINGDECODE('\u0412\u0432\u0435\u0434\u0438\u0442\u0435 \u0432\u0438\u0434 \u0440\u0430\u0431\u043e\u0442\u044b'), NULL, 0),
(35, STRINGDECODE('\u0412\u044b\u0431\u0435\u0440\u0438\u0442\u0435 \u043a\u043e\u043c\u0430\u043d\u0434\u0443'), NULL, 8),
(34, STRINGDECODE('\u0412\u0432\u0435\u0434\u0438\u0442\u0435 \u0434\u0430\u0442\u0443'), NULL, 0),
(39, STRINGDECODE('\u0413\u043e\u0442\u043e\u0432\u043e!'), NULL, 7),
(36, STRINGDECODE('\u0417\u0430\u0433\u0440\u0443\u0436\u0430\u044e...'), NULL, 0),
(37, STRINGDECODE('\u0412\u044b\u0431\u0435\u0440\u0438\u0442\u0435 \u0430\u043a\u0446\u0438\u044e'), NULL, 0),
(38, STRINGDECODE('\u0412\u044b\u0431\u0435\u0440\u0438\u0442\u0435 \u0434\u0430\u0442\u0443'), NULL, 0),
(40, STRINGDECODE('\u0413\u043e\u0442\u043e\u0432\u043e'), NULL, 0),
(41, STRINGDECODE('\u0412\u044b\u0431\u0435\u0440\u0438\u0442\u0435 \u0437\u0430\u0434\u0430\u043d\u0438\u0435'), NULL, 0),
(3, STRINGDECODE('\u0421\u043b\u0435\u0434\u0438\u0442\u0435 \u0437\u0430 \u043d\u0430\u0448\u0438\u043c\u0438 \u043d\u043e\u0432\u043e\u0441\u0442\u044f\u043c\u0438 \u0432 \u0441\u043e\u0446\u0438\u0430\u043b\u044c\u043d\u044b\u0445 \u0441\u0435\u0442\u044f\u0445!'), NULL, 12),
(42, STRINGDECODE('\u0414\u043b\u044f \u043a\u043e\u0433\u043e \u0440\u0430\u0441\u0441\u044b\u043b\u043a\u0430'), NULL, 13),
(43, STRINGDECODE('\u0420\u0430\u0441\u0441\u044b\u043b\u043a\u0430 \u043e\u0442 \u0430\u0434\u043c\u0438\u043d\u0430'), NULL, 0),
(44, STRINGDECODE('\u0412\u0432\u0435\u0434\u0438\u0442\u0435 \u0441\u043e\u043e\u0431\u0449\u0435\u043d\u0438\u0435'), NULL, 0);       
INSERT INTO PUBLIC.MESSAGE(ID, TEXT, PHOTO, KEYBOARD_ID) VALUES
(45, STRINGDECODE('\u041d\u0435\u0442 \u0434\u0435\u0439\u0441\u0442\u0432\u0443\u044e\u0449\u0438\u0445 \u0430\u043a\u0446\u0438\u0438'), NULL, 0),
(46, STRINGDECODE('\u0412\u044b\u0431\u0435\u0440\u0438\u0442\u0435 \u0430\u043a\u0446\u0438\u044e'), NULL, 0),
(47, STRINGDECODE('\u0410\u043a\u0446\u0438\u044f'), NULL, 0),
(48, STRINGDECODE('\u0412\u044b\u0431\u0435\u0440\u0438\u0442\u0435 \u0440\u0430\u0431\u043e\u0442\u0443'), NULL, 0),
(50, STRINGDECODE('\u041d\u0430\u0447\u0438\u043d\u0430\u044e \u0440\u0430\u0441\u0441\u044b\u043b\u043a\u0443...'), NULL, 0),
(51, STRINGDECODE('\u0420\u0430\u0441\u0441\u044b\u043b\u043a\u0430 \u0437\u0430\u043a\u043e\u043d\u0447\u0435\u043d\u0430!'), NULL, 7),
(49, STRINGDECODE('\u041d\u0435\u0442 \u0432\u043e\u043b\u043e\u043d\u0442\u0435\u0440\u043e\u0432, \u0443\u0447\u0430\u0441\u0442\u0432\u0443\u044e\u0449\u0438\u0445 \u0432 \u0434\u0430\u043d\u043d\u043e\u043c \u0437\u0430\u0434\u0430\u043d\u0438\u0438'), NULL, 0),
(52, STRINGDECODE('\u041d\u0435\u0442 \u0432\u043e\u043b\u043e\u043d\u0442\u0435\u0440\u043e\u0432, \u0443\u0447\u0430\u0441\u0442\u0432\u0443\u044e\u0449\u0438\u0445 \u0432 \u0430\u043a\u0446\u0438\u0438'), NULL, 0),
(6, STRINGDECODE('\u041a\u043e\u043c\u0430\u043d\u0434\u0430 \u043d\u0435 \u0440\u0430\u0441\u043f\u043e\u0437\u043d\u0430\u043d\u0430, \u0438\u043b\u0438 \u043d\u0435 \u0443\u0434\u0430\u043b\u043e\u0441\u044c \u043e\u0431\u0440\u0430\u0431\u043e\u0442\u0430\u0442\u044c \u0438\u043d\u0444\u043e\u0440\u043c\u0430\u0446\u0438\u044e'), NULL, 0),
(53, STRINGDECODE('\u041c\u0435\u043d\u044e \u0430\u043a\u0446\u0438\u0438'), NULL, 14),
(54, STRINGDECODE('\u0427\u0442\u043e \u0431\u0443\u0434\u0435\u043c \u0440\u0435\u0434\u0430\u043a\u0442\u0438\u0440\u043e\u0432\u0430\u0442\u044c?'), NULL, 17),
(4, STRINGDECODE('\u041a\u043e\u043d\u0442\u0430\u043a\u0442\u044b\u044b\u044b\u044b'), NULL, 0),
(55, STRINGDECODE('\u0412\u0432\u0435\u0434\u0438\u0442\u0435 \u0442\u0435\u043a\u0441\u0442'), NULL, 0),
(56, STRINGDECODE('\u0412\u0432\u0435\u0434\u0438\u0442\u0435 \u0441\u0441\u044b\u043b\u043a\u0443'), NULL, 0),
(5, STRINGDECODE('\u041e \u0444\u043e\u043d\u0434\u0430\u0445'), NULL, 0);            
CREATE CACHED TABLE PUBLIC.GROUPS(
    ID INT DEFAULT (NEXT VALUE FOR PUBLIC.SYSTEM_SEQUENCE_AE29084E_DB11_4EAB_BC31_46E099B9D021) NOT NULL NULL_TO_DEFAULT SEQUENCE PUBLIC.SYSTEM_SEQUENCE_AE29084E_DB11_4EAB_BC31_46E099B9D021,
    GROUP_ID INT NOT NULL,
    GROUP_LINK TEXT NOT NULL,
    NAME TEXT
);    
-- 2 +/- SELECT COUNT(*) FROM PUBLIC.GROUPS;   
INSERT INTO PUBLIC.GROUPS(ID, GROUP_ID, GROUP_LINK, NAME) VALUES
(1, -180777328, 'https://t.me/joinchat/AAAAAArGcXCx9NlWdIhvvw', 'Ardaiym Group'),
(1, -180777328, 'https://t.me/joinchat/AAAAAArGcXCx9NlWdIhvvw', 'Ardaiym Group');           
CREATE CACHED TABLE PUBLIC.BUTTON(
    ID INT NOT NULL,
    TEXT TEXT,
    COMMAND_ID INT,
    URL TEXT,
    REQUEST_CONTACT BOOLEAN
);        
ALTER TABLE PUBLIC.BUTTON ADD CONSTRAINT PUBLIC.CONSTRAINT_7 PRIMARY KEY(ID);  
-- 40 +/- SELECT COUNT(*) FROM PUBLIC.BUTTON;  
INSERT INTO PUBLIC.BUTTON(ID, TEXT, COMMAND_ID, URL, REQUEST_CONTACT) VALUES
(1, '/start', 1, NULL, FALSE),
(2, '/admin', 6, NULL, FALSE),
(3, STRINGDECODE('\u0417\u0430\u0440\u0435\u0433\u0438\u0441\u0442\u0440\u0438\u0440\u043e\u0432\u0430\u0442\u044c\u0441\u044f'), 2, NULL, FALSE),
(7, STRINGDECODE('\u041e\u0442\u043f\u0440\u0430\u0432\u0438\u0442\u044c \u043a\u043e\u043d\u0442\u0430\u043a\u0442'), 0, NULL, TRUE),
(10, STRINGDECODE('\u21a9\ufe0f \u041d\u0430\u0437\u0430\u0434'), 0, NULL, FALSE),
(11, STRINGDECODE('\u041c\u0443\u0436\u0447\u0438\u043d\u0430'), 0, NULL, FALSE),
(12, STRINGDECODE('\u0416\u0435\u043d\u0449\u0438\u043d\u0430'), 0, NULL, FALSE),
(13, STRINGDECODE('\u0412\u0432\u0435\u0434\u0438\u0442\u0435 \u0432\u0430\u0448 \u0433\u043e\u0440\u043e\u0434'), 0, NULL, FALSE),
(14, STRINGDECODE('\u0413\u043e\u0442\u043e\u0432\u043e! \u0427\u0442\u043e\u0431\u044b \u0432\u043e\u0439\u0442\u0438 \u0432 \u0433\u043b\u0430\u0432\u043d\u043e\u0435 \u043c\u0435\u043d\u044e, \u043d\u0430\u043f\u0438\u0448\u0438\u0442\u0435 /start'), 0, NULL, FALSE),
(15, STRINGDECODE('\u041d\u043e\u0432\u043e\u0441\u0442\u0438'), 8, NULL, FALSE),
(16, STRINGDECODE('\u041a\u0430\u043b\u0435\u043d\u0434\u0430\u0440\u044c'), 0, NULL, FALSE),
(17, STRINGDECODE('\u041b\u0438\u0447\u043d\u044b\u0439 \u043a\u0430\u0431\u0438\u043d\u0435\u0442'), 4, NULL, FALSE),
(18, STRINGDECODE('\u041a\u043e\u043d\u0442\u0430\u043a\u0442\u044b'), 0, NULL, FALSE),
(19, STRINGDECODE('\u041e \u0444\u043e\u043d\u0434\u0435'), 0, NULL, FALSE),
(20, STRINGDECODE('\u041f\u0440\u0438\u0441\u043e\u0435\u0434\u0438\u043d\u0438\u0442\u044c\u0441\u044f \u043a \u0430\u043a\u0446\u0438\u0438'), 7, NULL, FALSE),
(21, STRINGDECODE('\u041c\u043e\u0438 \u0437\u0430\u0434\u0430\u043d\u0438\u044f'), 0, NULL, FALSE),
(22, STRINGDECODE('\u0420\u0435\u0434\u0430\u043a\u0442\u0438\u0440\u043e\u0432\u0430\u0442\u044c \u043f\u0440\u043e\u0444\u0438\u043b\u044c'), 0, NULL, FALSE),
(23, STRINGDECODE('\u041d\u0435\u0432\u044b\u043f\u043e\u043b\u043d\u0435\u043d\u043d\u044b\u0435 \u0437\u0430\u0434\u0430\u043d\u0438\u044f'), 0, NULL, FALSE),
(24, STRINGDECODE('\u0412\u044b\u043f\u043e\u043b\u043d\u0435\u043d\u043d\u044b\u0435 \u0437\u0430\u0434\u0430\u043d\u0438\u044f'), 0, NULL, FALSE),
(25, STRINGDECODE('\u0412\u044b\u043f\u043e\u043b\u043d\u0435\u043d\u043e'), 0, NULL, FALSE),
(26, STRINGDECODE('\u0414\u043e\u0431\u0430\u0432\u0438\u0442\u044c \u043e\u0442\u0447\u0435\u0442'), 0, NULL, FALSE),
(30, STRINGDECODE('\u041d\u043e\u0432\u0430\u044f \u0430\u043a\u0446\u0438\u044f'), 5, NULL, FALSE),
(31, STRINGDECODE('\u041d\u043e\u0432\u0430\u044f \u0440\u0430\u0441\u0441\u044b\u043b\u043a\u0430'), 9, NULL, FALSE),
(32, STRINGDECODE('\u0410\u043a\u0446\u0438\u0438'), 10, NULL, FALSE),
(33, STRINGDECODE('\u0420\u0435\u0434\u0430\u043a\u0442\u0438\u0440\u043e\u0432\u0430\u0442\u044c \u043e\u043f\u0438\u0441\u0430\u043d\u0438\u0435'), 11, NULL, FALSE),
(34, STRINGDECODE('\u0423\u043f\u0440\u0430\u0432\u043b\u0435\u043d\u0438\u0435 \u0430\u0434\u043c\u0438\u043d\u0430\u043c\u0438'), 0, NULL, FALSE),
(40, STRINGDECODE('\u0414\u043e\u0431\u0430\u0432\u0438\u0442\u044c \u043d\u043e\u0432\u043e\u0435 \u0437\u0430\u0434\u0430\u043d\u0438\u0435'), 0, NULL, FALSE),
(41, STRINGDECODE('\u0414\u043e\u0431\u0430\u0432\u0438\u0442\u044c \u0434\u0430\u0442\u0443'), 0, NULL, FALSE),
(42, STRINGDECODE('\u0413\u043e\u0442\u043e\u0432\u043e'), 0, NULL, FALSE),
(43, STRINGDECODE('\u0425\u043e\u0447\u0443 \u0443\u0447\u0430\u0441\u0442\u0432\u043e\u0432\u0430\u0442\u044c \u0432 \u0430\u043a\u0446\u0438\u0438'), 7, NULL, FALSE),
(44, 'Facebook', 0, 'http://vk.com', FALSE),
(45, 'Instagram', 0, 'http://instagram.com/LisiiOgr', FALSE),
(46, 'Telegram', 0, 'http://t.me/', FALSE),
(47, STRINGDECODE('\u0414\u043b\u044f \u0432\u0441\u0435\u0445 \u0432\u043e\u043b\u043e\u043d\u0442\u0435\u0440\u043e\u0432'), 0, NULL, FALSE),
(48, STRINGDECODE('\u0414\u043b\u044f \u0432\u043e\u043b\u043e\u043d\u0442\u0435\u0440\u043e\u0432 \u0430\u043a\u0446\u0438\u0438'), 0, NULL, FALSE),
(50, STRINGDECODE('\u0417\u0430\u043a\u043e\u043d\u0447\u0435\u043d\u043d\u044b\u0435 \u0430\u043a\u0446\u0438\u0438'), 0, NULL, FALSE);    
INSERT INTO PUBLIC.BUTTON(ID, TEXT, COMMAND_ID, URL, REQUEST_CONTACT) VALUES
(51, STRINGDECODE('\u041d\u0435\u0437\u0430\u043a\u043e\u043d\u0447\u0435\u043d\u043d\u044b\u0435 \u0430\u043a\u0446\u0438\u0438'), 0, NULL, FALSE),
(52, STRINGDECODE('\u0420\u0435\u0434\u0430\u043a\u0442\u0438\u0440\u043e\u0432\u0430\u0442\u044c \u043e\u0442\u0447\u0435\u0442'), 0, NULL, FALSE),
(53, STRINGDECODE('\u041d\u0430\u0447\u0430\u0442\u044c \u0430\u043a\u0446\u0438\u044e'), 0, NULL, FALSE),
(54, STRINGDECODE('\u0417\u0430\u043a\u043e\u043d\u0447\u0438\u0442\u044c \u0430\u043a\u0446\u0438\u044e'), 0, NULL, FALSE); 
CREATE CACHED TABLE PUBLIC.COMMAND(
    ID INT NOT NULL,
    COMMAND_TYPE_ID INT,
    MESSAGE_ID INT
);        
ALTER TABLE PUBLIC.COMMAND ADD CONSTRAINT PUBLIC.CONSTRAINT_6 PRIMARY KEY(ID); 
-- 11 +/- SELECT COUNT(*) FROM PUBLIC.COMMAND; 
INSERT INTO PUBLIC.COMMAND(ID, COMMAND_TYPE_ID, MESSAGE_ID) VALUES
(1, 1, 0),
(2, 2, 0),
(3, 3, 0),
(4, 4, 0),
(5, 5, 0),
(6, 6, 0),
(7, 7, 0),
(8, 8, 0),
(9, 9, 0),
(10, 10, 0),
(11, 11, 0);
CREATE CACHED TABLE PUBLIC.KEYBOARD(
    ID INT NOT NULL,
    BUTTON_IDS TEXT,
    INLINE BOOLEAN,
    COMMENT TEXT
);         
ALTER TABLE PUBLIC.KEYBOARD ADD CONSTRAINT PUBLIC.CONSTRAINT_4 PRIMARY KEY(ID);
-- 17 +/- SELECT COUNT(*) FROM PUBLIC.KEYBOARD;
INSERT INTO PUBLIC.KEYBOARD(ID, BUTTON_IDS, INLINE, COMMENT) VALUES
(1, '3', FALSE, 'Sign up'),
(2, '11,12', TRUE, 'man or woman'),
(3, '15,16;17;18,19', FALSE, 'Main menu'),
(4, '20,21;10', FALSE, 'personal area'),
(5, '23,24;10', FALSE, 'choose task type'),
(6, '25,26;10', FALSE, 'Task menu'),
(7, '30,31;32;33,34', FALSE, 'Admin menu'),
(8, '40,41,42', TRUE, 'add task to stock'),
(9, '43', TRUE, 'Join to stock'),
(10, '10', FALSE, 'Back'),
(11, '26;10', FALSE, 'Task menu'),
(12, '44,45,46', TRUE, 'news keyboard'),
(13, '47,48', TRUE, 'choose for whom'),
(14, '50,51', FALSE, 'choose stock type'),
(15, '52,10', FALSE, 'Done stock menu'),
(16, '53,54;10', FALSE, 'Undone stock menu'),
(17, '15,16;18,19', FALSE, 'Edit description');            
CREATE CACHED TABLE PUBLIC.ABOUT(
    ID INT NOT NULL,
    TEXT TEXT NOT NULL,
    PHOTO TEXT
);               
-- 0 +/- SELECT COUNT(*) FROM PUBLIC.ABOUT;    
CREATE CACHED TABLE PUBLIC.NEWS(
    ID INT DEFAULT (NEXT VALUE FOR PUBLIC.SYSTEM_SEQUENCE_80B2E35D_DD11_4B44_86BE_160B5DB5AF2B) NOT NULL NULL_TO_DEFAULT SEQUENCE PUBLIC.SYSTEM_SEQUENCE_80B2E35D_DD11_4B44_86BE_160B5DB5AF2B,
    TITLE TEXT NOT NULL,
    TEXT TEXT NOT NULL,
    DATE TEXT NOT NULL,
    PHOTO TEXT,
    SHOW BOOLEAN DEFAULT TRUE
);      
-- 1 +/- SELECT COUNT(*) FROM PUBLIC.NEWS;     
INSERT INTO PUBLIC.NEWS(ID, TITLE, TEXT, DATE, PHOTO, SHOW) VALUES
(7, STRINGDECODE('\u0418\u043d\u0442\u0435\u043b\u043b\u0435\u043a\u0442\u0443\u0430\u043b\u044c\u043d\u0430\u044f \u0438\u0433\u0440\u0430'), STRINGDECODE('22 \u0430\u043f\u0440\u0435\u043b\u044f 2017 \u0433\u043e\u0434\u0430 \u0432\u043e\u043b\u043e\u043d\u0442\u0451\u0440\u044b \u041c\u0411\u041e \"\u0410\u049b\u043d\u0438\u0435\u0442\" \u0441\u043e\u0432\u043c\u0435\u0441\u0442\u043d\u043e \u0441 \u0430\u043a\u0442\u0438\u0432\u0438\u0441\u0442\u0430\u043c\u0438 \u0426\u0435\u043d\u0442\u0440\u0430 \u043e\u0431\u0440\u0430\u0437\u043e\u0432\u0430\u0442\u0435\u043b\u044c\u043d\u044b\u0445 \u043f\u0440\u043e\u0435\u043a\u0442\u043e\u0432 \u0410\u0421\u041e \u041a\u0430\u0440\u0413\u0422\u0423 \"\u0416\u0430\u0441 \u041e\u0440\u0434\u0430\" \u043f\u0440\u043e\u0432\u0435\u043b\u0438 \u0434\u043b\u044f \u0434\u0435\u0442\u0435\u0439 \u0438\u0437 \u0434\u0435\u0442\u0441\u043a\u0438\u0445 \u0434\u043e\u043c\u043e\u0432 \u0438\u043d\u0442\u0435\u043b\u043b\u0435\u043a\u0442\u0443\u0430\u043b\u044c\u043d\u0443\u044e \u0438\u0433\u0440\u0443 \"\u041f\u043e\u043f\u0440\u043e\u0431\u0443\u0439 \u0443\u0433\u0430\u0434\u0430\u0439!\".\ud83d\ude47\ud83c\udffb\n\u0423\u0447\u0430\u0441\u0442\u043d\u0438\u043a\u0430\u043c\u0438 \u0434\u0430\u043d\u043d\u043e\u0439 \u0438\u0433\u0440\u044b \u0431\u044b\u043b\u0438 \u043a\u043e\u043c\u0430\u043d\u0434\u0430 \"\u0423\u043c\u043d\u0438\u043a\u0438\" \u0438\u0437 \u0434\u0435\u0442\u0441\u043a\u043e\u0433\u043e \u0434\u043e\u043c\u0430 \"\u0422\u0430\u04a3\u0448\u043e\u043b\u043f\u0430\u043d\" \u0438 \u043a\u043e\u043c\u0430\u043d\u0434\u0430 \"\u0411\u0430\u0440\u044b\u0441\" \u0438\u0437 \u0434\u0435\u0442\u0441\u043a\u043e\u0433\u043e \u0434\u043e\u043c\u0430 \"\u049a\u04b1\u043b\u044b\u043d\u0448\u0430\u049b\".\ud83c\udfe9\n\u0418\u0433\u0440\u0430 \u0441\u043e\u0441\u0442\u043e\u044f\u043b\u0430 \u0438\u0437 \u0442\u0440\u0451x \u044d\u0442\u0430\u043f\u043e\u0432, \u0433\u0434\u0435 \u043a\u0430\u0436\u0434\u043e\u0439 \u043a\u043e\u043c\u0430\u043d\u0434\u0435 \u043d\u0443\u0436\u043d\u043e \u0431\u044b\u043b\u043e \u043e\u0442\u0432\u0435\u0442\u0438\u0442\u044c \u043d\u0430 \u0432\u043e\u043f\u0440\u043e\u0441\u044b, \u0443\u0433\u0430\u0434\u0430\u0442\u044c \u043c\u0443\u043b\u044c\u0442\u0444\u0438\u043b\u044c\u043c\u044b \u0438 \u0432\u044b\u043f\u043e\u043b\u043d\u0438\u0442\u044c \u0442\u0432\u043e\u0440\u0447\u0435\u0441\u043a\u043e\u0435 \u0437\u0430\u0434\u0430\u043d\u0438\u0435.\u270d\ud83c\udffb\n\u041f\u043e \u0438\u0442\u043e\u0433\u0430\u043c \u0438\u0433\u0440\u044b \u043a\u043e\u043c\u0430\u043d\u0434\u044b \u043f\u043e\u043b\u0443\u0447\u0438\u043b\u0438 \u0446\u0435\u043d\u043d\u044b\u0435 \u043f\u0440\u0438\u0437\u044b.\ud83c\udfc6\n\u0414\u0435\u0442\u0438 \u0438 \u0433\u043e\u0441\u0442\u0438 \u043e\u0441\u0442\u0430\u043b\u0438\u0441\u044c \u043f\u043e\u0434 \u043f\u0440\u0438\u044f\u0442\u043d\u044b\u043c \u0432\u043f\u0435\u0447\u0430\u0442\u043b\u0435\u043d\u0438\u0435\u043c.\ud83e\udd17'), '08.06', 'AgADAgADGKgxG9JgyEnOfCF5OGli1rBZtw0ABML4IWVv6YhHIjoEAAEC;AgADAgADGagxG9JgyEnoOTQsEr1UQDVMtw0ABO7Oqnitk1K9TjkEAAEC;AgADAgADHagxG9JgyElDC9g2IIEHEwZatw0ABK6tVihA9TTPDz4EAAEC;', TRUE);        
CREATE CACHED TABLE PUBLIC.TYPE_OF_WORK(
    ID INT DEFAULT (NEXT VALUE FOR PUBLIC.SYSTEM_SEQUENCE_B0F0E7DA_72BD_4771_9CE5_01662CA4AC90) NOT NULL NULL_TO_DEFAULT SEQUENCE PUBLIC.SYSTEM_SEQUENCE_B0F0E7DA_72BD_4771_9CE5_01662CA4AC90,
    STOCK_ID INT,
    NAME TEXT,
    USER_ID INT
);    
-- 4 +/- SELECT COUNT(*) FROM PUBLIC.TYPE_OF_WORK;             
INSERT INTO PUBLIC.TYPE_OF_WORK(ID, STOCK_ID, NAME, USER_ID) VALUES
(49, 41, STRINGDECODE('\u0420\u0430\u0431\u043e\u0442\u0430 1'), NULL),
(50, 41, STRINGDECODE('\u0420\u0430\u0431\u043e\u0442\u0430 2'), NULL),
(51, 42, STRINGDECODE('\u0420\u0430\u0431\u043e\u0442\u0430 2.1'), NULL),
(52, 42, STRINGDECODE('\u0420\u0430\u0431\u043e\u0442\u0430 2.2'), NULL);        
CREATE CACHED TABLE PUBLIC.REPORT(
    ID INT DEFAULT (NEXT VALUE FOR PUBLIC.SYSTEM_SEQUENCE_4DC0278E_3498_45AA_95F2_9FD33A0AD873) NOT NULL NULL_TO_DEFAULT SEQUENCE PUBLIC.SYSTEM_SEQUENCE_4DC0278E_3498_45AA_95F2_9FD33A0AD873,
    PARTICIPANT_ID INT,
    TEXT TEXT,
    LOCATION TEXT,
    PHOTO TEXT
);  
-- 2 +/- SELECT COUNT(*) FROM PUBLIC.REPORT;   
INSERT INTO PUBLIC.REPORT(ID, PARTICIPANT_ID, TEXT, LOCATION, PHOTO) VALUES
(1, 1, STRINGDECODE('\u041e\u0442\u0447\u0435\u0442 1'), NULL, NULL),
(33, 0, STRINGDECODE('\u041e\u0442\u0447\u0435\u0442 1'), NULL, NULL);       
CREATE CACHED TABLE PUBLIC.DATES(
    ID INT DEFAULT (NEXT VALUE FOR PUBLIC.SYSTEM_SEQUENCE_14E438B1_012E_41EB_82FD_B81521F40C9B) NOT NULL NULL_TO_DEFAULT SEQUENCE PUBLIC.SYSTEM_SEQUENCE_14E438B1_012E_41EB_82FD_B81521F40C9B,
    TYPE_OF_WORK_ID INT,
    DATE TEXT
);     
-- 6 +/- SELECT COUNT(*) FROM PUBLIC.DATES;    
INSERT INTO PUBLIC.DATES(ID, TYPE_OF_WORK_ID, DATE) VALUES
(58, 49, '06.07'),
(59, 50, '07.07'),
(60, 50, '03.07'),
(61, 51, '06.07'),
(62, 51, '07.07'),
(63, 52, '06.07');   
