;              
CREATE USER IF NOT EXISTS USER SALT '887232d069cef144' HASH '48e4c6366cef99fb4e14856c18f5f0208d3c4a2fdfebdf14248dcd6c14214da2' ADMIN;          
CREATE USER IF NOT EXISTS SA SALT '47e332146f3f8c93' HASH 'dd362ca86848561b418c3e51cff719925c9924f60bc8d464074fd0e296a180b4' ADMIN;            
CREATE SEQUENCE PUBLIC.SYSTEM_SEQUENCE_B73E50AC_EAB2_41DD_B7B6_FD875CBE7A18 START WITH 65 BELONGS_TO_TABLE;    
CREATE SEQUENCE PUBLIC.SYSTEM_SEQUENCE_8B856B3E_3A5B_4310_A36D_E523A74E75DF START WITH 5 BELONGS_TO_TABLE;
CREATE SEQUENCE PUBLIC.SYSTEM_SEQUENCE_ED1E2B59_BC22_4678_8842_74D5E3A638B4 START WITH 2261 BELONGS_TO_TABLE;
CREATE SEQUENCE PUBLIC.SYSTEM_SEQUENCE_AE29084E_DB11_4EAB_BC31_46E099B9D021 START WITH 2 BELONGS_TO_TABLE;
CREATE SEQUENCE PUBLIC.SYSTEM_SEQUENCE_CAA373AC_8CD6_465B_9E65_277A7F18B915 START WITH 68 BELONGS_TO_TABLE;
CREATE SEQUENCE PUBLIC.SYSTEM_SEQUENCE_4DC0278E_3498_45AA_95F2_9FD33A0AD873 START WITH 66 BELONGS_TO_TABLE;
CREATE SEQUENCE PUBLIC.SYSTEM_SEQUENCE_59D277BC_F30F_4E65_8858_B9102BF39191 START WITH 132 BELONGS_TO_TABLE;
CREATE SEQUENCE PUBLIC.SYSTEM_SEQUENCE_BB0B9982_D725_4149_BAEB_B2AC571A334D START WITH 67 BELONGS_TO_TABLE;
CREATE SEQUENCE PUBLIC.SYSTEM_SEQUENCE_57F40813_8FF7_4177_8219_C3252CC204FC START WITH 74 BELONGS_TO_TABLE;
CREATE SEQUENCE PUBLIC.SYSTEM_SEQUENCE_14E438B1_012E_41EB_82FD_B81521F40C9B START WITH 75 BELONGS_TO_TABLE;
CREATE SEQUENCE PUBLIC.SYSTEM_SEQUENCE_EEDB880B_D82A_4C9E_B2D2_EDCA6F409462 START WITH 66 BELONGS_TO_TABLE;
CREATE SEQUENCE PUBLIC.SYSTEM_SEQUENCE_EDEB0ADB_3272_44BE_B5FB_D1F8A8B5D2C6 START WITH 65 BELONGS_TO_TABLE;
CREATE SEQUENCE PUBLIC.SYSTEM_SEQUENCE_B4702A03_183D_4D90_8B45_591BB62B42D0 START WITH 100 BELONGS_TO_TABLE;
CREATE SEQUENCE PUBLIC.SYSTEM_SEQUENCE_342916C7_DD52_4664_A2EF_8F2919812BCF START WITH 9 BELONGS_TO_TABLE;
CREATE SEQUENCE PUBLIC.SYSTEM_SEQUENCE_80B2E35D_DD11_4B44_86BE_160B5DB5AF2B START WITH 8 BELONGS_TO_TABLE;
CREATE SEQUENCE PUBLIC.SYSTEM_SEQUENCE_799DBAA1_7E85_4B40_9C90_7F6BBF19501F START WITH 6 BELONGS_TO_TABLE;
CREATE SEQUENCE PUBLIC.SYSTEM_SEQUENCE_B0F0E7DA_72BD_4771_9CE5_01662CA4AC90 START WITH 71 BELONGS_TO_TABLE;
CREATE SEQUENCE PUBLIC.SYSTEM_SEQUENCE_25A14686_6EEB_4FF8_9120_A9A2EB7E7F6C START WITH 1 BELONGS_TO_TABLE;
CREATE CACHED TABLE PUBLIC.STOCK(
    ID INT DEFAULT (NEXT VALUE FOR PUBLIC.SYSTEM_SEQUENCE_CAA373AC_8CD6_465B_9E65_277A7F18B915) NOT NULL NULL_TO_DEFAULT SEQUENCE PUBLIC.SYSTEM_SEQUENCE_CAA373AC_8CD6_465B_9E65_277A7F18B915,
    TITLE TEXT,
    TITLE_FOR_ADMIN TEXT,
    DESCRIPTION TEXT,
    REPORT TEXT,
    STATUS INT DEFAULT 0
);
-- 2 +/- SELECT COUNT(*) FROM PUBLIC.STOCK;
INSERT INTO PUBLIC.STOCK(ID, TITLE, TITLE_FOR_ADMIN, DESCRIPTION, REPORT, STATUS) VALUES
(42, STRINGDECODE('\u041d\u0430\u0437\u0432\u0430\u043d\u0438\u0435'), STRINGDECODE('\u041d\u0430\u0437\u0432\u0430\u043d\u0438\u0435 \u0434\u043b\u044f \u0430\u0434\u043c\u0438\u043d\u0430'), STRINGDECODE('\u041e\u043f\u0438\u0441\u0430\u043d\u0438\u0435'), 'asdasdasd', 0),
(41, STRINGDECODE('\u041d\u0430\u0437\u0432\u0430\u043d\u0438\u0435'), STRINGDECODE('\u041d\u0430\u0437\u0432\u0430\u043d\u0438\u0435 \u0434\u043b\u044f \u0430\u0434\u043c\u0438\u043d\u043e\u0432'), STRINGDECODE('\u041e\u043f\u0438\u0441\u0430\u043d\u0438\u0435'), '56', 4);
CREATE CACHED TABLE PUBLIC.USER(
    ID INT DEFAULT (NEXT VALUE FOR PUBLIC.SYSTEM_SEQUENCE_B4702A03_183D_4D90_8B45_591BB62B42D0) NOT NULL NULL_TO_DEFAULT SEQUENCE PUBLIC.SYSTEM_SEQUENCE_B4702A03_183D_4D90_8B45_591BB62B42D0,
    CHAT_ID INT NOT NULL,
    NAME TEXT NOT NULL,
    PHONE_NUMBER TEXT NOT NULL,
    CITY TEXT NOT NULL,
    SEX BOOLEAN NOT NULL,
    BIRTHDAY TEXT NOT NULL,
    RULES INT DEFAULT 1
);
ALTER TABLE PUBLIC.USER ADD CONSTRAINT PUBLIC.CONSTRAINT_2 PRIMARY KEY(ID);
-- 3 +/- SELECT COUNT(*) FROM PUBLIC.USER;
INSERT INTO PUBLIC.USER(ID, CHAT_ID, NAME, PHONE_NUMBER, CITY, SEX, BIRTHDAY, RULES) VALUES
(35, 338849363, STRINGDECODE('\u0414\u0430\u043d\u0438\u044f\u0440'), '87057024808', STRINGDECODE('\u041a\u0430\u0440\u0430\u0433\u0430\u043d\u0434\u0430'), TRUE, '13,02,1997', 1),
(67, 308095250, STRINGDECODE('\u0422\u0430\u0441\u0431\u0435\u0440\u0433\u0435\u043d \u0414\u0430\u0443\u0440\u0435\u043d \u041d\u0443\u0440\u0433\u0430\u043b\u0438\u0435\u0432\u0438\u0447'), '77075705750', STRINGDECODE('\u0410\u0441\u0442\u0430\u043d\u0430'), TRUE, '18.07.1995', 2),
(99, 43394658, STRINGDECODE('\u0422\u0443\u0441\u0443\u043f\u0431\u0435\u043a\u043e\u0432 \u0414\u0430\u043d\u0438\u044f\u0440'), '77011222339', STRINGDECODE('\u041a\u0430\u0440\u0430\u0433\u0430\u043d\u0434\u0430'), TRUE, '13.02.1997', 3);
CREATE CACHED TABLE PUBLIC.PARTICIPANTS_OF_STOCK(
    ID INT DEFAULT (NEXT VALUE FOR PUBLIC.SYSTEM_SEQUENCE_59D277BC_F30F_4E65_8858_B9102BF39191) NOT NULL NULL_TO_DEFAULT SEQUENCE PUBLIC.SYSTEM_SEQUENCE_59D277BC_F30F_4E65_8858_B9102BF39191,
    TYPE_OF_WORK_ID INT,
    USER_ID INT,
    DATES_ID INT,
    FINISHED BOOLEAN DEFAULT FALSE
);
-- 11 +/- SELECT COUNT(*) FROM PUBLIC.PARTICIPANTS_OF_STOCK;
INSERT INTO PUBLIC.PARTICIPANTS_OF_STOCK(ID, TYPE_OF_WORK_ID, USER_ID, DATES_ID, FINISHED) VALUES
(1, 51, 43394658, 61, TRUE),
(33, 51, 43394658, 62, FALSE),
(34, 52, 43394658, 63, FALSE),
(35, 51, 43394658, 62, FALSE),
(36, 52, 43394658, 63, FALSE),
(39, 49, 43394658, 58, TRUE),
(38, 52, 43394658, 63, TRUE),
(37, 52, 43394658, 63, TRUE),
(68, 50, 43394658, 60, FALSE),
(69, 51, 338849363, 61, FALSE),
(100, 52, 338849363, 63, FALSE);
CREATE CACHED TABLE PUBLIC.MESSAGE(
    ID INT NOT NULL,
    TEXT TEXT,
    PHOTO TEXT,
    KEYBOARD_ID INT
);
ALTER TABLE PUBLIC.MESSAGE ADD CONSTRAINT PUBLIC.CONSTRAINT_63 PRIMARY KEY(ID);
-- 74 +/- SELECT COUNT(*) FROM PUBLIC.MESSAGE;
INSERT INTO PUBLIC.MESSAGE(ID, TEXT, PHOTO, KEYBOARD_ID) VALUES
(1, STRINGDECODE('\u0427\u0442\u043e\u0431\u044b \u043f\u0440\u043e\u0434\u043e\u043b\u0436\u0438\u0442\u044c \u043d\u0443\u0436\u043d\u043e \u0437\u0430\u0440\u0435\u0433\u0438\u0441\u0442\u0440\u0438\u0440\u043e\u0432\u0430\u0442\u044c\u0441\u044f'), NULL, 1),
(10, STRINGDECODE('\u0412\u044b\u0431\u0435\u0440\u0438\u0442\u0435 \u043f\u043e\u043b'), NULL, 2),
(11, STRINGDECODE('\u0412\u0432\u0435\u0434\u0438\u0442\u0435 \u0432\u0430\u0448\u0435 \u0424\u0418\u041e'), NULL, 10),
(12, STRINGDECODE('\u0412\u0432\u0435\u0434\u0438\u0442\u0435 \u0432\u0430\u0448\u0443 \u0434\u0430\u0442\u0443 \u0440\u043e\u0436\u0434\u0435\u043d\u0438\u044f'), NULL, 10),
(13, STRINGDECODE('\u0412\u0432\u0435\u0434\u0438\u0442\u0435 \u0441\u0432\u043e\u0439 \u0433\u043e\u0440\u043e\u0434'), NULL, 10),
(15, STRINGDECODE('\u0413\u043e\u0442\u043e\u0432\u043e! \u0427\u0442\u043e\u0431\u044b \u0432\u043e\u0439\u0442\u0438 \u0432 \u0433\u043b\u0430\u0432\u043d\u043e\u0435 \u043c\u0435\u043d\u044e, \u043d\u0430\u043f\u0438\u0448\u0438\u0442\u0435 /start'), NULL, 0),
(2, STRINGDECODE('\u0413\u043b\u0430\u0432\u043d\u043e\u0435 \u043c\u0435\u043d\u044e'), NULL, 3),
(20, STRINGDECODE('\u041b\u0438\u0447\u043d\u044b\u0439 \u043a\u0430\u0431\u0438\u043d\u0435\u0442'), NULL, 4),
(21, STRINGDECODE('\u0417\u0430\u0434\u0430\u043d\u0438\u0438 \u043d\u0435\u0442'), NULL, 0),
(22, STRINGDECODE('\u0412\u044b\u0431\u0435\u0440\u0438\u0442\u0435 \u0437\u0430\u0434\u0430\u043d\u0438\u044f'), NULL, 5),
(23, STRINGDECODE('\u041d\u0430\u043f\u0438\u0448\u0438\u0442\u0435 \u043e\u0442\u0447\u0435\u0442'), NULL, 10),
(7, STRINGDECODE('\u041c\u0435\u043d\u044e \u0430\u0434\u043c\u0438\u043d\u0430'), NULL, 7),
(24, STRINGDECODE('\u041d\u043e\u0432\u0430\u044f \u0430\u043a\u0446\u0438\u044f'), NULL, 9),
(30, STRINGDECODE('\u0412\u0432\u0435\u0434\u0438\u0442\u0435 \u043d\u0430\u0437\u0432\u0430\u043d\u0438\u0435 \u0430\u043a\u0446\u0438\u0438'), NULL, 0),
(31, STRINGDECODE('\u0412\u0432\u0435\u0434\u0438\u0442\u0435 \u043d\u0430\u0437\u0432\u0430\u043d\u0438\u0435 \u0430\u043a\u0446\u0438\u0438 \u0434\u043b\u044f \u0430\u0434\u043c\u0438\u043d\u0430'), NULL, 0),
(32, STRINGDECODE('\u0412\u0432\u0435\u0434\u0438\u0442\u0435 \u043e\u043f\u0438\u0441\u0430\u043d\u0438\u0435'), NULL, 0),
(33, STRINGDECODE('\u0412\u0432\u0435\u0434\u0438\u0442\u0435 \u0432\u0438\u0434 \u0440\u0430\u0431\u043e\u0442\u044b'), NULL, 0),
(35, STRINGDECODE('\u0412\u044b\u0431\u0435\u0440\u0438\u0442\u0435 \u043a\u043e\u043c\u0430\u043d\u0434\u0443'), NULL, 8),
(34, STRINGDECODE('\u0412\u0432\u0435\u0434\u0438\u0442\u0435 \u0434\u0430\u0442\u0443'), NULL, 0),
(39, STRINGDECODE('\u0413\u043e\u0442\u043e\u0432\u043e!'), NULL, 7),
(36, STRINGDECODE('\u0417\u0430\u0433\u0440\u0443\u0436\u0430\u044e...'), NULL, 0),
(37, STRINGDECODE('\u0412\u044b\u0431\u0435\u0440\u0438\u0442\u0435 \u0430\u043a\u0446\u0438\u044e'), NULL, 0),
(38, STRINGDECODE('\u0412\u044b\u0431\u0435\u0440\u0438\u0442\u0435 \u0434\u0430\u0442\u0443'), NULL, 0),
(40, STRINGDECODE('\u0413\u043e\u0442\u043e\u0432\u043e'), NULL, 0),
(41, STRINGDECODE('\u0412\u044b\u0431\u0435\u0440\u0438\u0442\u0435 \u0437\u0430\u0434\u0430\u043d\u0438\u0435'), NULL, 0),
(3, STRINGDECODE('\u0421\u043b\u0435\u0434\u0438\u0442\u0435 \u0437\u0430 \u043d\u0430\u0448\u0438\u043c\u0438 \u043d\u043e\u0432\u043e\u0441\u0442\u044f\u043c\u0438 \u0432 \u0441\u043e\u0446\u0438\u0430\u043b\u044c\u043d\u044b\u0445 \u0441\u0435\u0442\u044f\u0445!'), NULL, 12),
(42, STRINGDECODE('\u0414\u043b\u044f \u043a\u043e\u0433\u043e \u0440\u0430\u0441\u0441\u044b\u043b\u043a\u0430'), NULL, 13),
(43, STRINGDECODE('\u0420\u0430\u0441\u0441\u044b\u043b\u043a\u0430 \u043e\u0442 \u0430\u0434\u043c\u0438\u043d\u0430'), NULL, 0),
(44, STRINGDECODE('\u0412\u0432\u0435\u0434\u0438\u0442\u0435 \u0441\u043e\u043e\u0431\u0449\u0435\u043d\u0438\u0435'), NULL, 0),
(45, STRINGDECODE('\u041d\u0435\u0442 \u0434\u0435\u0439\u0441\u0442\u0432\u0443\u044e\u0449\u0438\u0445 \u0430\u043a\u0446\u0438\u0438'), NULL, 0),
(46, STRINGDECODE('\u0412\u044b\u0431\u0435\u0440\u0438\u0442\u0435 \u0430\u043a\u0446\u0438\u044e'), NULL, 0);
INSERT INTO PUBLIC.MESSAGE(ID, TEXT, PHOTO, KEYBOARD_ID) VALUES
(47, STRINGDECODE('\u0410\u043a\u0446\u0438\u044f'), NULL, 0),
(48, STRINGDECODE('\u0412\u044b\u0431\u0435\u0440\u0438\u0442\u0435 \u0440\u0430\u0431\u043e\u0442\u0443'), NULL, 0),
(50, STRINGDECODE('\u041d\u0430\u0447\u0438\u043d\u0430\u044e \u0440\u0430\u0441\u0441\u044b\u043b\u043a\u0443...'), NULL, 0),
(51, STRINGDECODE('\u0420\u0430\u0441\u0441\u044b\u043b\u043a\u0430 \u0437\u0430\u043a\u043e\u043d\u0447\u0435\u043d\u0430!'), NULL, 7),
(49, STRINGDECODE('\u041d\u0435\u0442 \u0432\u043e\u043b\u043e\u043d\u0442\u0435\u0440\u043e\u0432, \u0443\u0447\u0430\u0441\u0442\u0432\u0443\u044e\u0449\u0438\u0445 \u0432 \u0434\u0430\u043d\u043d\u043e\u043c \u0437\u0430\u0434\u0430\u043d\u0438\u0438'), NULL, 0),
(52, STRINGDECODE('\u041d\u0435\u0442 \u0432\u043e\u043b\u043e\u043d\u0442\u0435\u0440\u043e\u0432, \u0443\u0447\u0430\u0441\u0442\u0432\u0443\u044e\u0449\u0438\u0445 \u0432 \u0430\u043a\u0446\u0438\u0438'), NULL, 0),
(6, STRINGDECODE('\u041a\u043e\u043c\u0430\u043d\u0434\u0430 \u043d\u0435 \u0440\u0430\u0441\u043f\u043e\u0437\u043d\u0430\u043d\u0430, \u0438\u043b\u0438 \u043d\u0435 \u0443\u0434\u0430\u043b\u043e\u0441\u044c \u043e\u0431\u0440\u0430\u0431\u043e\u0442\u0430\u0442\u044c \u0438\u043d\u0444\u043e\u0440\u043c\u0430\u0446\u0438\u044e'), NULL, 0),
(53, STRINGDECODE('\u041c\u0435\u043d\u044e \u0430\u043a\u0446\u0438\u0438'), NULL, 14),
(54, STRINGDECODE('\u0427\u0442\u043e \u0431\u0443\u0434\u0435\u043c \u0440\u0435\u0434\u0430\u043a\u0442\u0438\u0440\u043e\u0432\u0430\u0442\u044c?'), NULL, 17),
(55, STRINGDECODE('\u0412\u0432\u0435\u0434\u0438\u0442\u0435 \u0442\u0435\u043a\u0441\u0442'), NULL, 0),
(56, STRINGDECODE('\u0412\u0432\u0435\u0434\u0438\u0442\u0435 \u0441\u0441\u044b\u043b\u043a\u0443'), NULL, 0),
(57, STRINGDECODE('\u0412\u044b \u0443\u0436\u0435 \u0443\u0447\u0430\u0441\u0442\u0432\u0443\u0435\u0442\u0435 \u0432 \u0434\u0430\u043d\u043d\u043e\u0439 \u0440\u0430\u0431\u043e\u0442\u0435'), NULL, 0),
(58, STRINGDECODE('\u0410\u043a\u0446\u0438\u044f \u043d\u0430\u0447\u0430\u043b\u0430\u0441\u044c!'), NULL, 18),
(59, STRINGDECODE('\u0412\u044b \u043d\u0430 \u043c\u0430\u0448\u0438\u043d\u0435?'), NULL, 19),
(60, STRINGDECODE('\u0412\u0432\u0435\u0434\u0438\u0442\u0435 \u043d\u043e\u043c\u0435\u0440 \u0438 \u043c\u0430\u0440\u043a\u0443 \u043c\u0430\u0448\u0438\u043d\u044b'), NULL, 0),
(61, STRINGDECODE('\u041e\u0436\u0438\u0434\u0430\u0439\u0442\u0435...'), NULL, 0),
(63, STRINGDECODE('\u0412\u044b\u0431\u0435\u0440\u0438\u0442\u0435 \u043c\u0430\u0448\u0438\u043d\u0443'), NULL, 21),
(64, STRINGDECODE('\u0421\u043f\u0438\u0441\u043a\u0438 \u0441\u0435\u043c\u0435\u0439'), NULL, 22),
(65, STRINGDECODE('\u0421\u043a\u043e\u043b\u044c\u043a\u043e \u0441\u0435\u043c\u0435\u0439 \u0432\u044b \u0445\u043e\u0442\u0438\u0442\u0435?'), NULL, 0),
(62, STRINGDECODE('\u0420\u0430\u0437\u0434\u0430\u0442\u044c \u0441\u043f\u0438\u0441\u043e\u043a \u043c\u0430\u0448\u0438\u043d?'), NULL, 20),
(66, STRINGDECODE('\u0420\u0430\u0437\u0434\u0430\u0442\u044c \u0441\u043f\u0438\u0441\u043e\u043a \u0441\u0435\u043c\u0435\u0439?'), NULL, 24),
(67, STRINGDECODE('\u0417\u0430\u0432\u0435\u0440\u0448\u0438\u0442\u044c \u0430\u043a\u0446\u0438\u044e?'), NULL, 25),
(68, STRINGDECODE('\u041a\u0430\u043b\u0435\u043d\u0434\u0430\u0440\u044c \u0441\u043e\u0431\u044b\u0442\u0438\u0439'), NULL, 26),
(69, STRINGDECODE('\u041d\u0435\u0447\u0435\u0433\u043e \u043f\u043e\u043a\u0430\u0437\u044b\u0432\u0430\u0442\u044c'), NULL, 0),
(14, STRINGDECODE('\u0412\u0432\u0435\u0434\u0438\u0442\u0435 \u0441\u0432\u043e\u0439 \u043d\u043e\u043c\u0435\u0440 \u0442\u0435\u043b\u0435\u0444\u043e\u043d\u0430'), NULL, 27),
(70, STRINGDECODE('\u0412\u044b\u0431\u0435\u0440\u0438\u0442\u0435 \u0432\u043e\u043b\u043e\u043d\u0442\u0435\u0440\u043e\u0432'), NULL, 28),
(71, STRINGDECODE('\u0412\u044b\u0431\u0435\u0440\u0438\u0442\u0435 \u0441\u0435\u043c\u044c\u0438'), NULL, 29),
(72, STRINGDECODE('\u0410\u0432\u0442\u043e\u043c\u0430\u0442\u0438\u0447\u0435\u0441\u043a\u0438\u0439 \u0438\u043b\u0438 \u0440\u0443\u0447\u043d\u043e\u0439 \u0440\u0435\u0436\u0438\u043c?'), NULL, 30);
INSERT INTO PUBLIC.MESSAGE(ID, TEXT, PHOTO, KEYBOARD_ID) VALUES
(73, STRINGDECODE('\u0423\u043f\u0440\u0430\u0432\u043b\u0435\u043d\u0438\u0435 \u0430\u0434\u043c\u0438\u043d\u0430\u043c\u0438'), NULL, 31),
(74, STRINGDECODE('\u0412\u044b\u0431\u0435\u0440\u0438\u0442\u0435 \u043f\u043e\u043b\u044c\u0437\u043e\u0432\u0430\u0442\u0435\u043b\u044f'), NULL, 10),
(4, 'asdasd', NULL, 0),
(5, 'qweqweqwe', NULL, 0),
(75, STRINGDECODE('\u041d\u0430\u043f\u0438\u0448\u0438\u0442\u0435 \u043e\u0442\u0447\u0435\u0442'), NULL, 0),
(76, STRINGDECODE('\u041d\u0430\u0447\u0438\u043d\u0430\u0435\u043c \u0430\u043a\u0446\u0438\u044e!'), NULL, 32),
(77, STRINGDECODE('\u0427\u0442\u043e \u0438\u0437\u043c\u0435\u043d\u044f\u0435\u043c?'), NULL, 34),
(78, STRINGDECODE('\u0412\u0432\u0435\u0434\u0438\u0442\u0435 \u043d\u043e\u0432\u0443\u044e \u0438\u043d\u0444\u043e\u0440\u043c\u0430\u0446\u0438\u044e'), NULL, 10),
(79, STRINGDECODE('\u041e\u043f\u0438\u0441\u0430\u043d\u0438\u0435'), NULL, 0),
(80, STRINGDECODE('\u0410\u043a\u0446\u0438\u044f \u0437\u0430\u0432\u0435\u0440\u0448\u0435\u043d\u0430'), NULL, 0),
(81, STRINGDECODE('\u0412\u0430\u043c \u043f\u043e\u043d\u0440\u0430\u0432\u0438\u043b\u0430\u0441\u044c \u0430\u043a\u0446\u0438\u044f?'), NULL, 35),
(82, STRINGDECODE('\u0412\u0430\u0448\u0438 \u043f\u043e\u0436\u0435\u043b\u0430\u043d\u0438\u044f'), NULL, 36),
(83, STRINGDECODE('\u0421\u043f\u0430\u0441\u0438\u0431\u043e \u0437\u0430 \u0432\u0430\u0448 \u043e\u0442\u0437\u044b\u0432!'), NULL, 0),
(85, STRINGDECODE('\u0420\u0435\u0439\u0442\u0438\u043d\u0433: '), NULL, 0),
(84, STRINGDECODE('\u041d\u0435\u0442 \u0440\u0435\u0437\u0443\u043b\u044c\u0442\u0430\u0442\u043e\u0432'), NULL, 0);
CREATE CACHED TABLE PUBLIC.GROUPS(
    ID INT DEFAULT (NEXT VALUE FOR PUBLIC.SYSTEM_SEQUENCE_AE29084E_DB11_4EAB_BC31_46E099B9D021) NOT NULL NULL_TO_DEFAULT SEQUENCE PUBLIC.SYSTEM_SEQUENCE_AE29084E_DB11_4EAB_BC31_46E099B9D021,
    GROUP_ID INT NOT NULL,
    GROUP_LINK TEXT NOT NULL,
    NAME TEXT
);
-- 2 +/- SELECT COUNT(*) FROM PUBLIC.GROUPS;
INSERT INTO PUBLIC.GROUPS(ID, GROUP_ID, GROUP_LINK, NAME) VALUES
(1, -180777328, 'https://t.me/joinchat/AAAAAArGcXCx9NlWdIhvvw', 'Ardaiym Group'),
(1, -180777328, 'https://t.me/joinchat/AAAAAArGcXCx9NlWdIhvvw', 'Ardaiym Group');
CREATE CACHED TABLE PUBLIC.BUTTON(
    ID INT NOT NULL,
    TEXT TEXT,
    COMMAND_ID INT,
    URL TEXT,
    REQUEST_CONTACT BOOLEAN
);
ALTER TABLE PUBLIC.BUTTON ADD CONSTRAINT PUBLIC.CONSTRAINT_7 PRIMARY KEY(ID);
-- 71 +/- SELECT COUNT(*) FROM PUBLIC.BUTTON;
INSERT INTO PUBLIC.BUTTON(ID, TEXT, COMMAND_ID, URL, REQUEST_CONTACT) VALUES
(1, '/start', 1, NULL, FALSE),
(2, '/admin', 6, NULL, FALSE),
(3, STRINGDECODE('\u0417\u0430\u0440\u0435\u0433\u0438\u0441\u0442\u0440\u0438\u0440\u043e\u0432\u0430\u0442\u044c\u0441\u044f'), 2, NULL, FALSE),
(7, STRINGDECODE('\u041e\u0442\u043f\u0440\u0430\u0432\u0438\u0442\u044c \u043a\u043e\u043d\u0442\u0430\u043a\u0442'), 0, NULL, TRUE),
(10, STRINGDECODE('\u21a9\ufe0f \u041d\u0430\u0437\u0430\u0434'), 0, NULL, FALSE),
(11, STRINGDECODE('\u041c\u0443\u0436\u0447\u0438\u043d\u0430'), 0, NULL, FALSE),
(12, STRINGDECODE('\u0416\u0435\u043d\u0449\u0438\u043d\u0430'), 0, NULL, FALSE),
(13, STRINGDECODE('\u0412\u0432\u0435\u0434\u0438\u0442\u0435 \u0432\u0430\u0448 \u0433\u043e\u0440\u043e\u0434'), 0, NULL, FALSE),
(14, STRINGDECODE('\u0413\u043e\u0442\u043e\u0432\u043e! \u0427\u0442\u043e\u0431\u044b \u0432\u043e\u0439\u0442\u0438 \u0432 \u0433\u043b\u0430\u0432\u043d\u043e\u0435 \u043c\u0435\u043d\u044e, \u043d\u0430\u043f\u0438\u0448\u0438\u0442\u0435 /start'), 0, NULL, FALSE),
(15, STRINGDECODE('\u041d\u043e\u0432\u043e\u0441\u0442\u0438'), 8, NULL, FALSE),
(16, STRINGDECODE('\u041a\u0430\u043b\u0435\u043d\u0434\u0430\u0440\u044c'), 17, NULL, FALSE),
(17, STRINGDECODE('\u041b\u0438\u0447\u043d\u044b\u0439 \u043a\u0430\u0431\u0438\u043d\u0435\u0442'), 4, NULL, FALSE),
(18, STRINGDECODE('\u041a\u043e\u043d\u0442\u0430\u043a\u0442\u044b'), 15, NULL, FALSE),
(19, STRINGDECODE('\u041e \u0444\u043e\u043d\u0434\u0435'), 16, NULL, FALSE),
(20, STRINGDECODE('\u041f\u0440\u0438\u0441\u043e\u0435\u0434\u0438\u043d\u0438\u0442\u044c\u0441\u044f \u043a \u0430\u043a\u0446\u0438\u0438'), 7, NULL, FALSE),
(21, STRINGDECODE('\u041c\u043e\u0438 \u0437\u0430\u0434\u0430\u043d\u0438\u044f'), 0, NULL, FALSE),
(22, STRINGDECODE('\u0420\u0435\u0434\u0430\u043a\u0442\u0438\u0440\u043e\u0432\u0430\u0442\u044c \u043f\u0440\u043e\u0444\u0438\u043b\u044c'), 0, NULL, FALSE),
(23, STRINGDECODE('\u041d\u0435\u0432\u044b\u043f\u043e\u043b\u043d\u0435\u043d\u043d\u044b\u0435 \u0437\u0430\u0434\u0430\u043d\u0438\u044f'), 0, NULL, FALSE),
(24, STRINGDECODE('\u0412\u044b\u043f\u043e\u043b\u043d\u0435\u043d\u043d\u044b\u0435 \u0437\u0430\u0434\u0430\u043d\u0438\u044f'), 0, NULL, FALSE),
(25, STRINGDECODE('\u0412\u044b\u043f\u043e\u043b\u043d\u0435\u043d\u043e'), 0, NULL, FALSE),
(26, STRINGDECODE('\u0414\u043e\u0431\u0430\u0432\u0438\u0442\u044c \u043e\u0442\u0447\u0435\u0442'), 0, NULL, FALSE),
(30, STRINGDECODE('\u041d\u043e\u0432\u0430\u044f \u0430\u043a\u0446\u0438\u044f'), 5, NULL, FALSE),
(31, STRINGDECODE('\u041d\u043e\u0432\u0430\u044f \u0440\u0430\u0441\u0441\u044b\u043b\u043a\u0430'), 9, NULL, FALSE),
(32, STRINGDECODE('\u0410\u043a\u0446\u0438\u0438'), 10, NULL, FALSE),
(33, STRINGDECODE('\u0420\u0435\u0434\u0430\u043a\u0442\u0438\u0440\u043e\u0432\u0430\u0442\u044c \u043e\u043f\u0438\u0441\u0430\u043d\u0438\u0435'), 11, NULL, FALSE),
(34, STRINGDECODE('\u0423\u043f\u0440\u0430\u0432\u043b\u0435\u043d\u0438\u0435 \u0430\u0434\u043c\u0438\u043d\u0430\u043c\u0438'), 18, NULL, FALSE),
(40, STRINGDECODE('\u0414\u043e\u0431\u0430\u0432\u0438\u0442\u044c \u043d\u043e\u0432\u043e\u0435 \u0437\u0430\u0434\u0430\u043d\u0438\u0435'), 0, NULL, FALSE),
(41, STRINGDECODE('\u0414\u043e\u0431\u0430\u0432\u0438\u0442\u044c \u0434\u0430\u0442\u0443'), 0, NULL, FALSE),
(42, STRINGDECODE('\u0413\u043e\u0442\u043e\u0432\u043e'), 0, NULL, FALSE),
(43, STRINGDECODE('\u0425\u043e\u0447\u0443 \u0443\u0447\u0430\u0441\u0442\u0432\u043e\u0432\u0430\u0442\u044c \u0432 \u0430\u043a\u0446\u0438\u0438'), 7, NULL, FALSE),
(44, 'Facebook', 0, 'http://facebook.com/mrtusup', FALSE),
(45, 'Instagram', 0, 'http://instagram.com/LisiiOgr', FALSE),
(46, 'Telegram', 0, 'http://t.me/', FALSE),
(47, STRINGDECODE('\u0414\u043b\u044f \u0432\u0441\u0435\u0445 \u0432\u043e\u043b\u043e\u043d\u0442\u0435\u0440\u043e\u0432'), 0, NULL, FALSE),
(48, STRINGDECODE('\u0414\u043b\u044f \u0432\u043e\u043b\u043e\u043d\u0442\u0435\u0440\u043e\u0432 \u0430\u043a\u0446\u0438\u0438'), 0, NULL, FALSE),
(50, STRINGDECODE('\u0417\u0430\u043a\u043e\u043d\u0447\u0435\u043d\u043d\u044b\u0435 \u0430\u043a\u0446\u0438\u0438'), 0, NULL, FALSE);
INSERT INTO PUBLIC.BUTTON(ID, TEXT, COMMAND_ID, URL, REQUEST_CONTACT) VALUES
(51, STRINGDECODE('\u041d\u0435\u0437\u0430\u043a\u043e\u043d\u0447\u0435\u043d\u043d\u044b\u0435 \u0430\u043a\u0446\u0438\u0438'), 0, NULL, FALSE),
(52, STRINGDECODE('\u0420\u0435\u0434\u0430\u043a\u0442\u0438\u0440\u043e\u0432\u0430\u0442\u044c \u043e\u0442\u0447\u0435\u0442'), 0, NULL, FALSE),
(53, STRINGDECODE('\u041d\u0430\u0447\u0430\u0442\u044c \u0430\u043a\u0446\u0438\u044e'), 0, NULL, FALSE),
(54, STRINGDECODE('\u0417\u0430\u043a\u043e\u043d\u0447\u0438\u0442\u044c \u0430\u043a\u0446\u0438\u044e'), 0, NULL, FALSE),
(55, STRINGDECODE('\u0417\u0430\u0440\u0435\u0433\u0438\u0441\u0442\u0440\u0438\u0440\u043e\u0432\u0430\u0442\u044c\u0441\u044f \u0432 \u0430\u043a\u0446\u0438\u0438'), 14, NULL, FALSE),
(56, STRINGDECODE('\u0414\u0430'), 0, NULL, FALSE),
(57, STRINGDECODE('\u041d\u0435\u0442'), 0, NULL, FALSE),
(58, STRINGDECODE('\u0420\u0430\u0437\u0434\u0430\u0442\u044c \u0441\u043f\u0438\u0441\u043e\u043a \u043c\u0430\u0448\u0438\u043d'), 0, NULL, FALSE),
(59, STRINGDECODE('\u0420\u0430\u0437\u0434\u0430\u0442\u044c \u0441\u043f\u0438\u0441\u043e\u043a \u0441\u0435\u043c\u0435\u0439'), 0, NULL, FALSE),
(60, STRINGDECODE('\u0412\u044b\u0431\u0440\u0430\u0442\u044c \u043c\u0430\u0448\u0438\u043d\u0443'), 12, NULL, FALSE),
(61, STRINGDECODE('\u041f\u043e\u043b\u0443\u0447\u0438\u0442\u044c \u0441\u043f\u0438\u0441\u043a\u0438 \u0441\u0435\u043c\u0435\u0439'), 13, NULL, FALSE),
(62, STRINGDECODE('\u0410\u0440\u0445\u0438\u0432'), 0, NULL, FALSE),
(63, STRINGDECODE('\u041f\u0440\u0435\u0434\u0441\u0442\u043e\u044f\u0449\u0438\u0435 \u043c\u0435\u0440\u043e\u043f\u0440\u0438\u044f\u0442\u0438\u044f'), 0, NULL, FALSE),
(64, STRINGDECODE('\u0412\u044b\u0431\u0440\u0430\u0442\u044c \u0441\u043f\u0438\u0441\u043e\u043a \u0441\u0435\u043c\u0435\u0439'), 0, NULL, FALSE),
(65, STRINGDECODE('\u0410\u0432\u0442\u043e\u043c\u0430\u0442\u0438\u0447\u0435\u0441\u043a\u0438\u0439'), 0, NULL, FALSE),
(66, STRINGDECODE('\u0420\u0443\u0447\u043d\u043e\u0439'), 0, NULL, FALSE),
(67, STRINGDECODE('\u0421\u043e\u0437\u0434\u0430\u0442\u044c \u043d\u043e\u0432\u0443\u044e \u0433\u0440\u0443\u043f\u043f\u0443'), 0, NULL, FALSE),
(68, STRINGDECODE('\u0417\u0430\u043a\u043e\u043d\u0447\u0438\u0442\u044c \u0438 \u043d\u0430\u0447\u0430\u0442\u044c \u0430\u043a\u0446\u0438\u044e'), 0, NULL, FALSE),
(69, STRINGDECODE('\u0414\u043e\u0431\u0430\u0432\u0438\u0442\u044c \u0430\u0434\u043c\u0438\u043d\u0430'), 0, NULL, FALSE),
(70, STRINGDECODE('\u0423\u0434\u0430\u043b\u0438\u0442\u044c \u0430\u0434\u043c\u0438\u043d\u0430'), 0, NULL, FALSE),
(71, STRINGDECODE('\u041e\u0442\u0434\u0430\u0442\u044c \u043f\u0440\u0430\u0432\u0430 \u0441\u0443\u043f\u0435\u0440\u0430\u0434\u043c\u0438\u043d\u0430'), 0, NULL, FALSE),
(72, STRINGDECODE('\u041f\u043e\u043b\u0443\u0447\u0438\u0442\u044c \u0441\u043f\u0438\u0441\u043e\u043a \u0441\u0435\u043c\u0435\u0439'), 19, NULL, FALSE),
(73, STRINGDECODE('\u0418\u0437\u043c\u0435\u043d\u0438\u0442\u044c \u0438\u043d\u0444\u043e\u0440\u043c\u0430\u0446\u0438\u044e'), 0, NULL, FALSE),
(74, STRINGDECODE('\u0412\u044b\u0431\u0440\u0430\u0442\u044c \u0441\u0435\u043c\u044c\u044e'), 0, NULL, FALSE),
(75, STRINGDECODE('\u0413\u043e\u0442\u043e\u0432\u043e'), 0, NULL, FALSE),
(76, STRINGDECODE('\u0424\u0418\u041e'), 0, NULL, FALSE),
(77, STRINGDECODE('\u041d\u043e\u043c\u0435\u0440 \u0442\u0435\u043b\u0435\u0444\u043e\u043d\u0430'), 0, NULL, FALSE),
(78, STRINGDECODE('\u0410\u0434\u0440\u0435\u0441'), 0, NULL, FALSE),
(79, STRINGDECODE('\u041f\u043e\u043b\u043e\u0436\u0435\u043d\u0438\u0435 \u043d\u0430 \u043a\u0430\u0440\u0442\u0435'), 0, NULL, FALSE),
(80, STRINGDECODE('\u041f\u0440\u043e\u0439\u0442\u0438 \u043e\u043f\u0440\u043e\u0441'), 20, NULL, FALSE),
(81, STRINGDECODE('\u0414\u0430'), 0, NULL, FALSE),
(82, STRINGDECODE('\u041d\u0435\u0442'), 0, NULL, FALSE),
(83, STRINGDECODE('\u041d\u0435\u0442 \u043f\u043e\u0436\u0435\u043b\u0430\u043d\u0438\u0438'), 0, NULL, FALSE),
(84, STRINGDECODE('\u0420\u0435\u0437\u0443\u043b\u044c\u0442\u0430\u0442\u044b \u043e\u043f\u0440\u043e\u0441\u043e\u0432'), 0, NULL, FALSE);
INSERT INTO PUBLIC.BUTTON(ID, TEXT, COMMAND_ID, URL, REQUEST_CONTACT) VALUES
(85, STRINGDECODE('\u0420\u0435\u0437\u0443\u043b\u044c\u0442\u0430\u0442\u044b: '), 0, NULL, FALSE);
CREATE CACHED TABLE PUBLIC.COMMAND(
    ID INT NOT NULL,
    COMMAND_TYPE_ID INT,
    MESSAGE_ID INT
);
ALTER TABLE PUBLIC.COMMAND ADD CONSTRAINT PUBLIC.CONSTRAINT_6 PRIMARY KEY(ID);
-- 20 +/- SELECT COUNT(*) FROM PUBLIC.COMMAND;
INSERT INTO PUBLIC.COMMAND(ID, COMMAND_TYPE_ID, MESSAGE_ID) VALUES
(1, 1, 0),
(2, 2, 0),
(3, 3, 0),
(4, 4, 0),
(5, 5, 0),
(6, 6, 0),
(7, 7, 0),
(8, 8, 0),
(9, 9, 0),
(10, 10, 0),
(11, 11, 0),
(12, 12, 0),
(13, 13, 0),
(14, 14, 0),
(15, 15, 0),
(16, 16, 0),
(17, 17, 0),
(18, 18, 0),
(19, 19, 0),
(20, 20, 0);
CREATE CACHED TABLE PUBLIC.KEYBOARD(
    ID INT NOT NULL,
    BUTTON_IDS TEXT,
    INLINE BOOLEAN,
    COMMENT TEXT
);
ALTER TABLE PUBLIC.KEYBOARD ADD CONSTRAINT PUBLIC.CONSTRAINT_4 PRIMARY KEY(ID);
-- 36 +/- SELECT COUNT(*) FROM PUBLIC.KEYBOARD;
INSERT INTO PUBLIC.KEYBOARD(ID, BUTTON_IDS, INLINE, COMMENT) VALUES
(1, '3', FALSE, 'Sign up'),
(2, '11,12', TRUE, 'man or woman'),
(3, '15,16;17;18,19', FALSE, 'Main menu'),
(4, '20,21;10', FALSE, 'personal area'),
(5, '23,24;10', FALSE, 'choose task type'),
(6, '25,26;10', FALSE, 'Task menu'),
(7, '30,31;32;33,34', FALSE, 'Admin menu'),
(8, '40,41,42', TRUE, 'add task to stock'),
(9, '43', TRUE, 'Join to stock'),
(10, '10', FALSE, 'Back'),
(11, '26;10', FALSE, 'Task menu'),
(12, '44,45,46', TRUE, 'news keyboard'),
(13, '47,48', TRUE, 'choose for whom'),
(14, '50,51;10', FALSE, 'choose stock type'),
(15, '52,84;10', FALSE, 'Done stock menu'),
(16, '53,54;10', FALSE, 'Undone stock menu'),
(17, '15,16;18,19', FALSE, 'Edit description'),
(18, '55', TRUE, 'Start stock'),
(19, '56,57', TRUE, 'yes/no'),
(20, '58', FALSE, 'car list and family list'),
(21, '60', TRUE, 'Car lsit'),
(22, '61', TRUE, 'Family list'),
(23, '42;10', FALSE, 'family menu'),
(24, '59', FALSE, 'family button'),
(25, '42', FALSE, 'done button'),
(26, '62,63;10', FALSE, 'Calendar menu'),
(27, '7;10', FALSE, 'request contact'),
(28, '64', FALSE, 'Choose family'),
(29, '67,68', FALSE, 'done'),
(30, '65,66', FALSE, 'auto or manual'),
(31, '69,70;71;10', FALSE, 'admin control command'),
(32, '72', TRUE, ''),
(33, '73,75;74', FALSE, 'in stock menu'),
(34, '76,77;78,79;10', FALSE, 'Edit family info'),
(35, '81,82', TRUE, 'rating'),
(36, '83', TRUE, '');
CREATE CACHED TABLE PUBLIC.ABOUT(
    ID INT NOT NULL,
    TEXT TEXT NOT NULL,
    PHOTO TEXT
);
-- 0 +/- SELECT COUNT(*) FROM PUBLIC.ABOUT;
CREATE CACHED TABLE PUBLIC.NEWS(
    ID INT DEFAULT (NEXT VALUE FOR PUBLIC.SYSTEM_SEQUENCE_80B2E35D_DD11_4B44_86BE_160B5DB5AF2B) NOT NULL NULL_TO_DEFAULT SEQUENCE PUBLIC.SYSTEM_SEQUENCE_80B2E35D_DD11_4B44_86BE_160B5DB5AF2B,
    TITLE TEXT NOT NULL,
    TEXT TEXT NOT NULL,
    DATE TEXT NOT NULL,
    PHOTO TEXT,
    SHOW BOOLEAN DEFAULT TRUE
);
-- 1 +/- SELECT COUNT(*) FROM PUBLIC.NEWS;
INSERT INTO PUBLIC.NEWS(ID, TITLE, TEXT, DATE, PHOTO, SHOW) VALUES
(7, STRINGDECODE('\u0418\u043d\u0442\u0435\u043b\u043b\u0435\u043a\u0442\u0443\u0430\u043b\u044c\u043d\u0430\u044f \u0438\u0433\u0440\u0430'), STRINGDECODE('22 \u0430\u043f\u0440\u0435\u043b\u044f 2017 \u0433\u043e\u0434\u0430 \u0432\u043e\u043b\u043e\u043d\u0442\u0451\u0440\u044b \u041c\u0411\u041e \"\u0410\u049b\u043d\u0438\u0435\u0442\" \u0441\u043e\u0432\u043c\u0435\u0441\u0442\u043d\u043e \u0441 \u0430\u043a\u0442\u0438\u0432\u0438\u0441\u0442\u0430\u043c\u0438 \u0426\u0435\u043d\u0442\u0440\u0430 \u043e\u0431\u0440\u0430\u0437\u043e\u0432\u0430\u0442\u0435\u043b\u044c\u043d\u044b\u0445 \u043f\u0440\u043e\u0435\u043a\u0442\u043e\u0432 \u0410\u0421\u041e \u041a\u0430\u0440\u0413\u0422\u0423 \"\u0416\u0430\u0441 \u041e\u0440\u0434\u0430\" \u043f\u0440\u043e\u0432\u0435\u043b\u0438 \u0434\u043b\u044f \u0434\u0435\u0442\u0435\u0439 \u0438\u0437 \u0434\u0435\u0442\u0441\u043a\u0438\u0445 \u0434\u043e\u043c\u043e\u0432 \u0438\u043d\u0442\u0435\u043b\u043b\u0435\u043a\u0442\u0443\u0430\u043b\u044c\u043d\u0443\u044e \u0438\u0433\u0440\u0443 \"\u041f\u043e\u043f\u0440\u043e\u0431\u0443\u0439 \u0443\u0433\u0430\u0434\u0430\u0439!\".\ud83d\ude47\ud83c\udffb\n\u0423\u0447\u0430\u0441\u0442\u043d\u0438\u043a\u0430\u043c\u0438 \u0434\u0430\u043d\u043d\u043e\u0439 \u0438\u0433\u0440\u044b \u0431\u044b\u043b\u0438 \u043a\u043e\u043c\u0430\u043d\u0434\u0430 \"\u0423\u043c\u043d\u0438\u043a\u0438\" \u0438\u0437 \u0434\u0435\u0442\u0441\u043a\u043e\u0433\u043e \u0434\u043e\u043c\u0430 \"\u0422\u0430\u04a3\u0448\u043e\u043b\u043f\u0430\u043d\" \u0438 \u043a\u043e\u043c\u0430\u043d\u0434\u0430 \"\u0411\u0430\u0440\u044b\u0441\" \u0438\u0437 \u0434\u0435\u0442\u0441\u043a\u043e\u0433\u043e \u0434\u043e\u043c\u0430 \"\u049a\u04b1\u043b\u044b\u043d\u0448\u0430\u049b\".\ud83c\udfe9\n\u0418\u0433\u0440\u0430 \u0441\u043e\u0441\u0442\u043e\u044f\u043b\u0430 \u0438\u0437 \u0442\u0440\u0451x \u044d\u0442\u0430\u043f\u043e\u0432, \u0433\u0434\u0435 \u043a\u0430\u0436\u0434\u043e\u0439 \u043a\u043e\u043c\u0430\u043d\u0434\u0435 \u043d\u0443\u0436\u043d\u043e \u0431\u044b\u043b\u043e \u043e\u0442\u0432\u0435\u0442\u0438\u0442\u044c \u043d\u0430 \u0432\u043e\u043f\u0440\u043e\u0441\u044b, \u0443\u0433\u0430\u0434\u0430\u0442\u044c \u043c\u0443\u043b\u044c\u0442\u0444\u0438\u043b\u044c\u043c\u044b \u0438 \u0432\u044b\u043f\u043e\u043b\u043d\u0438\u0442\u044c \u0442\u0432\u043e\u0440\u0447\u0435\u0441\u043a\u043e\u0435 \u0437\u0430\u0434\u0430\u043d\u0438\u0435.\u270d\ud83c\udffb\n\u041f\u043e \u0438\u0442\u043e\u0433\u0430\u043c \u0438\u0433\u0440\u044b \u043a\u043e\u043c\u0430\u043d\u0434\u044b \u043f\u043e\u043b\u0443\u0447\u0438\u043b\u0438 \u0446\u0435\u043d\u043d\u044b\u0435 \u043f\u0440\u0438\u0437\u044b.\ud83c\udfc6\n\u0414\u0435\u0442\u0438 \u0438 \u0433\u043e\u0441\u0442\u0438 \u043e\u0441\u0442\u0430\u043b\u0438\u0441\u044c \u043f\u043e\u0434 \u043f\u0440\u0438\u044f\u0442\u043d\u044b\u043c \u0432\u043f\u0435\u0447\u0430\u0442\u043b\u0435\u043d\u0438\u0435\u043c.\ud83e\udd17'), '08.06', 'AgADAgADGKgxG9JgyEnOfCF5OGli1rBZtw0ABML4IWVv6YhHIjoEAAEC;AgADAgADGagxG9JgyEnoOTQsEr1UQDVMtw0ABO7Oqnitk1K9TjkEAAEC;AgADAgADHagxG9JgyElDC9g2IIEHEwZatw0ABK6tVihA9TTPDz4EAAEC;', TRUE);
CREATE CACHED TABLE PUBLIC.SURVEY(
    ID INT DEFAULT (NEXT VALUE FOR PUBLIC.SYSTEM_SEQUENCE_8B856B3E_3A5B_4310_A36D_E523A74E75DF) NOT NULL NULL_TO_DEFAULT SEQUENCE PUBLIC.SYSTEM_SEQUENCE_8B856B3E_3A5B_4310_A36D_E523A74E75DF,
    STOCK_ID INT NOT NULL,
    REPORT TEXT,
    RATING INT NOT NULL
);
ALTER TABLE PUBLIC.SURVEY ADD CONSTRAINT PUBLIC.CONSTRAINT_92 PRIMARY KEY(ID);
-- 4 +/- SELECT COUNT(*) FROM PUBLIC.SURVEY;
INSERT INTO PUBLIC.SURVEY(ID, STOCK_ID, REPORT, RATING) VALUES
(1, 0, NULL, 1),
(2, 0, 'asdasdasdsadasd', 1),
(3, 41, NULL, 1),
(4, 41, '8520', -1);
CREATE CACHED TABLE PUBLIC.TYPE_OF_WORK(
    ID INT DEFAULT (NEXT VALUE FOR PUBLIC.SYSTEM_SEQUENCE_B0F0E7DA_72BD_4771_9CE5_01662CA4AC90) NOT NULL NULL_TO_DEFAULT SEQUENCE PUBLIC.SYSTEM_SEQUENCE_B0F0E7DA_72BD_4771_9CE5_01662CA4AC90,
    STOCK_ID INT,
    NAME TEXT,
    FINISHED BOOLEAN DEFAULT FALSE
);
-- 4 +/- SELECT COUNT(*) FROM PUBLIC.TYPE_OF_WORK;
INSERT INTO PUBLIC.TYPE_OF_WORK(ID, STOCK_ID, NAME, FINISHED) VALUES
(49, 41, STRINGDECODE('\u0420\u0430\u0431\u043e\u0442\u0430 1'), FALSE),
(50, 41, STRINGDECODE('\u0420\u0430\u0431\u043e\u0442\u0430 2'), FALSE),
(51, 42, STRINGDECODE('\u0420\u0430\u0431\u043e\u0442\u0430 2.1'), FALSE),
(52, 42, STRINGDECODE('\u0420\u0430\u0431\u043e\u0442\u0430 2.2'), FALSE);
CREATE CACHED TABLE PUBLIC.REPORT(
    ID INT DEFAULT (NEXT VALUE FOR PUBLIC.SYSTEM_SEQUENCE_4DC0278E_3498_45AA_95F2_9FD33A0AD873) NOT NULL NULL_TO_DEFAULT SEQUENCE PUBLIC.SYSTEM_SEQUENCE_4DC0278E_3498_45AA_95F2_9FD33A0AD873,
    PARTICIPANT_ID INT,
    TEXT TEXT,
    LOCATION TEXT,
    PHOTO TEXT
);
-- 5 +/- SELECT COUNT(*) FROM PUBLIC.REPORT;
INSERT INTO PUBLIC.REPORT(ID, PARTICIPANT_ID, TEXT, LOCATION, PHOTO) VALUES
(1, 1, STRINGDECODE('\u041e\u0442\u0447\u0435\u0442 1'), NULL, NULL),
(33, 0, STRINGDECODE('\u041e\u0442\u0447\u0435\u0442 1'), NULL, NULL),
(34, 39, 'Jnxtn', NULL, NULL),
(35, 38, 'asdasd', NULL, NULL),
(36, 37, 'asdasd', NULL, NULL);
CREATE CACHED TABLE PUBLIC.DATES(
    ID INT DEFAULT (NEXT VALUE FOR PUBLIC.SYSTEM_SEQUENCE_14E438B1_012E_41EB_82FD_B81521F40C9B) NOT NULL NULL_TO_DEFAULT SEQUENCE PUBLIC.SYSTEM_SEQUENCE_14E438B1_012E_41EB_82FD_B81521F40C9B,
    TYPE_OF_WORK_ID INT,
    DATE TEXT
);
-- 6 +/- SELECT COUNT(*) FROM PUBLIC.DATES;
INSERT INTO PUBLIC.DATES(ID, TYPE_OF_WORK_ID, DATE) VALUES
(58, 49, '06.07'),
(59, 50, '07.07'),
(60, 50, '03.07'),
(61, 51, '06.07'),
(62, 51, '07.07'),
(63, 52, '06.07');
CREATE CACHED TABLE PUBLIC.VOLUNTEERS_GROUP(
    ID INT DEFAULT (NEXT VALUE FOR PUBLIC.SYSTEM_SEQUENCE_BB0B9982_D725_4149_BAEB_B2AC571A334D) NOT NULL NULL_TO_DEFAULT SEQUENCE PUBLIC.SYSTEM_SEQUENCE_BB0B9982_D725_4149_BAEB_B2AC571A334D,
    USER_ID INT,
    CARS_ID INT
);
ALTER TABLE PUBLIC.VOLUNTEERS_GROUP ADD CONSTRAINT PUBLIC.CONSTRAINT_D PRIMARY KEY(ID);
-- 0 +/- SELECT COUNT(*) FROM PUBLIC.VOLUNTEERS_GROUP;
CREATE CACHED TABLE PUBLIC.STATUS(
    ID INT DEFAULT (NEXT VALUE FOR PUBLIC.SYSTEM_SEQUENCE_25A14686_6EEB_4FF8_9120_A9A2EB7E7F6C) NOT NULL NULL_TO_DEFAULT SEQUENCE PUBLIC.SYSTEM_SEQUENCE_25A14686_6EEB_4FF8_9120_A9A2EB7E7F6C,
    STOCK_ID INT,
    STATUS INT
);
ALTER TABLE PUBLIC.STATUS ADD CONSTRAINT PUBLIC.CONSTRAINT_9 PRIMARY KEY(ID);
-- 0 +/- SELECT COUNT(*) FROM PUBLIC.STATUS;
CREATE CACHED TABLE PUBLIC.CARS(
    ID INT DEFAULT (NEXT VALUE FOR PUBLIC.SYSTEM_SEQUENCE_EEDB880B_D82A_4C9E_B2D2_EDCA6F409462) NOT NULL NULL_TO_DEFAULT SEQUENCE PUBLIC.SYSTEM_SEQUENCE_EEDB880B_D82A_4C9E_B2D2_EDCA6F409462,
    NAME TEXT,
    USER_ID INT
);
ALTER TABLE PUBLIC.CARS ADD CONSTRAINT PUBLIC.CONSTRAINT_1 PRIMARY KEY(ID);
-- 2 +/- SELECT COUNT(*) FROM PUBLIC.CARS;
INSERT INTO PUBLIC.CARS(ID, NAME, USER_ID) VALUES
(37, '222', 43394658),
(65, 'asd', 43394658);
CREATE CACHED TABLE PUBLIC.GROUPS_OF_VOLUNTEERS(
    ID INT DEFAULT (NEXT VALUE FOR PUBLIC.SYSTEM_SEQUENCE_799DBAA1_7E85_4B40_9C90_7F6BBF19501F) NOT NULL NULL_TO_DEFAULT SEQUENCE PUBLIC.SYSTEM_SEQUENCE_799DBAA1_7E85_4B40_9C90_7F6BBF19501F,
    USER_ID INT,
    GROUP_ID INT
);
ALTER TABLE PUBLIC.GROUPS_OF_VOLUNTEERS ADD CONSTRAINT PUBLIC.CONSTRAINT_B PRIMARY KEY(ID);
-- 0 +/- SELECT COUNT(*) FROM PUBLIC.GROUPS_OF_VOLUNTEERS;
CREATE CACHED TABLE PUBLIC.FAMILY_GROUPS(
    ID INT DEFAULT (NEXT VALUE FOR PUBLIC.SYSTEM_SEQUENCE_342916C7_DD52_4664_A2EF_8F2919812BCF) NOT NULL NULL_TO_DEFAULT SEQUENCE PUBLIC.SYSTEM_SEQUENCE_342916C7_DD52_4664_A2EF_8F2919812BCF,
    GROUP_ID INT,
    FAMILY_GROUP_ID INT
);
ALTER TABLE PUBLIC.FAMILY_GROUPS ADD CONSTRAINT PUBLIC.CONSTRAINT_DE PRIMARY KEY(ID);
-- 0 +/- SELECT COUNT(*) FROM PUBLIC.FAMILY_GROUPS;
CREATE CACHED TABLE PUBLIC.FAMILIES(
    ID INT DEFAULT (NEXT VALUE FOR PUBLIC.SYSTEM_SEQUENCE_ED1E2B59_BC22_4678_8842_74D5E3A638B4) NOT NULL NULL_TO_DEFAULT SEQUENCE PUBLIC.SYSTEM_SEQUENCE_ED1E2B59_BC22_4678_8842_74D5E3A638B4 SELECTIVITY 100,
    NAME TEXT,
    PHONE_NUMBER TEXT,
    ADDRESS TEXT,
    LONGITUDE FLOAT SELECTIVITY 97,
    LATITUDE FLOAT SELECTIVITY 62,
    FINISHED BOOLEAN DEFAULT FALSE SELECTIVITY 1,
    CAR_ID INT DEFAULT 0 SELECTIVITY 1,
    GROUP_ID INT SELECTIVITY 1,
    STOCK_ID INT SELECTIVITY 1
);
ALTER TABLE PUBLIC.FAMILIES ADD CONSTRAINT PUBLIC.CONSTRAINT_5 PRIMARY KEY(ID);
-- 636 +/- SELECT COUNT(*) FROM PUBLIC.FAMILIES;
INSERT INTO PUBLIC.FAMILIES(ID, NAME, PHONE_NUMBER, ADDRESS, LONGITUDE, LATITUDE, FINISHED, CAR_ID, GROUP_ID, STOCK_ID) VALUES
(1625, STRINGDECODE('\u0424\u0438\u043e 26'), STRINGDECODE('\u041d\u043e\u043c\u0435\u0440 26'), STRINGDECODE('\u0410\u0434\u0440\u0435\u0441 26'), 12.23147964477539, 45.12125778198242, FALSE, 0, 4, 42),
(1626, STRINGDECODE('\u0424\u0438\u043e 27'), STRINGDECODE('\u041d\u043e\u043c\u0435\u0440 27'), STRINGDECODE('\u0410\u0434\u0440\u0435\u0441 27'), 12.231490135192871, 45.12125778198242, FALSE, 0, 1, 42),
(1627, STRINGDECODE('\u0424\u0438\u043e 28'), STRINGDECODE('\u041d\u043e\u043c\u0435\u0440 28'), STRINGDECODE('\u0410\u0434\u0440\u0435\u0441 28'), 12.231499671936035, 45.12125778198242, FALSE, 0, 2, 42),
(1628, STRINGDECODE('\u0424\u0438\u043e 29'), STRINGDECODE('\u041d\u043e\u043c\u0435\u0440 29'), STRINGDECODE('\u0410\u0434\u0440\u0435\u0441 29'), 12.231510162353516, 45.12126159667969, FALSE, 0, 1, 42),
(1629, STRINGDECODE('\u0424\u0438\u043e 30'), STRINGDECODE('\u041d\u043e\u043c\u0435\u0440 30'), STRINGDECODE('\u0410\u0434\u0440\u0435\u0441 30'), 12.23151969909668, 45.12126159667969, FALSE, 0, 2, 42),
(1630, STRINGDECODE('\u0424\u0438\u043e 31'), STRINGDECODE('\u041d\u043e\u043c\u0435\u0440 31'), STRINGDECODE('\u0410\u0434\u0440\u0435\u0441 31'), 12.23153018951416, 45.12126159667969, FALSE, 0, 3, 42),
(1631, STRINGDECODE('\u0424\u0438\u043e 32'), STRINGDECODE('\u041d\u043e\u043c\u0435\u0440 32'), STRINGDECODE('\u0410\u0434\u0440\u0435\u0441 32'), 12.231539726257324, 45.12126159667969, FALSE, 0, 1, 42),
(1632, STRINGDECODE('\u0424\u0438\u043e 33'), STRINGDECODE('\u041d\u043e\u043c\u0435\u0440 33'), STRINGDECODE('\u0410\u0434\u0440\u0435\u0441 33'), 12.231550216674805, 45.12126541137695, FALSE, 0, 2, 42),
(1633, STRINGDECODE('\u0424\u0438\u043e 34'), STRINGDECODE('\u041d\u043e\u043c\u0435\u0440 34'), STRINGDECODE('\u0410\u0434\u0440\u0435\u0441 34'), 12.231559753417969, 45.12126541137695, FALSE, 0, 3, 42),
(1634, STRINGDECODE('\u0424\u0438\u043e 35'), STRINGDECODE('\u041d\u043e\u043c\u0435\u0440 35'), STRINGDECODE('\u0410\u0434\u0440\u0435\u0441 35'), 12.23157024383545, 45.12126541137695, FALSE, 0, 4, 42),
(1635, STRINGDECODE('\u0424\u0438\u043e 36'), STRINGDECODE('\u041d\u043e\u043c\u0435\u0440 36'), STRINGDECODE('\u0410\u0434\u0440\u0435\u0441 36'), 12.231579780578613, 45.12126541137695, FALSE, 0, 1, 42),
(1636, STRINGDECODE('\u0424\u0438\u043e 37'), STRINGDECODE('\u041d\u043e\u043c\u0435\u0440 37'), STRINGDECODE('\u0410\u0434\u0440\u0435\u0441 37'), 12.231590270996094, 45.12126922607422, FALSE, 0, 2, 42),
(1637, STRINGDECODE('\u0424\u0438\u043e 38'), STRINGDECODE('\u041d\u043e\u043c\u0435\u0440 38'), STRINGDECODE('\u0410\u0434\u0440\u0435\u0441 38'), 12.231599807739258, 45.12126922607422, FALSE, 0, 4, 42),
(1638, STRINGDECODE('\u0424\u0438\u043e 39'), STRINGDECODE('\u041d\u043e\u043c\u0435\u0440 39'), STRINGDECODE('\u0410\u0434\u0440\u0435\u0441 39'), 12.231610298156738, 45.12126922607422, FALSE, 0, 4, 42),
(1639, STRINGDECODE('\u0424\u0438\u043e 40'), STRINGDECODE('\u041d\u043e\u043c\u0435\u0440 40'), STRINGDECODE('\u0410\u0434\u0440\u0435\u0441 40'), 12.231619834899902, 45.12126922607422, FALSE, 0, 4, 42),
(1640, STRINGDECODE('\u0424\u0438\u043e 41'), STRINGDECODE('\u041d\u043e\u043c\u0435\u0440 41'), STRINGDECODE('\u0410\u0434\u0440\u0435\u0441 41'), 12.231630325317383, 45.121273040771484, FALSE, 0, 1, 42),
(1641, STRINGDECODE('\u0424\u0438\u043e 42'), STRINGDECODE('\u041d\u043e\u043c\u0435\u0440 42'), STRINGDECODE('\u0410\u0434\u0440\u0435\u0441 42'), 12.231639862060547, 45.121273040771484, FALSE, 0, 2, 42),
(1642, STRINGDECODE('\u0424\u0438\u043e 43'), STRINGDECODE('\u041d\u043e\u043c\u0435\u0440 43'), STRINGDECODE('\u0410\u0434\u0440\u0435\u0441 43'), 12.231650352478027, 45.121273040771484, FALSE, 0, 2, 42),
(1643, STRINGDECODE('\u0424\u0438\u043e 44'), STRINGDECODE('\u041d\u043e\u043c\u0435\u0440 44'), STRINGDECODE('\u0410\u0434\u0440\u0435\u0441 44'), 12.231659889221191, 45.12127685546875, FALSE, 0, 3, 42),
(1644, STRINGDECODE('\u0424\u0438\u043e 45'), STRINGDECODE('\u041d\u043e\u043c\u0435\u0440 45'), STRINGDECODE('\u0410\u0434\u0440\u0435\u0441 45'), 12.231670379638672, 45.12127685546875, FALSE, 0, 1, 42);
INSERT INTO PUBLIC.FAMILIES(ID, NAME, PHONE_NUMBER, ADDRESS, LONGITUDE, LATITUDE, FINISHED, CAR_ID, GROUP_ID, STOCK_ID) VALUES
(1645, STRINGDECODE('\u0424\u0438\u043e 46'), STRINGDECODE('\u041d\u043e\u043c\u0435\u0440 46'), STRINGDECODE('\u0410\u0434\u0440\u0435\u0441 46'), 12.231679916381836, 45.12127685546875, FALSE, 0, 2, 42),
(1646, STRINGDECODE('\u0424\u0438\u043e 47'), STRINGDECODE('\u041d\u043e\u043c\u0435\u0440 47'), STRINGDECODE('\u0410\u0434\u0440\u0435\u0441 47'), 12.231690406799316, 45.12127685546875, FALSE, 0, 3, 42),
(1647, STRINGDECODE('\u0424\u0438\u043e 48'), STRINGDECODE('\u041d\u043e\u043c\u0435\u0440 48'), STRINGDECODE('\u0410\u0434\u0440\u0435\u0441 48'), 12.23169994354248, 45.121280670166016, FALSE, 0, 4, 42),
(1648, STRINGDECODE('\u0424\u0438\u043e 49'), STRINGDECODE('\u041d\u043e\u043c\u0435\u0440 49'), STRINGDECODE('\u0410\u0434\u0440\u0435\u0441 49'), 12.231710433959961, 45.121280670166016, FALSE, 0, 1, 42),
(1649, STRINGDECODE('\u0424\u0438\u043e 50'), STRINGDECODE('\u041d\u043e\u043c\u0435\u0440 50'), STRINGDECODE('\u0410\u0434\u0440\u0435\u0441 50'), 12.231719970703125, 45.121280670166016, FALSE, 0, 2, 42),
(1650, STRINGDECODE('\u0424\u0438\u043e 51'), STRINGDECODE('\u041d\u043e\u043c\u0435\u0440 51'), STRINGDECODE('\u0410\u0434\u0440\u0435\u0441 51'), 12.231730461120605, 45.121280670166016, FALSE, 0, 4, 42),
(1651, STRINGDECODE('\u0424\u0438\u043e 52'), STRINGDECODE('\u041d\u043e\u043c\u0435\u0440 52'), STRINGDECODE('\u0410\u0434\u0440\u0435\u0441 52'), 12.23173999786377, 45.12128448486328, FALSE, 0, 4, 42),
(1652, STRINGDECODE('\u0424\u0438\u043e 53'), STRINGDECODE('\u041d\u043e\u043c\u0435\u0440 53'), STRINGDECODE('\u0410\u0434\u0440\u0435\u0441 53'), 12.231749534606934, 45.12128448486328, FALSE, 0, 4, 42),
(1653, STRINGDECODE('\u0424\u0438\u043e 54'), STRINGDECODE('\u041d\u043e\u043c\u0435\u0440 54'), STRINGDECODE('\u0410\u0434\u0440\u0435\u0441 54'), 12.231760025024414, 45.12128448486328, FALSE, 0, 1, 42),
(1654, STRINGDECODE('\u0424\u0438\u043e 55'), STRINGDECODE('\u041d\u043e\u043c\u0435\u0440 55'), STRINGDECODE('\u0410\u0434\u0440\u0435\u0441 55'), 12.231769561767578, 45.12128448486328, FALSE, 0, 2, 42),
(1655, STRINGDECODE('\u0424\u0438\u043e 56'), STRINGDECODE('\u041d\u043e\u043c\u0435\u0440 56'), STRINGDECODE('\u0410\u0434\u0440\u0435\u0441 56'), 12.231780052185059, 45.12128829956055, FALSE, 0, 1, 42),
(1656, STRINGDECODE('\u0424\u0438\u043e 57'), STRINGDECODE('\u041d\u043e\u043c\u0435\u0440 57'), STRINGDECODE('\u0410\u0434\u0440\u0435\u0441 57'), 12.231789588928223, 45.12128829956055, FALSE, 0, 2, 42),
(1657, STRINGDECODE('\u0424\u0438\u043e 58'), STRINGDECODE('\u041d\u043e\u043c\u0435\u0440 58'), STRINGDECODE('\u0410\u0434\u0440\u0435\u0441 58'), 12.231800079345703, 45.12128829956055, FALSE, 0, 3, 42),
(1658, STRINGDECODE('\u0424\u0438\u043e 59'), STRINGDECODE('\u041d\u043e\u043c\u0435\u0440 59'), STRINGDECODE('\u0410\u0434\u0440\u0435\u0441 59'), 12.231809616088867, 45.12128829956055, FALSE, 0, 1, 42),
(1659, STRINGDECODE('\u0424\u0438\u043e 60'), STRINGDECODE('\u041d\u043e\u043c\u0435\u0440 60'), STRINGDECODE('\u0410\u0434\u0440\u0435\u0441 60'), 12.231820106506348, 45.12129211425781, FALSE, 0, 2, 42),
(1660, STRINGDECODE('\u0424\u0438\u043e 61'), STRINGDECODE('\u041d\u043e\u043c\u0435\u0440 61'), STRINGDECODE('\u0410\u0434\u0440\u0435\u0441 61'), 12.231829643249512, 45.12129211425781, FALSE, 0, 2, 42),
(1661, STRINGDECODE('\u0424\u0438\u043e 62'), STRINGDECODE('\u041d\u043e\u043c\u0435\u0440 62'), STRINGDECODE('\u0410\u0434\u0440\u0435\u0441 62'), 12.231840133666992, 45.12129211425781, FALSE, 0, 3, 42),
(1662, STRINGDECODE('\u0424\u0438\u043e 63'), STRINGDECODE('\u041d\u043e\u043c\u0435\u0440 63'), STRINGDECODE('\u0410\u0434\u0440\u0435\u0441 63'), 12.231849670410156, 45.12129211425781, FALSE, 0, 1, 42),
(1663, STRINGDECODE('\u0424\u0438\u043e 64'), STRINGDECODE('\u041d\u043e\u043c\u0435\u0440 64'), STRINGDECODE('\u0410\u0434\u0440\u0435\u0441 64'), 12.231860160827637, 45.12129592895508, FALSE, 0, 2, 42),
(1664, STRINGDECODE('\u0424\u0438\u043e 65'), STRINGDECODE('\u041d\u043e\u043c\u0435\u0440 65'), STRINGDECODE('\u0410\u0434\u0440\u0435\u0441 65'), 12.2318696975708, 45.12129592895508, FALSE, 0, 3, 42);
INSERT INTO PUBLIC.FAMILIES(ID, NAME, PHONE_NUMBER, ADDRESS, LONGITUDE, LATITUDE, FINISHED, CAR_ID, GROUP_ID, STOCK_ID) VALUES
(1665, STRINGDECODE('\u0424\u0438\u043e 66'), STRINGDECODE('\u041d\u043e\u043c\u0435\u0440 66'), STRINGDECODE('\u0410\u0434\u0440\u0435\u0441 66'), 12.231880187988281, 45.12129592895508, FALSE, 0, 4, 42),
(1666, STRINGDECODE('\u0424\u0438\u043e 67'), STRINGDECODE('\u041d\u043e\u043c\u0435\u0440 67'), STRINGDECODE('\u0410\u0434\u0440\u0435\u0441 67'), 12.231889724731445, 45.121299743652344, FALSE, 0, 1, 42),
(1667, STRINGDECODE('\u0424\u0438\u043e 68'), STRINGDECODE('\u041d\u043e\u043c\u0435\u0440 68'), STRINGDECODE('\u0410\u0434\u0440\u0435\u0441 68'), 12.231900215148926, 45.121299743652344, FALSE, 0, 2, 42),
(1668, STRINGDECODE('\u0424\u0438\u043e 69'), STRINGDECODE('\u041d\u043e\u043c\u0435\u0440 69'), STRINGDECODE('\u0410\u0434\u0440\u0435\u0441 69'), 12.23190975189209, 45.121299743652344, FALSE, 0, 4, 42),
(1669, STRINGDECODE('\u0424\u0438\u043e 70'), STRINGDECODE('\u041d\u043e\u043c\u0435\u0440 70'), STRINGDECODE('\u0410\u0434\u0440\u0435\u0441 70'), 12.23192024230957, 45.121299743652344, FALSE, 0, 4, 42),
(1670, STRINGDECODE('\u0424\u0438\u043e 71'), STRINGDECODE('\u041d\u043e\u043c\u0435\u0440 71'), STRINGDECODE('\u0410\u0434\u0440\u0435\u0441 71'), 12.231929779052734, 45.12130355834961, FALSE, 0, 4, 42),
(1671, STRINGDECODE('\u0424\u0438\u043e 72'), STRINGDECODE('\u041d\u043e\u043c\u0435\u0440 72'), STRINGDECODE('\u0410\u0434\u0440\u0435\u0441 72'), 12.231940269470215, 45.12130355834961, FALSE, 0, 1, 42),
(1672, STRINGDECODE('\u0424\u0438\u043e 73'), STRINGDECODE('\u041d\u043e\u043c\u0435\u0440 73'), STRINGDECODE('\u0410\u0434\u0440\u0435\u0441 73'), 12.231949806213379, 45.12130355834961, FALSE, 0, 2, 42),
(1673, STRINGDECODE('\u0424\u0438\u043e 74'), STRINGDECODE('\u041d\u043e\u043c\u0435\u0440 74'), STRINGDECODE('\u0410\u0434\u0440\u0435\u0441 74'), 12.23196029663086, 45.12130355834961, FALSE, 0, 1, 42),
(1674, STRINGDECODE('\u0424\u0438\u043e 75'), STRINGDECODE('\u041d\u043e\u043c\u0435\u0440 75'), STRINGDECODE('\u0410\u0434\u0440\u0435\u0441 75'), 12.231969833374023, 45.121307373046875, FALSE, 0, 2, 42),
(1675, STRINGDECODE('\u0424\u0438\u043e 76'), STRINGDECODE('\u041d\u043e\u043c\u0435\u0440 76'), STRINGDECODE('\u0410\u0434\u0440\u0435\u0441 76'), 12.231980323791504, 45.121307373046875, FALSE, 0, 3, 42),
(1676, STRINGDECODE('\u0424\u0438\u043e 77'), STRINGDECODE('\u041d\u043e\u043c\u0435\u0440 77'), STRINGDECODE('\u0410\u0434\u0440\u0435\u0441 77'), 12.231989860534668, 45.121307373046875, FALSE, 0, 1, 42),
(1677, STRINGDECODE('\u0424\u0438\u043e 78'), STRINGDECODE('\u041d\u043e\u043c\u0435\u0440 78'), STRINGDECODE('\u0410\u0434\u0440\u0435\u0441 78'), 12.232000350952148, 45.121307373046875, FALSE, 0, 2, 42),
(1678, STRINGDECODE('\u0424\u0438\u043e 79'), STRINGDECODE('\u041d\u043e\u043c\u0435\u0440 79'), STRINGDECODE('\u0410\u0434\u0440\u0435\u0441 79'), 12.232009887695312, 45.12131118774414, FALSE, 0, 4, 42),
(1679, STRINGDECODE('\u0424\u0438\u043e 80'), STRINGDECODE('\u041d\u043e\u043c\u0435\u0440 80'), STRINGDECODE('\u0410\u0434\u0440\u0435\u0441 80'), 12.232020378112793, 45.12131118774414, FALSE, 0, 4, 42),
(1680, STRINGDECODE('\u0424\u0438\u043e 81'), STRINGDECODE('\u041d\u043e\u043c\u0435\u0440 81'), STRINGDECODE('\u0410\u0434\u0440\u0435\u0441 81'), 12.232029914855957, 45.12131118774414, FALSE, 0, 4, 42),
(1681, STRINGDECODE('\u0424\u0438\u043e 82'), STRINGDECODE('\u041d\u043e\u043c\u0435\u0440 82'), STRINGDECODE('\u0410\u0434\u0440\u0435\u0441 82'), 12.232040405273438, 45.12131118774414, FALSE, 0, 1, 42),
(1682, STRINGDECODE('\u0424\u0438\u043e 83'), STRINGDECODE('\u041d\u043e\u043c\u0435\u0440 83'), STRINGDECODE('\u0410\u0434\u0440\u0435\u0441 83'), 12.232049942016602, 45.121315002441406, FALSE, 0, 2, 42),
(1683, STRINGDECODE('\u0424\u0438\u043e 84'), STRINGDECODE('\u041d\u043e\u043c\u0435\u0440 84'), STRINGDECODE('\u0410\u0434\u0440\u0435\u0441 84'), 12.232060432434082, 45.121315002441406, FALSE, 0, 1, 42),
(1684, STRINGDECODE('\u0424\u0438\u043e 85'), STRINGDECODE('\u041d\u043e\u043c\u0435\u0440 85'), STRINGDECODE('\u0410\u0434\u0440\u0435\u0441 85'), 12.232069969177246, 45.121315002441406, FALSE, 0, 2, 42);
INSERT INTO PUBLIC.FAMILIES(ID, NAME, PHONE_NUMBER, ADDRESS, LONGITUDE, LATITUDE, FINISHED, CAR_ID, GROUP_ID, STOCK_ID) VALUES
(1685, STRINGDECODE('\u0424\u0438\u043e 86'), STRINGDECODE('\u041d\u043e\u043c\u0435\u0440 86'), STRINGDECODE('\u0410\u0434\u0440\u0435\u0441 86'), 12.232080459594727, 45.12131881713867, FALSE, 0, 3, 42),
(1686, STRINGDECODE('\u0424\u0438\u043e 87'), STRINGDECODE('\u041d\u043e\u043c\u0435\u0440 87'), STRINGDECODE('\u0410\u0434\u0440\u0435\u0441 87'), 12.23208999633789, 45.12131881713867, FALSE, 0, 1, 42),
(1687, STRINGDECODE('\u0424\u0438\u043e 88'), STRINGDECODE('\u041d\u043e\u043c\u0435\u0440 88'), STRINGDECODE('\u0410\u0434\u0440\u0435\u0441 88'), 12.232099533081055, 45.12131881713867, FALSE, 0, 2, 42),
(1688, STRINGDECODE('\u0424\u0438\u043e 89'), STRINGDECODE('\u041d\u043e\u043c\u0435\u0440 89'), STRINGDECODE('\u0410\u0434\u0440\u0435\u0441 89'), 12.232110023498535, 45.12131881713867, FALSE, 0, 2, 42),
(1689, STRINGDECODE('\u0424\u0438\u043e 90'), STRINGDECODE('\u041d\u043e\u043c\u0435\u0440 90'), STRINGDECODE('\u0410\u0434\u0440\u0435\u0441 90'), 12.2321195602417, 45.12132263183594, FALSE, 0, 3, 42),
(1690, STRINGDECODE('\u0424\u0438\u043e 91'), STRINGDECODE('\u041d\u043e\u043c\u0435\u0440 91'), STRINGDECODE('\u0410\u0434\u0440\u0435\u0441 91'), 12.23213005065918, 45.12132263183594, FALSE, 0, 1, 42),
(1691, STRINGDECODE('\u0424\u0438\u043e 92'), STRINGDECODE('\u041d\u043e\u043c\u0435\u0440 92'), STRINGDECODE('\u0410\u0434\u0440\u0435\u0441 92'), 12.232139587402344, 45.12132263183594, FALSE, 0, 2, 42),
(1692, STRINGDECODE('\u0424\u0438\u043e 93'), STRINGDECODE('\u041d\u043e\u043c\u0435\u0440 93'), STRINGDECODE('\u0410\u0434\u0440\u0435\u0441 93'), 12.232150077819824, 45.12132263183594, FALSE, 0, 3, 42),
(1693, STRINGDECODE('\u0424\u0438\u043e 94'), STRINGDECODE('\u041d\u043e\u043c\u0435\u0440 94'), STRINGDECODE('\u0410\u0434\u0440\u0435\u0441 94'), 12.232159614562988, 45.1213264465332, FALSE, 0, 4, 42),
(1694, STRINGDECODE('\u0424\u0438\u043e 95'), STRINGDECODE('\u041d\u043e\u043c\u0435\u0440 95'), STRINGDECODE('\u0410\u0434\u0440\u0435\u0441 95'), 12.232170104980469, 45.1213264465332, FALSE, 0, 1, 42),
(1695, STRINGDECODE('\u0424\u0438\u043e 96'), STRINGDECODE('\u041d\u043e\u043c\u0435\u0440 96'), STRINGDECODE('\u0410\u0434\u0440\u0435\u0441 96'), 12.232179641723633, 45.1213264465332, FALSE, 0, 2, 42),
(1696, STRINGDECODE('\u0424\u0438\u043e 97'), STRINGDECODE('\u041d\u043e\u043c\u0435\u0440 97'), STRINGDECODE('\u0410\u0434\u0440\u0435\u0441 97'), 12.232190132141113, 45.1213264465332, FALSE, 0, 4, 42),
(1697, STRINGDECODE('\u0424\u0438\u043e 98'), STRINGDECODE('\u041d\u043e\u043c\u0435\u0440 98'), STRINGDECODE('\u0410\u0434\u0440\u0435\u0441 98'), 12.232199668884277, 45.12133026123047, FALSE, 0, 4, 42),
(1698, STRINGDECODE('\u0424\u0438\u043e 99'), STRINGDECODE('\u041d\u043e\u043c\u0435\u0440 99'), STRINGDECODE('\u0410\u0434\u0440\u0435\u0441 99'), 12.232210159301758, 45.12133026123047, FALSE, 0, 4, 42),
(1699, STRINGDECODE('\u0424\u0438\u043e 100'), STRINGDECODE('\u041d\u043e\u043c\u0435\u0440 100'), STRINGDECODE('\u0410\u0434\u0440\u0435\u0441 100'), 12.232219696044922, 45.12133026123047, FALSE, 0, 1, 42),
(1700, STRINGDECODE('\u0424\u0438\u043e 101'), STRINGDECODE('\u041d\u043e\u043c\u0435\u0440 101'), STRINGDECODE('\u0410\u0434\u0440\u0435\u0441 101'), 12.232230186462402, 45.12133026123047, FALSE, 0, 2, 42),
(1701, STRINGDECODE('\u0424\u0438\u043e 102'), STRINGDECODE('\u041d\u043e\u043c\u0435\u0440 102'), STRINGDECODE('\u0410\u0434\u0440\u0435\u0441 102'), 12.232239723205566, 45.121334075927734, FALSE, 0, 1, 42),
(1702, STRINGDECODE('\u0424\u0438\u043e 103'), STRINGDECODE('\u041d\u043e\u043c\u0435\u0440 103'), STRINGDECODE('\u0410\u0434\u0440\u0435\u0441 103'), 12.232250213623047, 45.121334075927734, FALSE, 0, 2, 42),
(1703, STRINGDECODE('\u0424\u0438\u043e 104'), STRINGDECODE('\u041d\u043e\u043c\u0435\u0440 104'), STRINGDECODE('\u0410\u0434\u0440\u0435\u0441 104'), 12.232259750366211, 45.121334075927734, FALSE, 0, 3, 42),
(1704, STRINGDECODE('\u0424\u0438\u043e 105'), STRINGDECODE('\u041d\u043e\u043c\u0435\u0440 105'), STRINGDECODE('\u0410\u0434\u0440\u0435\u0441 105'), 12.232270240783691, 45.121337890625, FALSE, 0, 1, 42);
INSERT INTO PUBLIC.FAMILIES(ID, NAME, PHONE_NUMBER, ADDRESS, LONGITUDE, LATITUDE, FINISHED, CAR_ID, GROUP_ID, STOCK_ID) VALUES
(1705, STRINGDECODE('\u0424\u0438\u043e 106'), STRINGDECODE('\u041d\u043e\u043c\u0435\u0440 106'), STRINGDECODE('\u0410\u0434\u0440\u0435\u0441 106'), 12.232279777526855, 45.121337890625, FALSE, 0, 2, 42),
(1706, STRINGDECODE('\u0424\u0438\u043e 1'), STRINGDECODE('\u041d\u043e\u043c\u0435\u0440 1'), STRINGDECODE('\u0410\u0434\u0440\u0435\u0441 1'), 12.23123, 45.121232, FALSE, 0, 2, 42),
(1707, STRINGDECODE('\u0424\u0438\u043e 2'), STRINGDECODE('\u041d\u043e\u043c\u0435\u0440 2'), STRINGDECODE('\u0410\u0434\u0440\u0435\u0441 2'), 12.23124, 45.121233, FALSE, 0, 3, 42),
(1708, STRINGDECODE('\u0424\u0438\u043e 3'), STRINGDECODE('\u041d\u043e\u043c\u0435\u0440 3'), STRINGDECODE('\u0410\u0434\u0440\u0435\u0441 3'), 12.23125, 45.121234, FALSE, 0, 1, 42),
(1709, STRINGDECODE('\u0424\u0438\u043e 4'), STRINGDECODE('\u041d\u043e\u043c\u0435\u0440 4'), STRINGDECODE('\u0410\u0434\u0440\u0435\u0441 4'), 12.23126, 45.121235, FALSE, 0, 2, 42),
(1710, STRINGDECODE('\u0424\u0438\u043e 5'), STRINGDECODE('\u041d\u043e\u043c\u0435\u0440 5'), STRINGDECODE('\u0410\u0434\u0440\u0435\u0441 5'), 12.23127, 45.121236, FALSE, 0, 3, 42),
(1711, STRINGDECODE('\u0424\u0438\u043e 6'), STRINGDECODE('\u041d\u043e\u043c\u0435\u0440 6'), STRINGDECODE('\u0410\u0434\u0440\u0435\u0441 6'), 12.23128, 45.121237, FALSE, 0, 4, 42),
(1712, STRINGDECODE('\u0424\u0438\u043e 7'), STRINGDECODE('\u041d\u043e\u043c\u0435\u0440 7'), STRINGDECODE('\u0410\u0434\u0440\u0435\u0441 7'), 12.23129, 45.121238, FALSE, 0, 1, 42),
(1713, STRINGDECODE('\u0424\u0438\u043e 8'), STRINGDECODE('\u041d\u043e\u043c\u0435\u0440 8'), STRINGDECODE('\u0410\u0434\u0440\u0435\u0441 8'), 12.2313, 45.121239, FALSE, 0, 2, 42),
(1714, STRINGDECODE('\u0424\u0438\u043e 9'), STRINGDECODE('\u041d\u043e\u043c\u0435\u0440 9'), STRINGDECODE('\u0410\u0434\u0440\u0435\u0441 9'), 12.23131, 45.12124, FALSE, 0, 2, 42),
(1715, STRINGDECODE('\u0424\u0438\u043e 10'), STRINGDECODE('\u041d\u043e\u043c\u0435\u0440 10'), STRINGDECODE('\u0410\u0434\u0440\u0435\u0441 10'), 12.23132, 45.121241, FALSE, 0, 1, 42),
(1716, STRINGDECODE('\u0424\u0438\u043e 11'), STRINGDECODE('\u041d\u043e\u043c\u0435\u0440 11'), STRINGDECODE('\u0410\u0434\u0440\u0435\u0441 11'), 12.23133, 45.121242, FALSE, 0, 2, 42),
(1717, STRINGDECODE('\u0424\u0438\u043e 12'), STRINGDECODE('\u041d\u043e\u043c\u0435\u0440 12'), STRINGDECODE('\u0410\u0434\u0440\u0435\u0441 12'), 12.23134, 45.121243, FALSE, 0, 3, 42),
(1718, STRINGDECODE('\u0424\u0438\u043e 13'), STRINGDECODE('\u041d\u043e\u043c\u0435\u0440 13'), STRINGDECODE('\u0410\u0434\u0440\u0435\u0441 13'), 12.23135, 45.121244, FALSE, 0, 1, 42),
(1719, STRINGDECODE('\u0424\u0438\u043e 14'), STRINGDECODE('\u041d\u043e\u043c\u0435\u0440 14'), STRINGDECODE('\u0410\u0434\u0440\u0435\u0441 14'), 12.23136, 45.121245, FALSE, 0, 2, 42),
(1720, STRINGDECODE('\u0424\u0438\u043e 15'), STRINGDECODE('\u041d\u043e\u043c\u0435\u0440 15'), STRINGDECODE('\u0410\u0434\u0440\u0435\u0441 15'), 12.23137, 45.121246, FALSE, 0, 2, 42),
(1721, STRINGDECODE('\u0424\u0438\u043e 16'), STRINGDECODE('\u041d\u043e\u043c\u0435\u0440 16'), STRINGDECODE('\u0410\u0434\u0440\u0435\u0441 16'), 12.23138, 45.121247, FALSE, 0, 3, 42),
(1722, STRINGDECODE('\u0424\u0438\u043e 17'), STRINGDECODE('\u041d\u043e\u043c\u0435\u0440 17'), STRINGDECODE('\u0410\u0434\u0440\u0435\u0441 17'), 12.23139, 45.121248, FALSE, 0, 1, 42),
(1723, STRINGDECODE('\u0424\u0438\u043e 18'), STRINGDECODE('\u041d\u043e\u043c\u0435\u0440 18'), STRINGDECODE('\u0410\u0434\u0440\u0435\u0441 18'), 12.2314, 45.121249, FALSE, 0, 2, 42),
(1724, STRINGDECODE('\u0424\u0438\u043e 19'), STRINGDECODE('\u041d\u043e\u043c\u0435\u0440 19'), STRINGDECODE('\u0410\u0434\u0440\u0435\u0441 19'), 12.23141, 45.12125, FALSE, 0, 3, 42),
(1725, STRINGDECODE('\u0424\u0438\u043e 20'), STRINGDECODE('\u041d\u043e\u043c\u0435\u0440 20'), STRINGDECODE('\u0410\u0434\u0440\u0435\u0441 20'), 12.23142, 45.121251, FALSE, 0, 4, 42),
(1726, STRINGDECODE('\u0424\u0438\u043e 21'), STRINGDECODE('\u041d\u043e\u043c\u0435\u0440 21'), STRINGDECODE('\u0410\u0434\u0440\u0435\u0441 21'), 12.23143, 45.121252, FALSE, 0, 1, 42);
INSERT INTO PUBLIC.FAMILIES(ID, NAME, PHONE_NUMBER, ADDRESS, LONGITUDE, LATITUDE, FINISHED, CAR_ID, GROUP_ID, STOCK_ID) VALUES
(1727, STRINGDECODE('\u0424\u0438\u043e 22'), STRINGDECODE('\u041d\u043e\u043c\u0435\u0440 22'), STRINGDECODE('\u0410\u0434\u0440\u0435\u0441 22'), 12.23144, 45.121253, FALSE, 0, 2, 42),
(1728, STRINGDECODE('\u0424\u0438\u043e 23'), STRINGDECODE('\u041d\u043e\u043c\u0435\u0440 23'), STRINGDECODE('\u0410\u0434\u0440\u0435\u0441 23'), 12.23145, 45.121254, FALSE, 0, 4, 42),
(1729, STRINGDECODE('\u0424\u0438\u043e 24'), STRINGDECODE('\u041d\u043e\u043c\u0435\u0440 24'), STRINGDECODE('\u0410\u0434\u0440\u0435\u0441 24'), 12.23146, 45.121255, FALSE, 0, 4, 42),
(1730, STRINGDECODE('\u0424\u0438\u043e 25'), STRINGDECODE('\u041d\u043e\u043c\u0435\u0440 25'), STRINGDECODE('\u0410\u0434\u0440\u0435\u0441 25'), 12.23147, 45.121256, FALSE, 0, 4, 42),
(1731, STRINGDECODE('\u0424\u0438\u043e 26'), STRINGDECODE('\u041d\u043e\u043c\u0435\u0440 26'), STRINGDECODE('\u0410\u0434\u0440\u0435\u0441 26'), 12.23148, 45.121257, FALSE, 0, 1, 42),
(1732, STRINGDECODE('\u0424\u0438\u043e 27'), STRINGDECODE('\u041d\u043e\u043c\u0435\u0440 27'), STRINGDECODE('\u0410\u0434\u0440\u0435\u0441 27'), 12.23149, 45.121258, FALSE, 0, 2, 42),
(1733, STRINGDECODE('\u0424\u0438\u043e 28'), STRINGDECODE('\u041d\u043e\u043c\u0435\u0440 28'), STRINGDECODE('\u0410\u0434\u0440\u0435\u0441 28'), 12.2315, 45.121259, FALSE, 0, 1, 42),
(1734, STRINGDECODE('\u0424\u0438\u043e 29'), STRINGDECODE('\u041d\u043e\u043c\u0435\u0440 29'), STRINGDECODE('\u0410\u0434\u0440\u0435\u0441 29'), 12.23151, 45.12126, FALSE, 0, 2, 42),
(1735, STRINGDECODE('\u0424\u0438\u043e 30'), STRINGDECODE('\u041d\u043e\u043c\u0435\u0440 30'), STRINGDECODE('\u0410\u0434\u0440\u0435\u0441 30'), 12.23152, 45.121261, FALSE, 0, 3, 42),
(1736, STRINGDECODE('\u0424\u0438\u043e 31'), STRINGDECODE('\u041d\u043e\u043c\u0435\u0440 31'), STRINGDECODE('\u0410\u0434\u0440\u0435\u0441 31'), 12.23153, 45.121262, FALSE, 0, 1, 42),
(1737, STRINGDECODE('\u0424\u0438\u043e 32'), STRINGDECODE('\u041d\u043e\u043c\u0435\u0440 32'), STRINGDECODE('\u0410\u0434\u0440\u0435\u0441 32'), 12.23154, 45.121263, FALSE, 0, 2, 42),
(1738, STRINGDECODE('\u0424\u0438\u043e 33'), STRINGDECODE('\u041d\u043e\u043c\u0435\u0440 33'), STRINGDECODE('\u0410\u0434\u0440\u0435\u0441 33'), 12.23155, 45.121264, FALSE, 0, 2, 42),
(1739, STRINGDECODE('\u0424\u0438\u043e 34'), STRINGDECODE('\u041d\u043e\u043c\u0435\u0440 34'), STRINGDECODE('\u0410\u0434\u0440\u0435\u0441 34'), 12.23156, 45.121265, FALSE, 0, 3, 42),
(1740, STRINGDECODE('\u0424\u0438\u043e 35'), STRINGDECODE('\u041d\u043e\u043c\u0435\u0440 35'), STRINGDECODE('\u0410\u0434\u0440\u0435\u0441 35'), 12.23157, 45.121266, FALSE, 0, 1, 42),
(1741, STRINGDECODE('\u0424\u0438\u043e 36'), STRINGDECODE('\u041d\u043e\u043c\u0435\u0440 36'), STRINGDECODE('\u0410\u0434\u0440\u0435\u0441 36'), 12.23158, 45.121267, FALSE, 0, 2, 42),
(1742, STRINGDECODE('\u0424\u0438\u043e 37'), STRINGDECODE('\u041d\u043e\u043c\u0435\u0440 37'), STRINGDECODE('\u0410\u0434\u0440\u0435\u0441 37'), 12.23159, 45.121268, FALSE, 0, 3, 42),
(1743, STRINGDECODE('\u0424\u0438\u043e 38'), STRINGDECODE('\u041d\u043e\u043c\u0435\u0440 38'), STRINGDECODE('\u0410\u0434\u0440\u0435\u0441 38'), 12.2316, 45.121269, FALSE, 0, 4, 42),
(1744, STRINGDECODE('\u0424\u0438\u043e 39'), STRINGDECODE('\u041d\u043e\u043c\u0435\u0440 39'), STRINGDECODE('\u0410\u0434\u0440\u0435\u0441 39'), 12.23161, 45.12127, FALSE, 0, 2, 42),
(1745, STRINGDECODE('\u0424\u0438\u043e 40'), STRINGDECODE('\u041d\u043e\u043c\u0435\u0440 40'), STRINGDECODE('\u0410\u0434\u0440\u0435\u0441 40'), 12.23162, 45.121271, FALSE, 0, 1, 42),
(1746, STRINGDECODE('\u0424\u0438\u043e 41'), STRINGDECODE('\u041d\u043e\u043c\u0435\u0440 41'), STRINGDECODE('\u0410\u0434\u0440\u0435\u0441 41'), 12.23163, 45.121272, FALSE, 0, 2, 42),
(1747, STRINGDECODE('\u0424\u0438\u043e 42'), STRINGDECODE('\u041d\u043e\u043c\u0435\u0440 42'), STRINGDECODE('\u0410\u0434\u0440\u0435\u0441 42'), 12.23164, 45.121273, FALSE, 0, 3, 42),
(1748, STRINGDECODE('\u0424\u0438\u043e 43'), STRINGDECODE('\u041d\u043e\u043c\u0435\u0440 43'), STRINGDECODE('\u0410\u0434\u0440\u0435\u0441 43'), 12.23165, 45.121274, FALSE, 0, 1, 42);
INSERT INTO PUBLIC.FAMILIES(ID, NAME, PHONE_NUMBER, ADDRESS, LONGITUDE, LATITUDE, FINISHED, CAR_ID, GROUP_ID, STOCK_ID) VALUES
(1749, STRINGDECODE('\u0424\u0438\u043e 44'), STRINGDECODE('\u041d\u043e\u043c\u0435\u0440 44'), STRINGDECODE('\u0410\u0434\u0440\u0435\u0441 44'), 12.23166, 45.121275, FALSE, 0, 2, 42),
(1750, STRINGDECODE('\u0424\u0438\u043e 45'), STRINGDECODE('\u041d\u043e\u043c\u0435\u0440 45'), STRINGDECODE('\u0410\u0434\u0440\u0435\u0441 45'), 12.23167, 45.121276, FALSE, 0, 2, 42),
(1751, STRINGDECODE('\u0424\u0438\u043e 46'), STRINGDECODE('\u041d\u043e\u043c\u0435\u0440 46'), STRINGDECODE('\u0410\u0434\u0440\u0435\u0441 46'), 12.23168, 45.121277, FALSE, 0, 3, 42),
(1752, STRINGDECODE('\u0424\u0438\u043e 47'), STRINGDECODE('\u041d\u043e\u043c\u0435\u0440 47'), STRINGDECODE('\u0410\u0434\u0440\u0435\u0441 47'), 12.23169, 45.121278, FALSE, 0, 1, 42),
(1753, STRINGDECODE('\u0424\u0438\u043e 48'), STRINGDECODE('\u041d\u043e\u043c\u0435\u0440 48'), STRINGDECODE('\u0410\u0434\u0440\u0435\u0441 48'), 12.2317, 45.121279, FALSE, 0, 2, 42),
(1754, STRINGDECODE('\u0424\u0438\u043e 49'), STRINGDECODE('\u041d\u043e\u043c\u0435\u0440 49'), STRINGDECODE('\u0410\u0434\u0440\u0435\u0441 49'), 12.23171, 45.12128, FALSE, 0, 3, 42),
(1755, STRINGDECODE('\u0424\u0438\u043e 50'), STRINGDECODE('\u041d\u043e\u043c\u0435\u0440 50'), STRINGDECODE('\u0410\u0434\u0440\u0435\u0441 50'), 12.23172, 45.121281, FALSE, 0, 4, 42),
(1756, STRINGDECODE('\u0424\u0438\u043e 51'), STRINGDECODE('\u041d\u043e\u043c\u0435\u0440 51'), STRINGDECODE('\u0410\u0434\u0440\u0435\u0441 51'), 12.23173, 45.121282, FALSE, 0, 1, 42),
(1757, STRINGDECODE('\u0424\u0438\u043e 52'), STRINGDECODE('\u041d\u043e\u043c\u0435\u0440 52'), STRINGDECODE('\u0410\u0434\u0440\u0435\u0441 52'), 12.23174, 45.121283, FALSE, 0, 2, 42),
(1758, STRINGDECODE('\u0424\u0438\u043e 53'), STRINGDECODE('\u041d\u043e\u043c\u0435\u0440 53'), STRINGDECODE('\u0410\u0434\u0440\u0435\u0441 53'), 12.23175, 45.121284, FALSE, 0, 4, 42),
(1759, STRINGDECODE('\u0424\u0438\u043e 54'), STRINGDECODE('\u041d\u043e\u043c\u0435\u0440 54'), STRINGDECODE('\u0410\u0434\u0440\u0435\u0441 54'), 12.23176, 45.121285, FALSE, 0, 4, 42),
(1760, STRINGDECODE('\u0424\u0438\u043e 55'), STRINGDECODE('\u041d\u043e\u043c\u0435\u0440 55'), STRINGDECODE('\u0410\u0434\u0440\u0435\u0441 55'), 12.23177, 45.121286, FALSE, 0, 4, 42),
(1761, STRINGDECODE('\u0424\u0438\u043e 56'), STRINGDECODE('\u041d\u043e\u043c\u0435\u0440 56'), STRINGDECODE('\u0410\u0434\u0440\u0435\u0441 56'), 12.23178, 45.121287, FALSE, 0, 1, 42),
(1762, STRINGDECODE('\u0424\u0438\u043e 57'), STRINGDECODE('\u041d\u043e\u043c\u0435\u0440 57'), STRINGDECODE('\u0410\u0434\u0440\u0435\u0441 57'), 12.23179, 45.121288, FALSE, 0, 2, 42),
(1763, STRINGDECODE('\u0424\u0438\u043e 58'), STRINGDECODE('\u041d\u043e\u043c\u0435\u0440 58'), STRINGDECODE('\u0410\u0434\u0440\u0435\u0441 58'), 12.2318, 45.121289, FALSE, 0, 1, 42),
(1764, STRINGDECODE('\u0424\u0438\u043e 59'), STRINGDECODE('\u041d\u043e\u043c\u0435\u0440 59'), STRINGDECODE('\u0410\u0434\u0440\u0435\u0441 59'), 12.23181, 45.12129, FALSE, 0, 2, 42),
(1765, STRINGDECODE('\u0424\u0438\u043e 60'), STRINGDECODE('\u041d\u043e\u043c\u0435\u0440 60'), STRINGDECODE('\u0410\u0434\u0440\u0435\u0441 60'), 12.23182, 45.121291, FALSE, 0, 3, 42),
(1766, STRINGDECODE('\u0424\u0438\u043e 61'), STRINGDECODE('\u041d\u043e\u043c\u0435\u0440 61'), STRINGDECODE('\u0410\u0434\u0440\u0435\u0441 61'), 12.23183, 45.121292, FALSE, 0, 1, 42),
(1767, STRINGDECODE('\u0424\u0438\u043e 62'), STRINGDECODE('\u041d\u043e\u043c\u0435\u0440 62'), STRINGDECODE('\u0410\u0434\u0440\u0435\u0441 62'), 12.23184, 45.121293, FALSE, 0, 2, 42),
(1768, STRINGDECODE('\u0424\u0438\u043e 63'), STRINGDECODE('\u041d\u043e\u043c\u0435\u0440 63'), STRINGDECODE('\u0410\u0434\u0440\u0435\u0441 63'), 12.23185, 45.121294, FALSE, 0, 2, 42),
(1769, STRINGDECODE('\u0424\u0438\u043e 64'), STRINGDECODE('\u041d\u043e\u043c\u0435\u0440 64'), STRINGDECODE('\u0410\u0434\u0440\u0435\u0441 64'), 12.23186, 45.121295, FALSE, 0, 3, 42),
(1770, STRINGDECODE('\u0424\u0438\u043e 65'), STRINGDECODE('\u041d\u043e\u043c\u0435\u0440 65'), STRINGDECODE('\u0410\u0434\u0440\u0435\u0441 65'), 12.23187, 45.121296, FALSE, 0, 1, 42);
INSERT INTO PUBLIC.FAMILIES(ID, NAME, PHONE_NUMBER, ADDRESS, LONGITUDE, LATITUDE, FINISHED, CAR_ID, GROUP_ID, STOCK_ID) VALUES
(1771, STRINGDECODE('\u0424\u0438\u043e 66'), STRINGDECODE('\u041d\u043e\u043c\u0435\u0440 66'), STRINGDECODE('\u0410\u0434\u0440\u0435\u0441 66'), 12.23188, 45.121297, FALSE, 0, 2, 42),
(1772, STRINGDECODE('\u0424\u0438\u043e 67'), STRINGDECODE('\u041d\u043e\u043c\u0435\u0440 67'), STRINGDECODE('\u0410\u0434\u0440\u0435\u0441 67'), 12.23189, 45.121298, FALSE, 0, 3, 42),
(1773, STRINGDECODE('\u0424\u0438\u043e 68'), STRINGDECODE('\u041d\u043e\u043c\u0435\u0440 68'), STRINGDECODE('\u0410\u0434\u0440\u0435\u0441 68'), 12.2319, 45.121299, FALSE, 0, 4, 42),
(1774, STRINGDECODE('\u0424\u0438\u043e 69'), STRINGDECODE('\u041d\u043e\u043c\u0435\u0440 69'), STRINGDECODE('\u0410\u0434\u0440\u0435\u0441 69'), 12.23191, 45.1213, FALSE, 0, 2, 42),
(1775, STRINGDECODE('\u0424\u0438\u043e 70'), STRINGDECODE('\u041d\u043e\u043c\u0435\u0440 70'), STRINGDECODE('\u0410\u0434\u0440\u0435\u0441 70'), 12.23192, 45.121301, FALSE, 0, 1, 42),
(1776, STRINGDECODE('\u0424\u0438\u043e 71'), STRINGDECODE('\u041d\u043e\u043c\u0435\u0440 71'), STRINGDECODE('\u0410\u0434\u0440\u0435\u0441 71'), 12.23193, 45.121302, FALSE, 0, 2, 42),
(1777, STRINGDECODE('\u0424\u0438\u043e 72'), STRINGDECODE('\u041d\u043e\u043c\u0435\u0440 72'), STRINGDECODE('\u0410\u0434\u0440\u0435\u0441 72'), 12.23194, 45.121303, FALSE, 0, 3, 42),
(1778, STRINGDECODE('\u0424\u0438\u043e 73'), STRINGDECODE('\u041d\u043e\u043c\u0435\u0440 73'), STRINGDECODE('\u0410\u0434\u0440\u0435\u0441 73'), 12.23195, 45.121304, FALSE, 0, 1, 42),
(1779, STRINGDECODE('\u0424\u0438\u043e 74'), STRINGDECODE('\u041d\u043e\u043c\u0435\u0440 74'), STRINGDECODE('\u0410\u0434\u0440\u0435\u0441 74'), 12.23196, 45.121305, FALSE, 0, 2, 42),
(1780, STRINGDECODE('\u0424\u0438\u043e 75'), STRINGDECODE('\u041d\u043e\u043c\u0435\u0440 75'), STRINGDECODE('\u0410\u0434\u0440\u0435\u0441 75'), 12.23197, 45.121306, FALSE, 0, 2, 42),
(1781, STRINGDECODE('\u0424\u0438\u043e 76'), STRINGDECODE('\u041d\u043e\u043c\u0435\u0440 76'), STRINGDECODE('\u0410\u0434\u0440\u0435\u0441 76'), 12.23198, 45.121307, FALSE, 0, 3, 42),
(1782, STRINGDECODE('\u0424\u0438\u043e 77'), STRINGDECODE('\u041d\u043e\u043c\u0435\u0440 77'), STRINGDECODE('\u0410\u0434\u0440\u0435\u0441 77'), 12.23199, 45.121308, FALSE, 0, 1, 42),
(1783, STRINGDECODE('\u0424\u0438\u043e 78'), STRINGDECODE('\u041d\u043e\u043c\u0435\u0440 78'), STRINGDECODE('\u0410\u0434\u0440\u0435\u0441 78'), 12.232, 45.121309, FALSE, 0, 2, 42),
(1784, STRINGDECODE('\u0424\u0438\u043e 79'), STRINGDECODE('\u041d\u043e\u043c\u0435\u0440 79'), STRINGDECODE('\u0410\u0434\u0440\u0435\u0441 79'), 12.23201, 45.12131, FALSE, 0, 3, 42),
(1785, STRINGDECODE('\u0424\u0438\u043e 80'), STRINGDECODE('\u041d\u043e\u043c\u0435\u0440 80'), STRINGDECODE('\u0410\u0434\u0440\u0435\u0441 80'), 12.23202, 45.121311, FALSE, 0, 4, 42),
(1786, STRINGDECODE('\u0424\u0438\u043e 81'), STRINGDECODE('\u041d\u043e\u043c\u0435\u0440 81'), STRINGDECODE('\u0410\u0434\u0440\u0435\u0441 81'), 12.23203, 45.121312, FALSE, 0, 1, 42),
(1787, STRINGDECODE('\u0424\u0438\u043e 82'), STRINGDECODE('\u041d\u043e\u043c\u0435\u0440 82'), STRINGDECODE('\u0410\u0434\u0440\u0435\u0441 82'), 12.23204, 45.121313, FALSE, 0, 2, 42),
(1788, STRINGDECODE('\u0424\u0438\u043e 83'), STRINGDECODE('\u041d\u043e\u043c\u0435\u0440 83'), STRINGDECODE('\u0410\u0434\u0440\u0435\u0441 83'), 12.23205, 45.121314, FALSE, 0, 4, 42),
(1789, STRINGDECODE('\u0424\u0438\u043e 84'), STRINGDECODE('\u041d\u043e\u043c\u0435\u0440 84'), STRINGDECODE('\u0410\u0434\u0440\u0435\u0441 84'), 12.23206, 45.121315, FALSE, 0, 4, 42),
(1790, STRINGDECODE('\u0424\u0438\u043e 85'), STRINGDECODE('\u041d\u043e\u043c\u0435\u0440 85'), STRINGDECODE('\u0410\u0434\u0440\u0435\u0441 85'), 12.23207, 45.121316, FALSE, 0, 4, 42),
(1791, STRINGDECODE('\u0424\u0438\u043e 86'), STRINGDECODE('\u041d\u043e\u043c\u0435\u0440 86'), STRINGDECODE('\u0410\u0434\u0440\u0435\u0441 86'), 12.23208, 45.121317, FALSE, 0, 1, 42),
(1792, STRINGDECODE('\u0424\u0438\u043e 87'), STRINGDECODE('\u041d\u043e\u043c\u0435\u0440 87'), STRINGDECODE('\u0410\u0434\u0440\u0435\u0441 87'), 12.23209, 45.121318, FALSE, 0, 2, 42);
INSERT INTO PUBLIC.FAMILIES(ID, NAME, PHONE_NUMBER, ADDRESS, LONGITUDE, LATITUDE, FINISHED, CAR_ID, GROUP_ID, STOCK_ID) VALUES
(1793, STRINGDECODE('\u0424\u0438\u043e 88'), STRINGDECODE('\u041d\u043e\u043c\u0435\u0440 88'), STRINGDECODE('\u0410\u0434\u0440\u0435\u0441 88'), 12.2321, 45.121319, FALSE, 0, 1, 42),
(1794, STRINGDECODE('\u0424\u0438\u043e 89'), STRINGDECODE('\u041d\u043e\u043c\u0435\u0440 89'), STRINGDECODE('\u0410\u0434\u0440\u0435\u0441 89'), 12.23211, 45.12132, FALSE, 0, 2, 42),
(1795, STRINGDECODE('\u0424\u0438\u043e 90'), STRINGDECODE('\u041d\u043e\u043c\u0435\u0440 90'), STRINGDECODE('\u0410\u0434\u0440\u0435\u0441 90'), 12.23212, 45.121321, FALSE, 0, 3, 42),
(1796, STRINGDECODE('\u0424\u0438\u043e 91'), STRINGDECODE('\u041d\u043e\u043c\u0435\u0440 91'), STRINGDECODE('\u0410\u0434\u0440\u0435\u0441 91'), 12.23213, 45.121322, FALSE, 0, 1, 42),
(1797, STRINGDECODE('\u0424\u0438\u043e 92'), STRINGDECODE('\u041d\u043e\u043c\u0435\u0440 92'), STRINGDECODE('\u0410\u0434\u0440\u0435\u0441 92'), 12.23214, 45.121323, FALSE, 0, 2, 42),
(1798, STRINGDECODE('\u0424\u0438\u043e 93'), STRINGDECODE('\u041d\u043e\u043c\u0435\u0440 93'), STRINGDECODE('\u0410\u0434\u0440\u0435\u0441 93'), 12.23215, 45.121324, FALSE, 0, 2, 42),
(1799, STRINGDECODE('\u0424\u0438\u043e 94'), STRINGDECODE('\u041d\u043e\u043c\u0435\u0440 94'), STRINGDECODE('\u0410\u0434\u0440\u0435\u0441 94'), 12.23216, 45.121325, FALSE, 0, 3, 42),
(1800, STRINGDECODE('\u0424\u0438\u043e 95'), STRINGDECODE('\u041d\u043e\u043c\u0435\u0440 95'), STRINGDECODE('\u0410\u0434\u0440\u0435\u0441 95'), 12.23217, 45.121326, FALSE, 0, 1, 42),
(1801, STRINGDECODE('\u0424\u0438\u043e 96'), STRINGDECODE('\u041d\u043e\u043c\u0435\u0440 96'), STRINGDECODE('\u0410\u0434\u0440\u0435\u0441 96'), 12.23218, 45.121327, FALSE, 0, 2, 42),
(1802, STRINGDECODE('\u0424\u0438\u043e 97'), STRINGDECODE('\u041d\u043e\u043c\u0435\u0440 97'), STRINGDECODE('\u0410\u0434\u0440\u0435\u0441 97'), 12.23219, 45.121328, FALSE, 0, 3, 42),
(1803, STRINGDECODE('\u0424\u0438\u043e 98'), STRINGDECODE('\u041d\u043e\u043c\u0435\u0440 98'), STRINGDECODE('\u0410\u0434\u0440\u0435\u0441 98'), 12.2322, 45.121329, FALSE, 0, 4, 42),
(1804, STRINGDECODE('\u0424\u0438\u043e 99'), STRINGDECODE('\u041d\u043e\u043c\u0435\u0440 99'), STRINGDECODE('\u0410\u0434\u0440\u0435\u0441 99'), 12.23221, 45.12133, FALSE, 0, 2, 42),
(1805, STRINGDECODE('\u0424\u0438\u043e 101'), STRINGDECODE('\u041d\u043e\u043c\u0435\u0440 101'), STRINGDECODE('\u0410\u0434\u0440\u0435\u0441 101'), 12.23223, 45.121332, FALSE, 0, 1, 42),
(1806, STRINGDECODE('\u0424\u0438\u043e 102'), STRINGDECODE('\u041d\u043e\u043c\u0435\u0440 102'), STRINGDECODE('\u0410\u0434\u0440\u0435\u0441 102'), 12.23224, 45.121333, FALSE, 0, 2, 42),
(1807, STRINGDECODE('\u0424\u0438\u043e 103'), STRINGDECODE('\u041d\u043e\u043c\u0435\u0440 103'), STRINGDECODE('\u0410\u0434\u0440\u0435\u0441 103'), 12.23225, 45.121334, FALSE, 0, 3, 42),
(1808, STRINGDECODE('\u0424\u0438\u043e 104'), STRINGDECODE('\u041d\u043e\u043c\u0435\u0440 104'), STRINGDECODE('\u0410\u0434\u0440\u0435\u0441 104'), 12.23226, 45.121335, FALSE, 0, 1, 42),
(1809, STRINGDECODE('\u0424\u0438\u043e 105'), STRINGDECODE('\u041d\u043e\u043c\u0435\u0440 105'), STRINGDECODE('\u0410\u0434\u0440\u0435\u0441 105'), 12.23227, 45.121336, FALSE, 0, 2, 42),
(1810, STRINGDECODE('\u0424\u0438\u043e 106'), STRINGDECODE('\u041d\u043e\u043c\u0435\u0440 106'), STRINGDECODE('\u0410\u0434\u0440\u0435\u0441 106'), 12.23228, 45.121337, FALSE, 0, 2, 42),
(1811, STRINGDECODE('\u0422\u0430\u043a-\u0442\u043e \u0442\u0430\u043a'), STRINGDECODE('\u041d\u043e\u043c\u0435\u0440 100'), STRINGDECODE('\u0442\u0430\u043a\u043e\u0439 \u0442\u043e'), 12.23222, 45.121331, FALSE, 0, 3, 42),
(1812, STRINGDECODE('\u0424\u0438\u043e 1'), STRINGDECODE('\u041d\u043e\u043c\u0435\u0440 1'), STRINGDECODE('\u0410\u0434\u0440\u0435\u0441 1'), 12.231229782104492, 45.12123107910156, FALSE, 0, 1, 42),
(1813, STRINGDECODE('\u0424\u0438\u043e 2'), STRINGDECODE('\u041d\u043e\u043c\u0435\u0440 2'), STRINGDECODE('\u0410\u0434\u0440\u0435\u0441 2'), 12.231240272521973, 45.12123489379883, FALSE, 0, 2, 42);
INSERT INTO PUBLIC.FAMILIES(ID, NAME, PHONE_NUMBER, ADDRESS, LONGITUDE, LATITUDE, FINISHED, CAR_ID, GROUP_ID, STOCK_ID) VALUES
(1814, STRINGDECODE('\u0424\u0438\u043e 3'), STRINGDECODE('\u041d\u043e\u043c\u0435\u0440 3'), STRINGDECODE('\u0410\u0434\u0440\u0435\u0441 3'), 12.231249809265137, 45.12123489379883, FALSE, 0, 3, 42),
(1815, STRINGDECODE('\u0424\u0438\u043e 4'), STRINGDECODE('\u041d\u043e\u043c\u0435\u0440 4'), STRINGDECODE('\u0410\u0434\u0440\u0435\u0441 4'), 12.231260299682617, 45.12123489379883, FALSE, 0, 1, 42),
(1816, STRINGDECODE('\u0424\u0438\u043e 5'), STRINGDECODE('\u041d\u043e\u043c\u0435\u0440 5'), STRINGDECODE('\u0410\u0434\u0440\u0435\u0441 5'), 12.231269836425781, 45.12123489379883, FALSE, 0, 2, 42),
(1817, STRINGDECODE('\u0424\u0438\u043e 6'), STRINGDECODE('\u041d\u043e\u043c\u0435\u0440 6'), STRINGDECODE('\u0410\u0434\u0440\u0435\u0441 6'), 12.231280326843262, 45.121238708496094, FALSE, 0, 3, 42),
(1818, STRINGDECODE('\u0424\u0438\u043e 7'), STRINGDECODE('\u041d\u043e\u043c\u0435\u0440 7'), STRINGDECODE('\u0410\u0434\u0440\u0435\u0441 7'), 12.231289863586426, 45.121238708496094, FALSE, 0, 4, 42),
(1819, STRINGDECODE('\u0424\u0438\u043e 8'), STRINGDECODE('\u041d\u043e\u043c\u0435\u0440 8'), STRINGDECODE('\u0410\u0434\u0440\u0435\u0441 8'), 12.231300354003906, 45.121238708496094, FALSE, 0, 1, 42),
(1820, STRINGDECODE('\u0424\u0438\u043e 9'), STRINGDECODE('\u041d\u043e\u043c\u0435\u0440 9'), STRINGDECODE('\u0410\u0434\u0440\u0435\u0441 9'), 12.23130989074707, 45.121238708496094, FALSE, 0, 2, 42),
(1821, STRINGDECODE('\u0424\u0438\u043e 10'), STRINGDECODE('\u041d\u043e\u043c\u0435\u0440 10'), STRINGDECODE('\u0410\u0434\u0440\u0435\u0441 10'), 12.23132038116455, 45.12124252319336, FALSE, 0, 4, 42),
(1822, STRINGDECODE('\u0424\u0438\u043e 11'), STRINGDECODE('\u041d\u043e\u043c\u0435\u0440 11'), STRINGDECODE('\u0410\u0434\u0440\u0435\u0441 11'), 12.231329917907715, 45.12124252319336, FALSE, 0, 4, 42),
(1823, STRINGDECODE('\u0424\u0438\u043e 12'), STRINGDECODE('\u041d\u043e\u043c\u0435\u0440 12'), STRINGDECODE('\u0410\u0434\u0440\u0435\u0441 12'), 12.231340408325195, 45.12124252319336, FALSE, 0, 4, 42),
(1824, STRINGDECODE('\u0424\u0438\u043e 13'), STRINGDECODE('\u041d\u043e\u043c\u0435\u0440 13'), STRINGDECODE('\u0410\u0434\u0440\u0435\u0441 13'), 12.23134994506836, 45.12124252319336, FALSE, 0, 1, 42),
(1825, STRINGDECODE('\u0424\u0438\u043e 14'), STRINGDECODE('\u041d\u043e\u043c\u0435\u0440 14'), STRINGDECODE('\u0410\u0434\u0440\u0435\u0441 14'), 12.23136043548584, 45.121246337890625, FALSE, 0, 2, 42),
(1826, STRINGDECODE('\u0444\u044b\u0432\u0444\u044b\u0432\u0444\u044b\u0432'), STRINGDECODE('\u041d\u043e\u043c\u0435\u0440 15'), STRINGDECODE('\u0439\u0446\u0443\u0439\u0446\u0443'), 12.231369972229004, 45.121246337890625, FALSE, 0, 1, 42),
(1827, STRINGDECODE('\u0424\u0438\u043e 16'), STRINGDECODE('\u041d\u043e\u043c\u0435\u0440 16'), STRINGDECODE('\u0410\u0434\u0440\u0435\u0441 16'), 12.231380462646484, 45.121246337890625, FALSE, 0, 2, 42),
(1828, STRINGDECODE('\u0424\u0438\u043e 17'), STRINGDECODE('\u041d\u043e\u043c\u0435\u0440 17'), STRINGDECODE('\u0410\u0434\u0440\u0435\u0441 17'), 12.231389999389648, 45.121246337890625, FALSE, 0, 3, 42),
(1829, STRINGDECODE('\u0424\u0438\u043e 18'), STRINGDECODE('\u041d\u043e\u043c\u0435\u0440 18'), STRINGDECODE('\u0410\u0434\u0440\u0435\u0441 18'), 12.231399536132812, 45.12125015258789, FALSE, 0, 1, 42),
(1830, STRINGDECODE('\u0424\u0438\u043e 19'), STRINGDECODE('\u041d\u043e\u043c\u0435\u0440 19'), STRINGDECODE('\u0410\u0434\u0440\u0435\u0441 19'), 12.231410026550293, 45.12125015258789, FALSE, 0, 2, 42),
(1831, STRINGDECODE('\u0424\u0438\u043e 20'), STRINGDECODE('\u041d\u043e\u043c\u0435\u0440 20'), STRINGDECODE('\u0410\u0434\u0440\u0435\u0441 20'), 12.231419563293457, 45.12125015258789, FALSE, 0, 3, 42),
(1832, STRINGDECODE('\u0424\u0438\u043e 21'), STRINGDECODE('\u041d\u043e\u043c\u0435\u0440 21'), STRINGDECODE('\u0410\u0434\u0440\u0435\u0441 21'), 12.231430053710938, 45.12125015258789, FALSE, 0, 4, 42),
(1833, STRINGDECODE('\u0424\u0438\u043e 22'), STRINGDECODE('\u041d\u043e\u043c\u0435\u0440 22'), STRINGDECODE('\u0410\u0434\u0440\u0435\u0441 22'), 12.231439590454102, 45.121253967285156, FALSE, 0, 1, 42);
INSERT INTO PUBLIC.FAMILIES(ID, NAME, PHONE_NUMBER, ADDRESS, LONGITUDE, LATITUDE, FINISHED, CAR_ID, GROUP_ID, STOCK_ID) VALUES
(1834, STRINGDECODE('\u0424\u0438\u043e 23'), STRINGDECODE('\u041d\u043e\u043c\u0435\u0440 23'), STRINGDECODE('\u0410\u0434\u0440\u0435\u0441 23'), 12.231450080871582, 45.121253967285156, FALSE, 0, 2, 42),
(1835, STRINGDECODE('\u0424\u0438\u043e 24'), STRINGDECODE('\u041d\u043e\u043c\u0435\u0440 24'), STRINGDECODE('\u0410\u0434\u0440\u0435\u0441 24'), 12.231459617614746, 45.121253967285156, FALSE, 0, 4, 42),
(1836, 'Jhnm', STRINGDECODE('\u041d\u043e\u043c\u0435\u0440 25'), STRINGDECODE('\u0410\u0434\u0440\u0435\u0441 25'), 12.231470108032227, 45.12125778198242, FALSE, 0, 4, 42),
(1837, STRINGDECODE('\u0424\u0438\u043e 26'), STRINGDECODE('\u041d\u043e\u043c\u0435\u0440 26'), STRINGDECODE('\u0410\u0434\u0440\u0435\u0441 26'), 12.23147964477539, 45.12125778198242, FALSE, 0, 4, 42),
(1838, STRINGDECODE('\u0424\u0438\u043e 27'), STRINGDECODE('\u041d\u043e\u043c\u0435\u0440 27'), STRINGDECODE('\u0410\u0434\u0440\u0435\u0441 27'), 12.231490135192871, 45.12125778198242, FALSE, 0, 1, 42),
(1839, STRINGDECODE('\u0424\u0438\u043e 28'), STRINGDECODE('\u041d\u043e\u043c\u0435\u0440 28'), STRINGDECODE('\u0410\u0434\u0440\u0435\u0441 28'), 12.231499671936035, 45.12125778198242, FALSE, 0, 2, 42),
(1840, STRINGDECODE('\u0424\u0438\u043e 29'), STRINGDECODE('\u041d\u043e\u043c\u0435\u0440 29'), STRINGDECODE('\u0410\u0434\u0440\u0435\u0441 29'), 12.231510162353516, 45.12126159667969, FALSE, 0, 1, 42),
(1841, STRINGDECODE('\u0424\u0438\u043e 30'), STRINGDECODE('\u041d\u043e\u043c\u0435\u0440 30'), STRINGDECODE('\u0410\u0434\u0440\u0435\u0441 30'), 12.23151969909668, 45.12126159667969, FALSE, 0, 2, 42),
(1842, STRINGDECODE('\u0424\u0438\u043e 31'), STRINGDECODE('\u041d\u043e\u043c\u0435\u0440 31'), STRINGDECODE('\u0410\u0434\u0440\u0435\u0441 31'), 12.23153018951416, 45.12126159667969, FALSE, 0, 3, 42),
(1843, STRINGDECODE('\u0424\u0438\u043e 32'), STRINGDECODE('\u041d\u043e\u043c\u0435\u0440 32'), STRINGDECODE('\u0410\u0434\u0440\u0435\u0441 32'), 12.231539726257324, 45.12126159667969, FALSE, 0, 1, 42),
(1844, STRINGDECODE('\u0424\u0438\u043e 33'), STRINGDECODE('\u041d\u043e\u043c\u0435\u0440 33'), STRINGDECODE('\u0410\u0434\u0440\u0435\u0441 33'), 12.231550216674805, 45.12126541137695, FALSE, 0, 2, 42),
(1845, STRINGDECODE('\u0424\u0438\u043e 34'), STRINGDECODE('\u041d\u043e\u043c\u0435\u0440 34'), STRINGDECODE('\u0410\u0434\u0440\u0435\u0441 34'), 12.231559753417969, 45.12126541137695, FALSE, 0, 3, 42),
(1846, STRINGDECODE('\u0424\u0438\u043e 35'), STRINGDECODE('\u041d\u043e\u043c\u0435\u0440 35'), STRINGDECODE('\u0410\u0434\u0440\u0435\u0441 35'), 12.23157024383545, 45.12126541137695, FALSE, 0, 4, 42),
(1847, STRINGDECODE('\u0424\u0438\u043e 36'), STRINGDECODE('\u041d\u043e\u043c\u0435\u0440 36'), STRINGDECODE('\u0410\u0434\u0440\u0435\u0441 36'), 12.231579780578613, 45.12126541137695, FALSE, 0, 1, 42),
(1848, STRINGDECODE('\u0424\u0438\u043e 37'), STRINGDECODE('\u041d\u043e\u043c\u0435\u0440 37'), STRINGDECODE('\u0410\u0434\u0440\u0435\u0441 37'), 12.231590270996094, 45.12126922607422, FALSE, 0, 2, 42),
(1849, STRINGDECODE('\u0424\u0438\u043e 38'), STRINGDECODE('\u041d\u043e\u043c\u0435\u0440 38'), STRINGDECODE('\u0410\u0434\u0440\u0435\u0441 38'), 12.231599807739258, 45.12126922607422, FALSE, 0, 4, 42),
(1850, STRINGDECODE('\u0424\u0438\u043e 39'), STRINGDECODE('\u041d\u043e\u043c\u0435\u0440 39'), STRINGDECODE('\u0410\u0434\u0440\u0435\u0441 39'), 12.231610298156738, 45.12126922607422, FALSE, 0, 4, 42),
(1851, STRINGDECODE('\u0424\u0438\u043e 40'), STRINGDECODE('\u041d\u043e\u043c\u0435\u0440 40'), STRINGDECODE('\u0410\u0434\u0440\u0435\u0441 40'), 12.231619834899902, 45.12126922607422, FALSE, 0, 4, 42),
(1852, STRINGDECODE('\u0424\u0438\u043e 41'), STRINGDECODE('\u041d\u043e\u043c\u0435\u0440 41'), STRINGDECODE('\u0410\u0434\u0440\u0435\u0441 41'), 12.231630325317383, 45.121273040771484, FALSE, 0, 1, 42),
(1853, STRINGDECODE('\u0424\u0438\u043e 42'), STRINGDECODE('\u041d\u043e\u043c\u0435\u0440 42'), STRINGDECODE('\u0410\u0434\u0440\u0435\u0441 42'), 12.231639862060547, 45.121273040771484, FALSE, 0, 2, 42);
INSERT INTO PUBLIC.FAMILIES(ID, NAME, PHONE_NUMBER, ADDRESS, LONGITUDE, LATITUDE, FINISHED, CAR_ID, GROUP_ID, STOCK_ID) VALUES
(1854, STRINGDECODE('\u0424\u0438\u043e 43'), STRINGDECODE('\u041d\u043e\u043c\u0435\u0440 43'), STRINGDECODE('\u0410\u0434\u0440\u0435\u0441 43'), 12.231650352478027, 45.121273040771484, FALSE, 0, 2, 42),
(1855, STRINGDECODE('\u0424\u0438\u043e 44'), STRINGDECODE('\u041d\u043e\u043c\u0435\u0440 44'), STRINGDECODE('\u0410\u0434\u0440\u0435\u0441 44'), 12.231659889221191, 45.12127685546875, FALSE, 0, 3, 42),
(1856, STRINGDECODE('\u0424\u0438\u043e 45'), STRINGDECODE('\u041d\u043e\u043c\u0435\u0440 45'), STRINGDECODE('\u0410\u0434\u0440\u0435\u0441 45'), 12.231670379638672, 45.12127685546875, FALSE, 0, 1, 42),
(1857, STRINGDECODE('\u0424\u0438\u043e 46'), STRINGDECODE('\u041d\u043e\u043c\u0435\u0440 46'), STRINGDECODE('\u0410\u0434\u0440\u0435\u0441 46'), 12.231679916381836, 45.12127685546875, FALSE, 0, 2, 42),
(1858, STRINGDECODE('\u0424\u0438\u043e 47'), STRINGDECODE('\u041d\u043e\u043c\u0435\u0440 47'), STRINGDECODE('\u0410\u0434\u0440\u0435\u0441 47'), 12.231690406799316, 45.12127685546875, FALSE, 0, 3, 42),
(1859, STRINGDECODE('\u0424\u0438\u043e 48'), STRINGDECODE('\u041d\u043e\u043c\u0435\u0440 48'), STRINGDECODE('\u0410\u0434\u0440\u0435\u0441 48'), 12.23169994354248, 45.121280670166016, FALSE, 0, 4, 42),
(1860, STRINGDECODE('\u0424\u0438\u043e 49'), STRINGDECODE('\u041d\u043e\u043c\u0435\u0440 49'), STRINGDECODE('\u0410\u0434\u0440\u0435\u0441 49'), 12.231710433959961, 45.121280670166016, FALSE, 0, 1, 42),
(1861, STRINGDECODE('\u0424\u0438\u043e 50'), STRINGDECODE('\u041d\u043e\u043c\u0435\u0440 50'), STRINGDECODE('\u0410\u0434\u0440\u0435\u0441 50'), 12.231719970703125, 45.121280670166016, FALSE, 0, 2, 42),
(1862, STRINGDECODE('\u0424\u0438\u043e 51'), STRINGDECODE('\u041d\u043e\u043c\u0435\u0440 51'), STRINGDECODE('\u0410\u0434\u0440\u0435\u0441 51'), 12.231730461120605, 45.121280670166016, FALSE, 0, 4, 42),
(1863, STRINGDECODE('\u0424\u0438\u043e 52'), STRINGDECODE('\u041d\u043e\u043c\u0435\u0440 52'), STRINGDECODE('\u0410\u0434\u0440\u0435\u0441 52'), 12.23173999786377, 45.12128448486328, FALSE, 0, 4, 42),
(1864, STRINGDECODE('\u0424\u0438\u043e 53'), STRINGDECODE('\u041d\u043e\u043c\u0435\u0440 53'), STRINGDECODE('\u0410\u0434\u0440\u0435\u0441 53'), 12.231749534606934, 45.12128448486328, FALSE, 0, 4, 42),
(1865, STRINGDECODE('\u0424\u0438\u043e 54'), STRINGDECODE('\u041d\u043e\u043c\u0435\u0440 54'), STRINGDECODE('\u0410\u0434\u0440\u0435\u0441 54'), 12.231760025024414, 45.12128448486328, FALSE, 0, 1, 42),
(1866, STRINGDECODE('\u0424\u0438\u043e 55'), STRINGDECODE('\u041d\u043e\u043c\u0435\u0440 55'), STRINGDECODE('\u0410\u0434\u0440\u0435\u0441 55'), 12.231769561767578, 45.12128448486328, FALSE, 0, 2, 42),
(1867, STRINGDECODE('\u0424\u0438\u043e 56'), STRINGDECODE('\u041d\u043e\u043c\u0435\u0440 56'), STRINGDECODE('\u0410\u0434\u0440\u0435\u0441 56'), 12.231780052185059, 45.12128829956055, FALSE, 0, 1, 42),
(1868, STRINGDECODE('\u0424\u0438\u043e 57'), STRINGDECODE('\u041d\u043e\u043c\u0435\u0440 57'), STRINGDECODE('\u0410\u0434\u0440\u0435\u0441 57'), 12.231789588928223, 45.12128829956055, FALSE, 0, 2, 42),
(1869, STRINGDECODE('\u0424\u0438\u043e 58'), STRINGDECODE('\u041d\u043e\u043c\u0435\u0440 58'), STRINGDECODE('\u0410\u0434\u0440\u0435\u0441 58'), 12.231800079345703, 45.12128829956055, FALSE, 0, 3, 42),
(1870, STRINGDECODE('\u0424\u0438\u043e 59'), STRINGDECODE('\u041d\u043e\u043c\u0435\u0440 59'), STRINGDECODE('\u0410\u0434\u0440\u0435\u0441 59'), 12.231809616088867, 45.12128829956055, FALSE, 0, 1, 42),
(1871, STRINGDECODE('\u0424\u0438\u043e 60'), STRINGDECODE('\u041d\u043e\u043c\u0435\u0440 60'), STRINGDECODE('\u0410\u0434\u0440\u0435\u0441 60'), 12.231820106506348, 45.12129211425781, FALSE, 0, 2, 42),
(1872, STRINGDECODE('\u0424\u0438\u043e 61'), STRINGDECODE('\u041d\u043e\u043c\u0435\u0440 61'), STRINGDECODE('\u0410\u0434\u0440\u0435\u0441 61'), 12.231829643249512, 45.12129211425781, FALSE, 0, 2, 42),
(1873, STRINGDECODE('\u0424\u0438\u043e 62'), STRINGDECODE('\u041d\u043e\u043c\u0435\u0440 62'), STRINGDECODE('\u0410\u0434\u0440\u0435\u0441 62'), 12.231840133666992, 45.12129211425781, FALSE, 0, 3, 42);
INSERT INTO PUBLIC.FAMILIES(ID, NAME, PHONE_NUMBER, ADDRESS, LONGITUDE, LATITUDE, FINISHED, CAR_ID, GROUP_ID, STOCK_ID) VALUES
(1874, STRINGDECODE('\u0424\u0438\u043e 63'), STRINGDECODE('\u041d\u043e\u043c\u0435\u0440 63'), STRINGDECODE('\u0410\u0434\u0440\u0435\u0441 63'), 12.231849670410156, 45.12129211425781, FALSE, 0, 1, 42),
(1875, STRINGDECODE('\u0424\u0438\u043e 64'), STRINGDECODE('\u041d\u043e\u043c\u0435\u0440 64'), STRINGDECODE('\u0410\u0434\u0440\u0435\u0441 64'), 12.231860160827637, 45.12129592895508, FALSE, 0, 2, 42),
(1876, STRINGDECODE('\u0424\u0438\u043e 65'), STRINGDECODE('\u041d\u043e\u043c\u0435\u0440 65'), STRINGDECODE('\u0410\u0434\u0440\u0435\u0441 65'), 12.2318696975708, 45.12129592895508, FALSE, 0, 3, 42),
(1877, STRINGDECODE('\u0424\u0438\u043e 66'), STRINGDECODE('\u041d\u043e\u043c\u0435\u0440 66'), STRINGDECODE('\u0410\u0434\u0440\u0435\u0441 66'), 12.231880187988281, 45.12129592895508, FALSE, 0, 4, 42),
(1878, STRINGDECODE('\u0424\u0438\u043e 67'), STRINGDECODE('\u041d\u043e\u043c\u0435\u0440 67'), STRINGDECODE('\u0410\u0434\u0440\u0435\u0441 67'), 12.231889724731445, 45.121299743652344, FALSE, 0, 1, 42),
(1879, STRINGDECODE('\u0424\u0438\u043e 68'), STRINGDECODE('\u041d\u043e\u043c\u0435\u0440 68'), STRINGDECODE('\u0410\u0434\u0440\u0435\u0441 68'), 12.231900215148926, 45.121299743652344, FALSE, 0, 2, 42),
(1880, STRINGDECODE('\u0424\u0438\u043e 69'), STRINGDECODE('\u041d\u043e\u043c\u0435\u0440 69'), STRINGDECODE('\u0410\u0434\u0440\u0435\u0441 69'), 12.23190975189209, 45.121299743652344, FALSE, 0, 4, 42),
(1881, STRINGDECODE('\u0424\u0438\u043e 70'), STRINGDECODE('\u041d\u043e\u043c\u0435\u0440 70'), STRINGDECODE('\u0410\u0434\u0440\u0435\u0441 70'), 12.23192024230957, 45.121299743652344, FALSE, 0, 4, 42),
(1882, STRINGDECODE('\u0424\u0438\u043e 71'), STRINGDECODE('\u041d\u043e\u043c\u0435\u0440 71'), STRINGDECODE('\u0410\u0434\u0440\u0435\u0441 71'), 12.231929779052734, 45.12130355834961, FALSE, 0, 4, 42),
(1883, STRINGDECODE('\u0424\u0438\u043e 72'), STRINGDECODE('\u041d\u043e\u043c\u0435\u0440 72'), STRINGDECODE('\u0410\u0434\u0440\u0435\u0441 72'), 12.231940269470215, 45.12130355834961, FALSE, 0, 1, 42),
(1884, STRINGDECODE('\u0424\u0438\u043e 73'), STRINGDECODE('\u041d\u043e\u043c\u0435\u0440 73'), STRINGDECODE('\u0410\u0434\u0440\u0435\u0441 73'), 12.231949806213379, 45.12130355834961, FALSE, 0, 2, 42),
(1885, STRINGDECODE('\u0424\u0438\u043e 74'), STRINGDECODE('\u041d\u043e\u043c\u0435\u0440 74'), STRINGDECODE('\u0410\u0434\u0440\u0435\u0441 74'), 12.23196029663086, 45.12130355834961, FALSE, 0, 1, 42),
(1886, STRINGDECODE('\u0424\u0438\u043e 75'), STRINGDECODE('\u041d\u043e\u043c\u0435\u0440 75'), STRINGDECODE('\u0410\u0434\u0440\u0435\u0441 75'), 12.231969833374023, 45.121307373046875, FALSE, 0, 2, 42),
(1887, STRINGDECODE('\u0424\u0438\u043e 76'), STRINGDECODE('\u041d\u043e\u043c\u0435\u0440 76'), STRINGDECODE('\u0410\u0434\u0440\u0435\u0441 76'), 12.231980323791504, 45.121307373046875, FALSE, 0, 3, 42),
(1888, STRINGDECODE('\u0424\u0438\u043e 77'), STRINGDECODE('\u041d\u043e\u043c\u0435\u0440 77'), STRINGDECODE('\u0410\u0434\u0440\u0435\u0441 77'), 12.231989860534668, 45.121307373046875, FALSE, 0, 1, 42),
(1889, STRINGDECODE('\u0424\u0438\u043e 78'), STRINGDECODE('\u041d\u043e\u043c\u0435\u0440 78'), STRINGDECODE('\u0410\u0434\u0440\u0435\u0441 78'), 12.232000350952148, 45.121307373046875, FALSE, 0, 2, 42),
(1890, STRINGDECODE('\u0424\u0438\u043e 79'), STRINGDECODE('\u041d\u043e\u043c\u0435\u0440 79'), STRINGDECODE('\u0410\u0434\u0440\u0435\u0441 79'), 12.232009887695312, 45.12131118774414, FALSE, 0, 4, 42),
(1891, STRINGDECODE('\u0424\u0438\u043e 80'), STRINGDECODE('\u041d\u043e\u043c\u0435\u0440 80'), STRINGDECODE('\u0410\u0434\u0440\u0435\u0441 80'), 12.232020378112793, 45.12131118774414, FALSE, 0, 4, 42),
(1892, STRINGDECODE('\u0424\u0438\u043e 81'), STRINGDECODE('\u041d\u043e\u043c\u0435\u0440 81'), STRINGDECODE('\u0410\u0434\u0440\u0435\u0441 81'), 12.232029914855957, 45.12131118774414, FALSE, 0, 4, 42),
(1893, STRINGDECODE('\u0424\u0438\u043e 82'), STRINGDECODE('\u041d\u043e\u043c\u0435\u0440 82'), STRINGDECODE('\u0410\u0434\u0440\u0435\u0441 82'), 12.232040405273438, 45.12131118774414, FALSE, 0, 1, 42);
INSERT INTO PUBLIC.FAMILIES(ID, NAME, PHONE_NUMBER, ADDRESS, LONGITUDE, LATITUDE, FINISHED, CAR_ID, GROUP_ID, STOCK_ID) VALUES
(1894, STRINGDECODE('\u0424\u0438\u043e 83'), STRINGDECODE('\u041d\u043e\u043c\u0435\u0440 83'), STRINGDECODE('\u0410\u0434\u0440\u0435\u0441 83'), 12.232049942016602, 45.121315002441406, FALSE, 0, 2, 42),
(1895, STRINGDECODE('\u0424\u0438\u043e 84'), STRINGDECODE('\u041d\u043e\u043c\u0435\u0440 84'), STRINGDECODE('\u0410\u0434\u0440\u0435\u0441 84'), 12.232060432434082, 45.121315002441406, FALSE, 0, 1, 42),
(1896, STRINGDECODE('\u0424\u0438\u043e 85'), STRINGDECODE('\u041d\u043e\u043c\u0435\u0440 85'), STRINGDECODE('\u0410\u0434\u0440\u0435\u0441 85'), 12.232069969177246, 45.121315002441406, FALSE, 0, 2, 42),
(1897, STRINGDECODE('\u0424\u0438\u043e 86'), STRINGDECODE('\u041d\u043e\u043c\u0435\u0440 86'), STRINGDECODE('\u0410\u0434\u0440\u0435\u0441 86'), 12.232080459594727, 45.12131881713867, FALSE, 0, 3, 42),
(1898, STRINGDECODE('\u0424\u0438\u043e 87'), STRINGDECODE('\u041d\u043e\u043c\u0435\u0440 87'), STRINGDECODE('\u0410\u0434\u0440\u0435\u0441 87'), 12.23208999633789, 45.12131881713867, FALSE, 0, 1, 42),
(1899, STRINGDECODE('\u0424\u0438\u043e 88'), STRINGDECODE('\u041d\u043e\u043c\u0435\u0440 88'), STRINGDECODE('\u0410\u0434\u0440\u0435\u0441 88'), 12.232099533081055, 45.12131881713867, FALSE, 0, 2, 42),
(1900, STRINGDECODE('\u0424\u0438\u043e 89'), STRINGDECODE('\u041d\u043e\u043c\u0435\u0440 89'), STRINGDECODE('\u0410\u0434\u0440\u0435\u0441 89'), 12.232110023498535, 45.12131881713867, FALSE, 0, 2, 42),
(1901, STRINGDECODE('\u0424\u0438\u043e 90'), STRINGDECODE('\u041d\u043e\u043c\u0435\u0440 90'), STRINGDECODE('\u0410\u0434\u0440\u0435\u0441 90'), 12.2321195602417, 45.12132263183594, FALSE, 0, 3, 42),
(1902, STRINGDECODE('\u0424\u0438\u043e 91'), STRINGDECODE('\u041d\u043e\u043c\u0435\u0440 91'), STRINGDECODE('\u0410\u0434\u0440\u0435\u0441 91'), 12.23213005065918, 45.12132263183594, FALSE, 0, 1, 42),
(1903, STRINGDECODE('\u0424\u0438\u043e 92'), STRINGDECODE('\u041d\u043e\u043c\u0435\u0440 92'), STRINGDECODE('\u0410\u0434\u0440\u0435\u0441 92'), 12.232139587402344, 45.12132263183594, FALSE, 0, 2, 42),
(1904, STRINGDECODE('\u0424\u0438\u043e 93'), STRINGDECODE('\u041d\u043e\u043c\u0435\u0440 93'), STRINGDECODE('\u0410\u0434\u0440\u0435\u0441 93'), 12.232150077819824, 45.12132263183594, FALSE, 0, 3, 42),
(1905, STRINGDECODE('\u0424\u0438\u043e 94'), STRINGDECODE('\u041d\u043e\u043c\u0435\u0440 94'), STRINGDECODE('\u0410\u0434\u0440\u0435\u0441 94'), 12.232159614562988, 45.1213264465332, FALSE, 0, 4, 42),
(1906, STRINGDECODE('\u0424\u0438\u043e 95'), STRINGDECODE('\u041d\u043e\u043c\u0435\u0440 95'), STRINGDECODE('\u0410\u0434\u0440\u0435\u0441 95'), 12.232170104980469, 45.1213264465332, FALSE, 0, 1, 42),
(1907, STRINGDECODE('\u0424\u0438\u043e 96'), STRINGDECODE('\u041d\u043e\u043c\u0435\u0440 96'), STRINGDECODE('\u0410\u0434\u0440\u0435\u0441 96'), 12.232179641723633, 45.1213264465332, FALSE, 0, 2, 42),
(1908, STRINGDECODE('\u0424\u0438\u043e 97'), STRINGDECODE('\u041d\u043e\u043c\u0435\u0440 97'), STRINGDECODE('\u0410\u0434\u0440\u0435\u0441 97'), 12.232190132141113, 45.1213264465332, FALSE, 0, 4, 42),
(1909, STRINGDECODE('\u0424\u0438\u043e 98'), STRINGDECODE('\u041d\u043e\u043c\u0435\u0440 98'), STRINGDECODE('\u0410\u0434\u0440\u0435\u0441 98'), 12.232199668884277, 45.12133026123047, FALSE, 0, 4, 42),
(1910, STRINGDECODE('\u0424\u0438\u043e 99'), STRINGDECODE('\u041d\u043e\u043c\u0435\u0440 99'), STRINGDECODE('\u0410\u0434\u0440\u0435\u0441 99'), 12.232210159301758, 45.12133026123047, FALSE, 0, 4, 42),
(1911, STRINGDECODE('\u0424\u0438\u043e 100'), STRINGDECODE('\u041d\u043e\u043c\u0435\u0440 100'), STRINGDECODE('\u0410\u0434\u0440\u0435\u0441 100'), 12.232219696044922, 45.12133026123047, FALSE, 0, 1, 42),
(1912, STRINGDECODE('\u0424\u0438\u043e 101'), STRINGDECODE('\u041d\u043e\u043c\u0435\u0440 101'), STRINGDECODE('\u0410\u0434\u0440\u0435\u0441 101'), 12.232230186462402, 45.12133026123047, FALSE, 0, 2, 42),
(1913, STRINGDECODE('\u0424\u0438\u043e 102'), STRINGDECODE('\u041d\u043e\u043c\u0435\u0440 102'), STRINGDECODE('\u0410\u0434\u0440\u0435\u0441 102'), 12.232239723205566, 45.121334075927734, FALSE, 0, 1, 42);
INSERT INTO PUBLIC.FAMILIES(ID, NAME, PHONE_NUMBER, ADDRESS, LONGITUDE, LATITUDE, FINISHED, CAR_ID, GROUP_ID, STOCK_ID) VALUES
(1914, STRINGDECODE('\u0424\u0438\u043e 103'), STRINGDECODE('\u041d\u043e\u043c\u0435\u0440 103'), STRINGDECODE('\u0410\u0434\u0440\u0435\u0441 103'), 12.232250213623047, 45.121334075927734, FALSE, 0, 2, 42),
(1915, STRINGDECODE('\u0424\u0438\u043e 104'), STRINGDECODE('\u041d\u043e\u043c\u0435\u0440 104'), STRINGDECODE('\u0410\u0434\u0440\u0435\u0441 104'), 12.232259750366211, 45.121334075927734, FALSE, 0, 3, 42),
(1916, STRINGDECODE('\u0424\u0438\u043e 105'), STRINGDECODE('\u041d\u043e\u043c\u0435\u0440 105'), STRINGDECODE('\u0410\u0434\u0440\u0435\u0441 105'), 12.232270240783691, 45.121337890625, FALSE, 0, 1, 42),
(1917, STRINGDECODE('\u0424\u0438\u043e 106'), STRINGDECODE('\u041d\u043e\u043c\u0435\u0440 106'), STRINGDECODE('\u0410\u0434\u0440\u0435\u0441 106'), 12.232279777526855, 45.121337890625, FALSE, 0, 2, 42),
(1918, STRINGDECODE('\u0424\u0438\u043e 1'), STRINGDECODE('\u041d\u043e\u043c\u0435\u0440 1'), STRINGDECODE('\u0410\u0434\u0440\u0435\u0441 1'), 12.23123, 45.121232, FALSE, 0, 2, 42),
(1919, STRINGDECODE('\u0424\u0438\u043e 2'), STRINGDECODE('\u041d\u043e\u043c\u0435\u0440 2'), STRINGDECODE('\u0410\u0434\u0440\u0435\u0441 2'), 12.23124, 45.121233, FALSE, 0, 3, 42),
(1920, STRINGDECODE('\u0424\u0438\u043e 3'), STRINGDECODE('\u041d\u043e\u043c\u0435\u0440 3'), STRINGDECODE('\u0410\u0434\u0440\u0435\u0441 3'), 12.23125, 45.121234, FALSE, 0, 1, 42),
(1921, STRINGDECODE('\u0424\u0438\u043e 4'), STRINGDECODE('\u041d\u043e\u043c\u0435\u0440 4'), STRINGDECODE('\u0410\u0434\u0440\u0435\u0441 4'), 12.23126, 45.121235, FALSE, 0, 2, 42),
(1922, STRINGDECODE('\u0424\u0438\u043e 5'), STRINGDECODE('\u041d\u043e\u043c\u0435\u0440 5'), STRINGDECODE('\u0410\u0434\u0440\u0435\u0441 5'), 12.23127, 45.121236, FALSE, 0, 3, 42),
(1923, STRINGDECODE('\u0424\u0438\u043e 6'), STRINGDECODE('\u041d\u043e\u043c\u0435\u0440 6'), STRINGDECODE('\u0410\u0434\u0440\u0435\u0441 6'), 12.23128, 45.121237, FALSE, 0, 4, 42),
(1924, STRINGDECODE('\u0424\u0438\u043e 7'), STRINGDECODE('\u041d\u043e\u043c\u0435\u0440 7'), STRINGDECODE('\u0410\u0434\u0440\u0435\u0441 7'), 12.23129, 45.121238, FALSE, 0, 1, 42),
(1925, STRINGDECODE('\u0424\u0438\u043e 8'), STRINGDECODE('\u041d\u043e\u043c\u0435\u0440 8'), STRINGDECODE('\u0410\u0434\u0440\u0435\u0441 8'), 12.2313, 45.121239, FALSE, 0, 2, 42),
(1926, STRINGDECODE('\u0424\u0438\u043e 9'), STRINGDECODE('\u041d\u043e\u043c\u0435\u0440 9'), STRINGDECODE('\u0410\u0434\u0440\u0435\u0441 9'), 12.23131, 45.12124, FALSE, 0, 2, 42),
(1927, STRINGDECODE('\u0424\u0438\u043e 10'), STRINGDECODE('\u041d\u043e\u043c\u0435\u0440 10'), STRINGDECODE('\u0410\u0434\u0440\u0435\u0441 10'), 12.23132, 45.121241, FALSE, 0, 1, 42),
(1928, STRINGDECODE('\u0424\u0438\u043e 11'), STRINGDECODE('\u041d\u043e\u043c\u0435\u0440 11'), STRINGDECODE('\u0410\u0434\u0440\u0435\u0441 11'), 12.23133, 45.121242, FALSE, 0, 2, 42),
(1929, STRINGDECODE('\u0424\u0438\u043e 12'), STRINGDECODE('\u041d\u043e\u043c\u0435\u0440 12'), STRINGDECODE('\u0410\u0434\u0440\u0435\u0441 12'), 12.23134, 45.121243, FALSE, 0, 3, 42),
(1930, STRINGDECODE('\u0424\u0438\u043e 13'), STRINGDECODE('\u041d\u043e\u043c\u0435\u0440 13'), STRINGDECODE('\u0410\u0434\u0440\u0435\u0441 13'), 12.23135, 45.121244, FALSE, 0, 1, 42),
(1931, STRINGDECODE('\u0424\u0438\u043e 14'), STRINGDECODE('\u041d\u043e\u043c\u0435\u0440 14'), STRINGDECODE('\u0410\u0434\u0440\u0435\u0441 14'), 12.23136, 45.121245, FALSE, 0, 2, 42),
(1932, STRINGDECODE('\u0424\u0438\u043e 15'), STRINGDECODE('\u041d\u043e\u043c\u0435\u0440 15'), STRINGDECODE('\u0410\u0434\u0440\u0435\u0441 15'), 12.23137, 45.121246, FALSE, 0, 2, 42),
(1933, STRINGDECODE('\u0424\u0438\u043e 16'), STRINGDECODE('\u041d\u043e\u043c\u0435\u0440 16'), STRINGDECODE('\u0410\u0434\u0440\u0435\u0441 16'), 12.23138, 45.121247, FALSE, 0, 3, 42),
(1934, STRINGDECODE('\u0424\u0438\u043e 17'), STRINGDECODE('\u041d\u043e\u043c\u0435\u0440 17'), STRINGDECODE('\u0410\u0434\u0440\u0435\u0441 17'), 12.23139, 45.121248, FALSE, 0, 1, 42);
INSERT INTO PUBLIC.FAMILIES(ID, NAME, PHONE_NUMBER, ADDRESS, LONGITUDE, LATITUDE, FINISHED, CAR_ID, GROUP_ID, STOCK_ID) VALUES
(1935, STRINGDECODE('\u0424\u0438\u043e 18'), STRINGDECODE('\u041d\u043e\u043c\u0435\u0440 18'), STRINGDECODE('\u0410\u0434\u0440\u0435\u0441 18'), 12.2314, 45.121249, FALSE, 0, 2, 42),
(1936, STRINGDECODE('\u0424\u0438\u043e 19'), STRINGDECODE('\u041d\u043e\u043c\u0435\u0440 19'), STRINGDECODE('\u0410\u0434\u0440\u0435\u0441 19'), 12.23141, 45.12125, FALSE, 0, 3, 42),
(1937, STRINGDECODE('\u0424\u0438\u043e 20'), STRINGDECODE('\u041d\u043e\u043c\u0435\u0440 20'), STRINGDECODE('\u0410\u0434\u0440\u0435\u0441 20'), 12.23142, 45.121251, FALSE, 0, 4, 42),
(1938, STRINGDECODE('\u0424\u0438\u043e 21'), STRINGDECODE('\u041d\u043e\u043c\u0435\u0440 21'), STRINGDECODE('\u0410\u0434\u0440\u0435\u0441 21'), 12.23143, 45.121252, FALSE, 0, 1, 42),
(1939, STRINGDECODE('\u0424\u0438\u043e 22'), STRINGDECODE('\u041d\u043e\u043c\u0435\u0440 22'), STRINGDECODE('\u0410\u0434\u0440\u0435\u0441 22'), 12.23144, 45.121253, FALSE, 0, 2, 42),
(1940, STRINGDECODE('\u0424\u0438\u043e 23'), STRINGDECODE('\u041d\u043e\u043c\u0435\u0440 23'), STRINGDECODE('\u0410\u0434\u0440\u0435\u0441 23'), 12.23145, 45.121254, FALSE, 0, 4, 42),
(1941, STRINGDECODE('\u0424\u0438\u043e 24'), STRINGDECODE('\u041d\u043e\u043c\u0435\u0440 24'), STRINGDECODE('\u0410\u0434\u0440\u0435\u0441 24'), 12.23146, 45.121255, FALSE, 0, 4, 42),
(1942, STRINGDECODE('\u0424\u0438\u043e 25'), STRINGDECODE('\u041d\u043e\u043c\u0435\u0440 25'), STRINGDECODE('\u0410\u0434\u0440\u0435\u0441 25'), 12.23147, 45.121256, FALSE, 0, 4, 42),
(1943, STRINGDECODE('\u0424\u0438\u043e 26'), STRINGDECODE('\u041d\u043e\u043c\u0435\u0440 26'), STRINGDECODE('\u0410\u0434\u0440\u0435\u0441 26'), 12.23148, 45.121257, FALSE, 0, 1, 42),
(1944, STRINGDECODE('\u0424\u0438\u043e 27'), STRINGDECODE('\u041d\u043e\u043c\u0435\u0440 27'), STRINGDECODE('\u0410\u0434\u0440\u0435\u0441 27'), 12.23149, 45.121258, FALSE, 0, 2, 42),
(1945, STRINGDECODE('\u0424\u0438\u043e 28'), STRINGDECODE('\u041d\u043e\u043c\u0435\u0440 28'), STRINGDECODE('\u0410\u0434\u0440\u0435\u0441 28'), 12.2315, 45.121259, FALSE, 0, 1, 42),
(1946, STRINGDECODE('\u0424\u0438\u043e 29'), STRINGDECODE('\u041d\u043e\u043c\u0435\u0440 29'), STRINGDECODE('\u0410\u0434\u0440\u0435\u0441 29'), 12.23151, 45.12126, FALSE, 0, 2, 42),
(1947, STRINGDECODE('\u0424\u0438\u043e 30'), STRINGDECODE('\u041d\u043e\u043c\u0435\u0440 30'), STRINGDECODE('\u0410\u0434\u0440\u0435\u0441 30'), 12.23152, 45.121261, FALSE, 0, 3, 42),
(1948, STRINGDECODE('\u0424\u0438\u043e 31'), STRINGDECODE('\u041d\u043e\u043c\u0435\u0440 31'), STRINGDECODE('\u0410\u0434\u0440\u0435\u0441 31'), 12.23153, 45.121262, FALSE, 0, 1, 42),
(1949, STRINGDECODE('\u0424\u0438\u043e 32'), STRINGDECODE('\u041d\u043e\u043c\u0435\u0440 32'), STRINGDECODE('\u0410\u0434\u0440\u0435\u0441 32'), 12.23154, 45.121263, FALSE, 0, 2, 42),
(1950, STRINGDECODE('\u0424\u0438\u043e 33'), STRINGDECODE('\u041d\u043e\u043c\u0435\u0440 33'), STRINGDECODE('\u0410\u0434\u0440\u0435\u0441 33'), 12.23155, 45.121264, FALSE, 0, 2, 42),
(1951, STRINGDECODE('\u0424\u0438\u043e 34'), STRINGDECODE('\u041d\u043e\u043c\u0435\u0440 34'), STRINGDECODE('\u0410\u0434\u0440\u0435\u0441 34'), 12.23156, 45.121265, FALSE, 0, 3, 42),
(1952, STRINGDECODE('\u0424\u0438\u043e 35'), STRINGDECODE('\u041d\u043e\u043c\u0435\u0440 35'), STRINGDECODE('\u0410\u0434\u0440\u0435\u0441 35'), 12.23157, 45.121266, FALSE, 0, 1, 42),
(1953, STRINGDECODE('\u0424\u0438\u043e 36'), STRINGDECODE('\u041d\u043e\u043c\u0435\u0440 36'), STRINGDECODE('\u0410\u0434\u0440\u0435\u0441 36'), 12.23158, 45.121267, FALSE, 0, 2, 42),
(1954, STRINGDECODE('\u0424\u0438\u043e 37'), STRINGDECODE('\u041d\u043e\u043c\u0435\u0440 37'), STRINGDECODE('\u0410\u0434\u0440\u0435\u0441 37'), 12.23159, 45.121268, FALSE, 0, 3, 42),
(1955, STRINGDECODE('\u0424\u0438\u043e 38'), STRINGDECODE('\u041d\u043e\u043c\u0435\u0440 38'), STRINGDECODE('\u0410\u0434\u0440\u0435\u0441 38'), 12.2316, 45.121269, FALSE, 0, 4, 42),
(1956, STRINGDECODE('\u0424\u0438\u043e 39'), STRINGDECODE('\u041d\u043e\u043c\u0435\u0440 39'), STRINGDECODE('\u0410\u0434\u0440\u0435\u0441 39'), 12.23161, 45.12127, FALSE, 0, 2, 42);
INSERT INTO PUBLIC.FAMILIES(ID, NAME, PHONE_NUMBER, ADDRESS, LONGITUDE, LATITUDE, FINISHED, CAR_ID, GROUP_ID, STOCK_ID) VALUES
(1957, STRINGDECODE('\u0424\u0438\u043e 40'), STRINGDECODE('\u041d\u043e\u043c\u0435\u0440 40'), STRINGDECODE('\u0410\u0434\u0440\u0435\u0441 40'), 12.23162, 45.121271, FALSE, 0, 1, 42),
(1958, STRINGDECODE('\u0424\u0438\u043e 41'), STRINGDECODE('\u041d\u043e\u043c\u0435\u0440 41'), STRINGDECODE('\u0410\u0434\u0440\u0435\u0441 41'), 12.23163, 45.121272, FALSE, 0, 2, 42),
(1959, STRINGDECODE('\u0424\u0438\u043e 42'), STRINGDECODE('\u041d\u043e\u043c\u0435\u0440 42'), STRINGDECODE('\u0410\u0434\u0440\u0435\u0441 42'), 12.23164, 45.121273, FALSE, 0, 3, 42),
(1960, STRINGDECODE('\u0424\u0438\u043e 43'), STRINGDECODE('\u041d\u043e\u043c\u0435\u0440 43'), STRINGDECODE('\u0410\u0434\u0440\u0435\u0441 43'), 12.23165, 45.121274, FALSE, 0, 1, 42),
(1961, STRINGDECODE('\u0424\u0438\u043e 44'), STRINGDECODE('\u041d\u043e\u043c\u0435\u0440 44'), STRINGDECODE('\u0410\u0434\u0440\u0435\u0441 44'), 12.23166, 45.121275, FALSE, 0, 2, 42),
(1962, STRINGDECODE('\u0424\u0438\u043e 45'), STRINGDECODE('\u041d\u043e\u043c\u0435\u0440 45'), STRINGDECODE('\u0410\u0434\u0440\u0435\u0441 45'), 12.23167, 45.121276, FALSE, 0, 2, 42),
(1963, STRINGDECODE('\u0424\u0438\u043e 46'), STRINGDECODE('\u041d\u043e\u043c\u0435\u0440 46'), STRINGDECODE('\u0410\u0434\u0440\u0435\u0441 46'), 12.23168, 45.121277, FALSE, 0, 3, 42),
(1964, STRINGDECODE('\u0424\u0438\u043e 47'), STRINGDECODE('\u041d\u043e\u043c\u0435\u0440 47'), STRINGDECODE('\u0410\u0434\u0440\u0435\u0441 47'), 12.23169, 45.121278, FALSE, 0, 1, 42),
(1965, STRINGDECODE('\u0424\u0438\u043e 48'), STRINGDECODE('\u041d\u043e\u043c\u0435\u0440 48'), STRINGDECODE('\u0410\u0434\u0440\u0435\u0441 48'), 12.2317, 45.121279, FALSE, 0, 2, 42),
(1966, STRINGDECODE('\u0424\u0438\u043e 49'), STRINGDECODE('\u041d\u043e\u043c\u0435\u0440 49'), STRINGDECODE('\u0410\u0434\u0440\u0435\u0441 49'), 12.23171, 45.12128, FALSE, 0, 3, 42),
(1967, STRINGDECODE('\u0424\u0438\u043e 50'), STRINGDECODE('\u041d\u043e\u043c\u0435\u0440 50'), STRINGDECODE('\u0410\u0434\u0440\u0435\u0441 50'), 12.23172, 45.121281, FALSE, 0, 4, 42),
(1968, STRINGDECODE('\u0424\u0438\u043e 51'), STRINGDECODE('\u041d\u043e\u043c\u0435\u0440 51'), STRINGDECODE('\u0410\u0434\u0440\u0435\u0441 51'), 12.23173, 45.121282, FALSE, 0, 1, 42),
(1969, STRINGDECODE('\u0424\u0438\u043e 52'), STRINGDECODE('\u041d\u043e\u043c\u0435\u0440 52'), STRINGDECODE('\u0410\u0434\u0440\u0435\u0441 52'), 12.23174, 45.121283, FALSE, 0, 2, 42),
(1970, STRINGDECODE('\u0424\u0438\u043e 53'), STRINGDECODE('\u041d\u043e\u043c\u0435\u0440 53'), STRINGDECODE('\u0410\u0434\u0440\u0435\u0441 53'), 12.23175, 45.121284, FALSE, 0, 4, 42),
(1971, STRINGDECODE('\u0424\u0438\u043e 54'), STRINGDECODE('\u041d\u043e\u043c\u0435\u0440 54'), STRINGDECODE('\u0410\u0434\u0440\u0435\u0441 54'), 12.23176, 45.121285, FALSE, 0, 4, 42),
(1972, STRINGDECODE('\u0424\u0438\u043e 55'), STRINGDECODE('\u041d\u043e\u043c\u0435\u0440 55'), STRINGDECODE('\u0410\u0434\u0440\u0435\u0441 55'), 12.23177, 45.121286, FALSE, 0, 4, 42),
(1973, STRINGDECODE('\u0424\u0438\u043e 56'), STRINGDECODE('\u041d\u043e\u043c\u0435\u0440 56'), STRINGDECODE('\u0410\u0434\u0440\u0435\u0441 56'), 12.23178, 45.121287, FALSE, 0, 1, 42),
(1974, STRINGDECODE('\u0424\u0438\u043e 57'), STRINGDECODE('\u041d\u043e\u043c\u0435\u0440 57'), STRINGDECODE('\u0410\u0434\u0440\u0435\u0441 57'), 12.23179, 45.121288, FALSE, 0, 2, 42),
(1975, STRINGDECODE('\u0424\u0438\u043e 58'), STRINGDECODE('\u041d\u043e\u043c\u0435\u0440 58'), STRINGDECODE('\u0410\u0434\u0440\u0435\u0441 58'), 12.2318, 45.121289, FALSE, 0, 1, 42),
(1976, STRINGDECODE('\u0424\u0438\u043e 59'), STRINGDECODE('\u041d\u043e\u043c\u0435\u0440 59'), STRINGDECODE('\u0410\u0434\u0440\u0435\u0441 59'), 12.23181, 45.12129, FALSE, 0, 2, 42),
(1977, STRINGDECODE('\u0424\u0438\u043e 60'), STRINGDECODE('\u041d\u043e\u043c\u0435\u0440 60'), STRINGDECODE('\u0410\u0434\u0440\u0435\u0441 60'), 12.23182, 45.121291, FALSE, 0, 3, 42),
(1978, STRINGDECODE('\u0424\u0438\u043e 61'), STRINGDECODE('\u041d\u043e\u043c\u0435\u0440 61'), STRINGDECODE('\u0410\u0434\u0440\u0435\u0441 61'), 12.23183, 45.121292, FALSE, 0, 1, 42);
INSERT INTO PUBLIC.FAMILIES(ID, NAME, PHONE_NUMBER, ADDRESS, LONGITUDE, LATITUDE, FINISHED, CAR_ID, GROUP_ID, STOCK_ID) VALUES
(1979, STRINGDECODE('\u0424\u0438\u043e 62'), STRINGDECODE('\u041d\u043e\u043c\u0435\u0440 62'), STRINGDECODE('\u0410\u0434\u0440\u0435\u0441 62'), 12.23184, 45.121293, FALSE, 0, 2, 42),
(1980, STRINGDECODE('\u0424\u0438\u043e 63'), STRINGDECODE('\u041d\u043e\u043c\u0435\u0440 63'), STRINGDECODE('\u0410\u0434\u0440\u0435\u0441 63'), 12.23185, 45.121294, FALSE, 0, 2, 42),
(1981, STRINGDECODE('\u0424\u0438\u043e 64'), STRINGDECODE('\u041d\u043e\u043c\u0435\u0440 64'), STRINGDECODE('\u0410\u0434\u0440\u0435\u0441 64'), 12.23186, 45.121295, FALSE, 0, 3, 42),
(1982, STRINGDECODE('\u0424\u0438\u043e 65'), STRINGDECODE('\u041d\u043e\u043c\u0435\u0440 65'), STRINGDECODE('\u0410\u0434\u0440\u0435\u0441 65'), 12.23187, 45.121296, FALSE, 0, 1, 42),
(1983, STRINGDECODE('\u0424\u0438\u043e 66'), STRINGDECODE('\u041d\u043e\u043c\u0435\u0440 66'), STRINGDECODE('\u0410\u0434\u0440\u0435\u0441 66'), 12.23188, 45.121297, FALSE, 0, 2, 42),
(1984, STRINGDECODE('\u0424\u0438\u043e 67'), STRINGDECODE('\u041d\u043e\u043c\u0435\u0440 67'), STRINGDECODE('\u0410\u0434\u0440\u0435\u0441 67'), 12.23189, 45.121298, FALSE, 0, 3, 42),
(1985, STRINGDECODE('\u0424\u0438\u043e 68'), STRINGDECODE('\u041d\u043e\u043c\u0435\u0440 68'), STRINGDECODE('\u0410\u0434\u0440\u0435\u0441 68'), 12.2319, 45.121299, FALSE, 0, 4, 42),
(1986, STRINGDECODE('\u0424\u0438\u043e 69'), STRINGDECODE('\u041d\u043e\u043c\u0435\u0440 69'), STRINGDECODE('\u0410\u0434\u0440\u0435\u0441 69'), 12.23191, 45.1213, FALSE, 0, 2, 42),
(1987, STRINGDECODE('\u0424\u0438\u043e 70'), STRINGDECODE('\u041d\u043e\u043c\u0435\u0440 70'), STRINGDECODE('\u0410\u0434\u0440\u0435\u0441 70'), 12.23192, 45.121301, FALSE, 0, 1, 42),
(1988, STRINGDECODE('\u0424\u0438\u043e 71'), STRINGDECODE('\u041d\u043e\u043c\u0435\u0440 71'), STRINGDECODE('\u0410\u0434\u0440\u0435\u0441 71'), 12.23193, 45.121302, FALSE, 0, 2, 42),
(1989, STRINGDECODE('\u0424\u0438\u043e 72'), STRINGDECODE('\u041d\u043e\u043c\u0435\u0440 72'), STRINGDECODE('\u0410\u0434\u0440\u0435\u0441 72'), 12.23194, 45.121303, FALSE, 0, 3, 42),
(1990, STRINGDECODE('\u0424\u0438\u043e 73'), STRINGDECODE('\u041d\u043e\u043c\u0435\u0440 73'), STRINGDECODE('\u0410\u0434\u0440\u0435\u0441 73'), 12.23195, 45.121304, FALSE, 0, 1, 42),
(1991, STRINGDECODE('\u0424\u0438\u043e 74'), STRINGDECODE('\u041d\u043e\u043c\u0435\u0440 74'), STRINGDECODE('\u0410\u0434\u0440\u0435\u0441 74'), 12.23196, 45.121305, FALSE, 0, 2, 42),
(1992, STRINGDECODE('\u0424\u0438\u043e 75'), STRINGDECODE('\u041d\u043e\u043c\u0435\u0440 75'), STRINGDECODE('\u0410\u0434\u0440\u0435\u0441 75'), 12.23197, 45.121306, FALSE, 0, 2, 42),
(1993, STRINGDECODE('\u0424\u0438\u043e 76'), STRINGDECODE('\u041d\u043e\u043c\u0435\u0440 76'), STRINGDECODE('\u0410\u0434\u0440\u0435\u0441 76'), 12.23198, 45.121307, FALSE, 0, 3, 42),
(1994, STRINGDECODE('\u0424\u0438\u043e 77'), STRINGDECODE('\u041d\u043e\u043c\u0435\u0440 77'), STRINGDECODE('\u0410\u0434\u0440\u0435\u0441 77'), 12.23199, 45.121308, FALSE, 0, 1, 42),
(1995, STRINGDECODE('\u0424\u0438\u043e 78'), STRINGDECODE('\u041d\u043e\u043c\u0435\u0440 78'), STRINGDECODE('\u0410\u0434\u0440\u0435\u0441 78'), 12.232, 45.121309, FALSE, 0, 2, 42),
(1996, STRINGDECODE('\u0424\u0438\u043e 79'), STRINGDECODE('\u041d\u043e\u043c\u0435\u0440 79'), STRINGDECODE('\u0410\u0434\u0440\u0435\u0441 79'), 12.23201, 45.12131, FALSE, 0, 3, 42),
(1997, STRINGDECODE('\u0424\u0438\u043e 80'), STRINGDECODE('\u041d\u043e\u043c\u0435\u0440 80'), STRINGDECODE('\u0410\u0434\u0440\u0435\u0441 80'), 12.23202, 45.121311, FALSE, 0, 4, 42),
(1998, STRINGDECODE('\u0424\u0438\u043e 81'), STRINGDECODE('\u041d\u043e\u043c\u0435\u0440 81'), STRINGDECODE('\u0410\u0434\u0440\u0435\u0441 81'), 12.23203, 45.121312, FALSE, 0, 1, 42),
(1999, STRINGDECODE('\u0424\u0438\u043e 82'), STRINGDECODE('\u041d\u043e\u043c\u0435\u0440 82'), STRINGDECODE('\u0410\u0434\u0440\u0435\u0441 82'), 12.23204, 45.121313, FALSE, 0, 2, 42),
(2000, STRINGDECODE('\u0424\u0438\u043e 83'), STRINGDECODE('\u041d\u043e\u043c\u0435\u0440 83'), STRINGDECODE('\u0410\u0434\u0440\u0435\u0441 83'), 12.23205, 45.121314, FALSE, 0, 4, 42);
INSERT INTO PUBLIC.FAMILIES(ID, NAME, PHONE_NUMBER, ADDRESS, LONGITUDE, LATITUDE, FINISHED, CAR_ID, GROUP_ID, STOCK_ID) VALUES
(2001, STRINGDECODE('\u0424\u0438\u043e 84'), STRINGDECODE('\u041d\u043e\u043c\u0435\u0440 84'), STRINGDECODE('\u0410\u0434\u0440\u0435\u0441 84'), 12.23206, 45.121315, FALSE, 0, 4, 42),
(2002, STRINGDECODE('\u0424\u0438\u043e 85'), STRINGDECODE('\u041d\u043e\u043c\u0435\u0440 85'), STRINGDECODE('\u0410\u0434\u0440\u0435\u0441 85'), 12.23207, 45.121316, FALSE, 0, 4, 42),
(2003, STRINGDECODE('\u0424\u0438\u043e 86'), STRINGDECODE('\u041d\u043e\u043c\u0435\u0440 86'), STRINGDECODE('\u0410\u0434\u0440\u0435\u0441 86'), 12.23208, 45.121317, FALSE, 0, 1, 42),
(2004, STRINGDECODE('\u0424\u0438\u043e 87'), STRINGDECODE('\u041d\u043e\u043c\u0435\u0440 87'), STRINGDECODE('\u0410\u0434\u0440\u0435\u0441 87'), 12.23209, 45.121318, FALSE, 0, 2, 42),
(2005, STRINGDECODE('\u0424\u0438\u043e 88'), STRINGDECODE('\u041d\u043e\u043c\u0435\u0440 88'), STRINGDECODE('\u0410\u0434\u0440\u0435\u0441 88'), 12.2321, 45.121319, FALSE, 0, 1, 42),
(2006, STRINGDECODE('\u0424\u0438\u043e 89'), STRINGDECODE('\u041d\u043e\u043c\u0435\u0440 89'), STRINGDECODE('\u0410\u0434\u0440\u0435\u0441 89'), 12.23211, 45.12132, FALSE, 0, 2, 42),
(2007, STRINGDECODE('\u0424\u0438\u043e 90'), STRINGDECODE('\u041d\u043e\u043c\u0435\u0440 90'), STRINGDECODE('\u0410\u0434\u0440\u0435\u0441 90'), 12.23212, 45.121321, FALSE, 0, 3, 42),
(2008, STRINGDECODE('\u0424\u0438\u043e 91'), STRINGDECODE('\u041d\u043e\u043c\u0435\u0440 91'), STRINGDECODE('\u0410\u0434\u0440\u0435\u0441 91'), 12.23213, 45.121322, FALSE, 0, 1, 42),
(2009, STRINGDECODE('\u0424\u0438\u043e 92'), STRINGDECODE('\u041d\u043e\u043c\u0435\u0440 92'), STRINGDECODE('\u0410\u0434\u0440\u0435\u0441 92'), 12.23214, 45.121323, FALSE, 0, 2, 42),
(2010, STRINGDECODE('\u0424\u0438\u043e 93'), STRINGDECODE('\u041d\u043e\u043c\u0435\u0440 93'), STRINGDECODE('\u0410\u0434\u0440\u0435\u0441 93'), 12.23215, 45.121324, FALSE, 0, 2, 42),
(2011, STRINGDECODE('\u0424\u0438\u043e 94'), STRINGDECODE('\u041d\u043e\u043c\u0435\u0440 94'), STRINGDECODE('\u0410\u0434\u0440\u0435\u0441 94'), 12.23216, 45.121325, FALSE, 0, 3, 42),
(2012, STRINGDECODE('\u0424\u0438\u043e 95'), STRINGDECODE('\u041d\u043e\u043c\u0435\u0440 95'), STRINGDECODE('\u0410\u0434\u0440\u0435\u0441 95'), 12.23217, 45.121326, FALSE, 0, 1, 42),
(2013, STRINGDECODE('\u0424\u0438\u043e 96'), STRINGDECODE('\u041d\u043e\u043c\u0435\u0440 96'), STRINGDECODE('\u0410\u0434\u0440\u0435\u0441 96'), 12.23218, 45.121327, FALSE, 0, 2, 42),
(2014, STRINGDECODE('\u0424\u0438\u043e 97'), STRINGDECODE('\u041d\u043e\u043c\u0435\u0440 97'), STRINGDECODE('\u0410\u0434\u0440\u0435\u0441 97'), 12.23219, 45.121328, FALSE, 0, 3, 42),
(2015, STRINGDECODE('\u0424\u0438\u043e 98'), STRINGDECODE('\u041d\u043e\u043c\u0435\u0440 98'), STRINGDECODE('\u0410\u0434\u0440\u0435\u0441 98'), 12.2322, 45.121329, FALSE, 0, 4, 42),
(2016, STRINGDECODE('\u0424\u0438\u043e 99'), STRINGDECODE('\u041d\u043e\u043c\u0435\u0440 99'), STRINGDECODE('\u0410\u0434\u0440\u0435\u0441 99'), 12.23221, 45.12133, FALSE, 0, 2, 42),
(2017, STRINGDECODE('\u0424\u0438\u043e 101'), STRINGDECODE('\u041d\u043e\u043c\u0435\u0440 101'), STRINGDECODE('\u0410\u0434\u0440\u0435\u0441 101'), 12.23223, 45.121332, FALSE, 0, 1, 42),
(2018, STRINGDECODE('\u0424\u0438\u043e 102'), STRINGDECODE('\u041d\u043e\u043c\u0435\u0440 102'), STRINGDECODE('\u0410\u0434\u0440\u0435\u0441 102'), 12.23224, 45.121333, FALSE, 0, 2, 42),
(2019, STRINGDECODE('\u0424\u0438\u043e 103'), STRINGDECODE('\u041d\u043e\u043c\u0435\u0440 103'), STRINGDECODE('\u0410\u0434\u0440\u0435\u0441 103'), 12.23225, 45.121334, FALSE, 0, 3, 42),
(2020, STRINGDECODE('\u0424\u0438\u043e 104'), STRINGDECODE('\u041d\u043e\u043c\u0435\u0440 104'), STRINGDECODE('\u0410\u0434\u0440\u0435\u0441 104'), 12.23226, 45.121335, FALSE, 0, 1, 42),
(2021, STRINGDECODE('\u0424\u0438\u043e 105'), STRINGDECODE('\u041d\u043e\u043c\u0435\u0440 105'), STRINGDECODE('\u0410\u0434\u0440\u0435\u0441 105'), 12.23227, 45.121336, FALSE, 0, 2, 42),
(2022, STRINGDECODE('\u0424\u0438\u043e 106'), STRINGDECODE('\u041d\u043e\u043c\u0435\u0440 106'), STRINGDECODE('\u0410\u0434\u0440\u0435\u0441 106'), 12.23228, 45.121337, FALSE, 0, 2, 42);
INSERT INTO PUBLIC.FAMILIES(ID, NAME, PHONE_NUMBER, ADDRESS, LONGITUDE, LATITUDE, FINISHED, CAR_ID, GROUP_ID, STOCK_ID) VALUES
(2023, STRINGDECODE('\u0422\u0430\u043a-\u0442\u043e \u0442\u0430\u043a'), STRINGDECODE('\u041d\u043e\u043c\u0435\u0440 100'), STRINGDECODE('\u0442\u0430\u043a\u043e\u0439 \u0442\u043e'), 12.23222, 45.121331, FALSE, 0, 3, 42),
(2024, STRINGDECODE('\u0424\u0438\u043e 1'), STRINGDECODE('\u041d\u043e\u043c\u0435\u0440 1'), STRINGDECODE('\u0410\u0434\u0440\u0435\u0441 1'), 12.231229782104492, 45.12123107910156, FALSE, 0, 1, 42),
(2025, STRINGDECODE('\u0424\u0438\u043e 2'), STRINGDECODE('\u041d\u043e\u043c\u0435\u0440 2'), STRINGDECODE('\u0410\u0434\u0440\u0435\u0441 2'), 12.231240272521973, 45.12123489379883, FALSE, 0, 2, 42),
(2026, STRINGDECODE('\u0424\u0438\u043e 3'), STRINGDECODE('\u041d\u043e\u043c\u0435\u0440 3'), STRINGDECODE('\u0410\u0434\u0440\u0435\u0441 3'), 12.231249809265137, 45.12123489379883, FALSE, 0, 3, 42),
(2027, STRINGDECODE('\u0424\u0438\u043e 4'), STRINGDECODE('\u041d\u043e\u043c\u0435\u0440 4'), STRINGDECODE('\u0410\u0434\u0440\u0435\u0441 4'), 12.231260299682617, 45.12123489379883, FALSE, 0, 1, 42),
(2028, STRINGDECODE('\u0424\u0438\u043e 5'), STRINGDECODE('\u041d\u043e\u043c\u0435\u0440 5'), STRINGDECODE('\u0410\u0434\u0440\u0435\u0441 5'), 12.231269836425781, 45.12123489379883, FALSE, 0, 2, 42),
(2029, STRINGDECODE('\u0424\u0438\u043e 6'), STRINGDECODE('\u041d\u043e\u043c\u0435\u0440 6'), STRINGDECODE('\u0410\u0434\u0440\u0435\u0441 6'), 12.231280326843262, 45.121238708496094, FALSE, 0, 3, 42),
(2030, STRINGDECODE('\u0424\u0438\u043e 7'), STRINGDECODE('\u041d\u043e\u043c\u0435\u0440 7'), STRINGDECODE('\u0410\u0434\u0440\u0435\u0441 7'), 12.231289863586426, 45.121238708496094, FALSE, 0, 4, 42),
(2031, STRINGDECODE('\u0424\u0438\u043e 8'), STRINGDECODE('\u041d\u043e\u043c\u0435\u0440 8'), STRINGDECODE('\u0410\u0434\u0440\u0435\u0441 8'), 12.231300354003906, 45.121238708496094, FALSE, 0, 1, 42),
(2032, STRINGDECODE('\u0424\u0438\u043e 9'), STRINGDECODE('\u041d\u043e\u043c\u0435\u0440 9'), STRINGDECODE('\u0410\u0434\u0440\u0435\u0441 9'), 12.23130989074707, 45.121238708496094, FALSE, 0, 2, 42),
(2033, STRINGDECODE('\u0424\u0438\u043e 10'), STRINGDECODE('\u041d\u043e\u043c\u0435\u0440 10'), STRINGDECODE('\u0410\u0434\u0440\u0435\u0441 10'), 12.23132038116455, 45.12124252319336, FALSE, 0, 4, 42),
(2034, STRINGDECODE('\u0424\u0438\u043e 11'), STRINGDECODE('\u041d\u043e\u043c\u0435\u0440 11'), STRINGDECODE('\u0410\u0434\u0440\u0435\u0441 11'), 12.231329917907715, 45.12124252319336, FALSE, 0, 4, 42),
(2035, STRINGDECODE('\u0424\u0438\u043e 12'), STRINGDECODE('\u041d\u043e\u043c\u0435\u0440 12'), STRINGDECODE('\u0410\u0434\u0440\u0435\u0441 12'), 12.231340408325195, 45.12124252319336, FALSE, 0, 4, 42),
(2036, STRINGDECODE('\u0424\u0438\u043e 13'), STRINGDECODE('\u041d\u043e\u043c\u0435\u0440 13'), STRINGDECODE('\u0410\u0434\u0440\u0435\u0441 13'), 12.23134994506836, 45.12124252319336, FALSE, 0, 1, 42),
(2037, STRINGDECODE('\u0424\u0438\u043e 14'), STRINGDECODE('\u041d\u043e\u043c\u0435\u0440 14'), STRINGDECODE('\u0410\u0434\u0440\u0435\u0441 14'), 12.23136043548584, 45.121246337890625, FALSE, 0, 2, 42),
(2038, STRINGDECODE('\u0444\u044b\u0432\u0444\u044b\u0432\u0444\u044b\u0432'), STRINGDECODE('\u041d\u043e\u043c\u0435\u0440 15'), STRINGDECODE('\u0439\u0446\u0443\u0439\u0446\u0443'), 12.231369972229004, 45.121246337890625, FALSE, 0, 1, 42),
(2039, STRINGDECODE('\u0424\u0438\u043e 16'), STRINGDECODE('\u041d\u043e\u043c\u0435\u0440 16'), STRINGDECODE('\u0410\u0434\u0440\u0435\u0441 16'), 12.231380462646484, 45.121246337890625, FALSE, 0, 2, 42),
(2040, STRINGDECODE('\u0424\u0438\u043e 17'), STRINGDECODE('\u041d\u043e\u043c\u0435\u0440 17'), STRINGDECODE('\u0410\u0434\u0440\u0435\u0441 17'), 12.231389999389648, 45.121246337890625, FALSE, 0, 3, 42),
(2041, STRINGDECODE('\u0424\u0438\u043e 18'), STRINGDECODE('\u041d\u043e\u043c\u0435\u0440 18'), STRINGDECODE('\u0410\u0434\u0440\u0435\u0441 18'), 12.231399536132812, 45.12125015258789, FALSE, 0, 1, 42),
(2042, STRINGDECODE('\u0424\u0438\u043e 19'), STRINGDECODE('\u041d\u043e\u043c\u0435\u0440 19'), STRINGDECODE('\u0410\u0434\u0440\u0435\u0441 19'), 12.231410026550293, 45.12125015258789, FALSE, 0, 2, 42);
INSERT INTO PUBLIC.FAMILIES(ID, NAME, PHONE_NUMBER, ADDRESS, LONGITUDE, LATITUDE, FINISHED, CAR_ID, GROUP_ID, STOCK_ID) VALUES
(2043, STRINGDECODE('\u0424\u0438\u043e 20'), STRINGDECODE('\u041d\u043e\u043c\u0435\u0440 20'), STRINGDECODE('\u0410\u0434\u0440\u0435\u0441 20'), 12.231419563293457, 45.12125015258789, FALSE, 0, 3, 42),
(2044, STRINGDECODE('\u0424\u0438\u043e 21'), STRINGDECODE('\u041d\u043e\u043c\u0435\u0440 21'), STRINGDECODE('\u0410\u0434\u0440\u0435\u0441 21'), 12.231430053710938, 45.12125015258789, FALSE, 0, 4, 42),
(2045, STRINGDECODE('\u0424\u0438\u043e 22'), STRINGDECODE('\u041d\u043e\u043c\u0435\u0440 22'), STRINGDECODE('\u0410\u0434\u0440\u0435\u0441 22'), 12.231439590454102, 45.121253967285156, FALSE, 0, 1, 42),
(2046, STRINGDECODE('\u0424\u0438\u043e 23'), STRINGDECODE('\u041d\u043e\u043c\u0435\u0440 23'), STRINGDECODE('\u0410\u0434\u0440\u0435\u0441 23'), 12.231450080871582, 45.121253967285156, FALSE, 0, 2, 42),
(2047, STRINGDECODE('\u0424\u0438\u043e 24'), STRINGDECODE('\u041d\u043e\u043c\u0435\u0440 24'), STRINGDECODE('\u0410\u0434\u0440\u0435\u0441 24'), 12.231459617614746, 45.121253967285156, FALSE, 0, 4, 42),
(2048, 'Jhnm', STRINGDECODE('\u041d\u043e\u043c\u0435\u0440 25'), STRINGDECODE('\u0410\u0434\u0440\u0435\u0441 25'), 12.231470108032227, 45.12125778198242, FALSE, 0, 4, 42),
(2049, STRINGDECODE('\u0424\u0438\u043e 26'), STRINGDECODE('\u041d\u043e\u043c\u0435\u0440 26'), STRINGDECODE('\u0410\u0434\u0440\u0435\u0441 26'), 12.23147964477539, 45.12125778198242, FALSE, 0, 4, 42),
(2050, STRINGDECODE('\u0424\u0438\u043e 27'), STRINGDECODE('\u041d\u043e\u043c\u0435\u0440 27'), STRINGDECODE('\u0410\u0434\u0440\u0435\u0441 27'), 12.231490135192871, 45.12125778198242, FALSE, 0, 1, 42),
(2051, STRINGDECODE('\u0424\u0438\u043e 28'), STRINGDECODE('\u041d\u043e\u043c\u0435\u0440 28'), STRINGDECODE('\u0410\u0434\u0440\u0435\u0441 28'), 12.231499671936035, 45.12125778198242, FALSE, 0, 2, 42),
(2052, STRINGDECODE('\u0424\u0438\u043e 29'), STRINGDECODE('\u041d\u043e\u043c\u0435\u0440 29'), STRINGDECODE('\u0410\u0434\u0440\u0435\u0441 29'), 12.231510162353516, 45.12126159667969, FALSE, 0, 1, 42),
(2053, STRINGDECODE('\u0424\u0438\u043e 30'), STRINGDECODE('\u041d\u043e\u043c\u0435\u0440 30'), STRINGDECODE('\u0410\u0434\u0440\u0435\u0441 30'), 12.23151969909668, 45.12126159667969, FALSE, 0, 2, 42),
(2054, STRINGDECODE('\u0424\u0438\u043e 31'), STRINGDECODE('\u041d\u043e\u043c\u0435\u0440 31'), STRINGDECODE('\u0410\u0434\u0440\u0435\u0441 31'), 12.23153018951416, 45.12126159667969, FALSE, 0, 3, 42),
(2055, STRINGDECODE('\u0424\u0438\u043e 32'), STRINGDECODE('\u041d\u043e\u043c\u0435\u0440 32'), STRINGDECODE('\u0410\u0434\u0440\u0435\u0441 32'), 12.231539726257324, 45.12126159667969, FALSE, 0, 1, 42),
(2056, STRINGDECODE('\u0424\u0438\u043e 33'), STRINGDECODE('\u041d\u043e\u043c\u0435\u0440 33'), STRINGDECODE('\u0410\u0434\u0440\u0435\u0441 33'), 12.231550216674805, 45.12126541137695, FALSE, 0, 2, 42),
(2057, STRINGDECODE('\u0424\u0438\u043e 34'), STRINGDECODE('\u041d\u043e\u043c\u0435\u0440 34'), STRINGDECODE('\u0410\u0434\u0440\u0435\u0441 34'), 12.231559753417969, 45.12126541137695, FALSE, 0, 3, 42),
(2058, STRINGDECODE('\u0424\u0438\u043e 35'), STRINGDECODE('\u041d\u043e\u043c\u0435\u0440 35'), STRINGDECODE('\u0410\u0434\u0440\u0435\u0441 35'), 12.23157024383545, 45.12126541137695, FALSE, 0, 4, 42),
(2059, STRINGDECODE('\u0424\u0438\u043e 36'), STRINGDECODE('\u041d\u043e\u043c\u0435\u0440 36'), STRINGDECODE('\u0410\u0434\u0440\u0435\u0441 36'), 12.231579780578613, 45.12126541137695, FALSE, 0, 1, 42),
(2060, STRINGDECODE('\u0424\u0438\u043e 37'), STRINGDECODE('\u041d\u043e\u043c\u0435\u0440 37'), STRINGDECODE('\u0410\u0434\u0440\u0435\u0441 37'), 12.231590270996094, 45.12126922607422, FALSE, 0, 2, 42),
(2061, STRINGDECODE('\u0424\u0438\u043e 38'), STRINGDECODE('\u041d\u043e\u043c\u0435\u0440 38'), STRINGDECODE('\u0410\u0434\u0440\u0435\u0441 38'), 12.231599807739258, 45.12126922607422, FALSE, 0, 4, 42),
(2062, STRINGDECODE('\u0424\u0438\u043e 39'), STRINGDECODE('\u041d\u043e\u043c\u0435\u0440 39'), STRINGDECODE('\u0410\u0434\u0440\u0435\u0441 39'), 12.231610298156738, 45.12126922607422, FALSE, 0, 4, 42);
INSERT INTO PUBLIC.FAMILIES(ID, NAME, PHONE_NUMBER, ADDRESS, LONGITUDE, LATITUDE, FINISHED, CAR_ID, GROUP_ID, STOCK_ID) VALUES
(2063, STRINGDECODE('\u0424\u0438\u043e 40'), STRINGDECODE('\u041d\u043e\u043c\u0435\u0440 40'), STRINGDECODE('\u0410\u0434\u0440\u0435\u0441 40'), 12.231619834899902, 45.12126922607422, FALSE, 0, 4, 42),
(2064, STRINGDECODE('\u0424\u0438\u043e 41'), STRINGDECODE('\u041d\u043e\u043c\u0435\u0440 41'), STRINGDECODE('\u0410\u0434\u0440\u0435\u0441 41'), 12.231630325317383, 45.121273040771484, FALSE, 0, 1, 42),
(2065, STRINGDECODE('\u0424\u0438\u043e 42'), STRINGDECODE('\u041d\u043e\u043c\u0435\u0440 42'), STRINGDECODE('\u0410\u0434\u0440\u0435\u0441 42'), 12.231639862060547, 45.121273040771484, FALSE, 0, 2, 42),
(2066, STRINGDECODE('\u0424\u0438\u043e 43'), STRINGDECODE('\u041d\u043e\u043c\u0435\u0440 43'), STRINGDECODE('\u0410\u0434\u0440\u0435\u0441 43'), 12.231650352478027, 45.121273040771484, FALSE, 0, 2, 42),
(2067, STRINGDECODE('\u0424\u0438\u043e 44'), STRINGDECODE('\u041d\u043e\u043c\u0435\u0440 44'), STRINGDECODE('\u0410\u0434\u0440\u0435\u0441 44'), 12.231659889221191, 45.12127685546875, FALSE, 0, 3, 42),
(2068, STRINGDECODE('\u0424\u0438\u043e 45'), STRINGDECODE('\u041d\u043e\u043c\u0435\u0440 45'), STRINGDECODE('\u0410\u0434\u0440\u0435\u0441 45'), 12.231670379638672, 45.12127685546875, FALSE, 0, 1, 42),
(2069, STRINGDECODE('\u0424\u0438\u043e 46'), STRINGDECODE('\u041d\u043e\u043c\u0435\u0440 46'), STRINGDECODE('\u0410\u0434\u0440\u0435\u0441 46'), 12.231679916381836, 45.12127685546875, FALSE, 0, 2, 42),
(2070, STRINGDECODE('\u0424\u0438\u043e 47'), STRINGDECODE('\u041d\u043e\u043c\u0435\u0440 47'), STRINGDECODE('\u0410\u0434\u0440\u0435\u0441 47'), 12.231690406799316, 45.12127685546875, FALSE, 0, 3, 42),
(2071, STRINGDECODE('\u0424\u0438\u043e 48'), STRINGDECODE('\u041d\u043e\u043c\u0435\u0440 48'), STRINGDECODE('\u0410\u0434\u0440\u0435\u0441 48'), 12.23169994354248, 45.121280670166016, FALSE, 0, 4, 42),
(2072, STRINGDECODE('\u0424\u0438\u043e 49'), STRINGDECODE('\u041d\u043e\u043c\u0435\u0440 49'), STRINGDECODE('\u0410\u0434\u0440\u0435\u0441 49'), 12.231710433959961, 45.121280670166016, FALSE, 0, 1, 42),
(2073, STRINGDECODE('\u0424\u0438\u043e 50'), STRINGDECODE('\u041d\u043e\u043c\u0435\u0440 50'), STRINGDECODE('\u0410\u0434\u0440\u0435\u0441 50'), 12.231719970703125, 45.121280670166016, FALSE, 0, 2, 42),
(2074, STRINGDECODE('\u0424\u0438\u043e 51'), STRINGDECODE('\u041d\u043e\u043c\u0435\u0440 51'), STRINGDECODE('\u0410\u0434\u0440\u0435\u0441 51'), 12.231730461120605, 45.121280670166016, FALSE, 0, 4, 42),
(2075, STRINGDECODE('\u0424\u0438\u043e 52'), STRINGDECODE('\u041d\u043e\u043c\u0435\u0440 52'), STRINGDECODE('\u0410\u0434\u0440\u0435\u0441 52'), 12.23173999786377, 45.12128448486328, FALSE, 0, 4, 42),
(2076, STRINGDECODE('\u0424\u0438\u043e 53'), STRINGDECODE('\u041d\u043e\u043c\u0435\u0440 53'), STRINGDECODE('\u0410\u0434\u0440\u0435\u0441 53'), 12.231749534606934, 45.12128448486328, FALSE, 0, 4, 42),
(2077, STRINGDECODE('\u0424\u0438\u043e 54'), STRINGDECODE('\u041d\u043e\u043c\u0435\u0440 54'), STRINGDECODE('\u0410\u0434\u0440\u0435\u0441 54'), 12.231760025024414, 45.12128448486328, FALSE, 0, 1, 42),
(2078, STRINGDECODE('\u0424\u0438\u043e 55'), STRINGDECODE('\u041d\u043e\u043c\u0435\u0440 55'), STRINGDECODE('\u0410\u0434\u0440\u0435\u0441 55'), 12.231769561767578, 45.12128448486328, FALSE, 0, 2, 42),
(2079, STRINGDECODE('\u0424\u0438\u043e 56'), STRINGDECODE('\u041d\u043e\u043c\u0435\u0440 56'), STRINGDECODE('\u0410\u0434\u0440\u0435\u0441 56'), 12.231780052185059, 45.12128829956055, FALSE, 0, 1, 42),
(2080, STRINGDECODE('\u0424\u0438\u043e 57'), STRINGDECODE('\u041d\u043e\u043c\u0435\u0440 57'), STRINGDECODE('\u0410\u0434\u0440\u0435\u0441 57'), 12.231789588928223, 45.12128829956055, FALSE, 0, 2, 42),
(2081, STRINGDECODE('\u0424\u0438\u043e 58'), STRINGDECODE('\u041d\u043e\u043c\u0435\u0440 58'), STRINGDECODE('\u0410\u0434\u0440\u0435\u0441 58'), 12.231800079345703, 45.12128829956055, FALSE, 0, 3, 42),
(2082, STRINGDECODE('\u0424\u0438\u043e 59'), STRINGDECODE('\u041d\u043e\u043c\u0435\u0440 59'), STRINGDECODE('\u0410\u0434\u0440\u0435\u0441 59'), 12.231809616088867, 45.12128829956055, FALSE, 0, 1, 42);
INSERT INTO PUBLIC.FAMILIES(ID, NAME, PHONE_NUMBER, ADDRESS, LONGITUDE, LATITUDE, FINISHED, CAR_ID, GROUP_ID, STOCK_ID) VALUES
(2083, STRINGDECODE('\u0424\u0438\u043e 60'), STRINGDECODE('\u041d\u043e\u043c\u0435\u0440 60'), STRINGDECODE('\u0410\u0434\u0440\u0435\u0441 60'), 12.231820106506348, 45.12129211425781, FALSE, 0, 2, 42),
(2084, STRINGDECODE('\u0424\u0438\u043e 61'), STRINGDECODE('\u041d\u043e\u043c\u0435\u0440 61'), STRINGDECODE('\u0410\u0434\u0440\u0435\u0441 61'), 12.231829643249512, 45.12129211425781, FALSE, 0, 2, 42),
(2085, STRINGDECODE('\u0424\u0438\u043e 62'), STRINGDECODE('\u041d\u043e\u043c\u0435\u0440 62'), STRINGDECODE('\u0410\u0434\u0440\u0435\u0441 62'), 12.231840133666992, 45.12129211425781, FALSE, 0, 3, 42),
(2086, STRINGDECODE('\u0424\u0438\u043e 63'), STRINGDECODE('\u041d\u043e\u043c\u0435\u0440 63'), STRINGDECODE('\u0410\u0434\u0440\u0435\u0441 63'), 12.231849670410156, 45.12129211425781, FALSE, 0, 1, 42),
(2087, STRINGDECODE('\u0424\u0438\u043e 64'), STRINGDECODE('\u041d\u043e\u043c\u0435\u0440 64'), STRINGDECODE('\u0410\u0434\u0440\u0435\u0441 64'), 12.231860160827637, 45.12129592895508, FALSE, 0, 2, 42),
(2088, STRINGDECODE('\u0424\u0438\u043e 65'), STRINGDECODE('\u041d\u043e\u043c\u0435\u0440 65'), STRINGDECODE('\u0410\u0434\u0440\u0435\u0441 65'), 12.2318696975708, 45.12129592895508, FALSE, 0, 3, 42),
(2089, STRINGDECODE('\u0424\u0438\u043e 66'), STRINGDECODE('\u041d\u043e\u043c\u0435\u0440 66'), STRINGDECODE('\u0410\u0434\u0440\u0435\u0441 66'), 12.231880187988281, 45.12129592895508, FALSE, 0, 4, 42),
(2090, STRINGDECODE('\u0424\u0438\u043e 67'), STRINGDECODE('\u041d\u043e\u043c\u0435\u0440 67'), STRINGDECODE('\u0410\u0434\u0440\u0435\u0441 67'), 12.231889724731445, 45.121299743652344, FALSE, 0, 1, 42),
(2091, STRINGDECODE('\u0424\u0438\u043e 68'), STRINGDECODE('\u041d\u043e\u043c\u0435\u0440 68'), STRINGDECODE('\u0410\u0434\u0440\u0435\u0441 68'), 12.231900215148926, 45.121299743652344, FALSE, 0, 2, 42),
(2092, STRINGDECODE('\u0424\u0438\u043e 69'), STRINGDECODE('\u041d\u043e\u043c\u0435\u0440 69'), STRINGDECODE('\u0410\u0434\u0440\u0435\u0441 69'), 12.23190975189209, 45.121299743652344, FALSE, 0, 4, 42),
(2093, STRINGDECODE('\u0424\u0438\u043e 70'), STRINGDECODE('\u041d\u043e\u043c\u0435\u0440 70'), STRINGDECODE('\u0410\u0434\u0440\u0435\u0441 70'), 12.23192024230957, 45.121299743652344, FALSE, 0, 4, 42),
(2094, STRINGDECODE('\u0424\u0438\u043e 71'), STRINGDECODE('\u041d\u043e\u043c\u0435\u0440 71'), STRINGDECODE('\u0410\u0434\u0440\u0435\u0441 71'), 12.231929779052734, 45.12130355834961, FALSE, 0, 4, 42),
(2095, STRINGDECODE('\u0424\u0438\u043e 72'), STRINGDECODE('\u041d\u043e\u043c\u0435\u0440 72'), STRINGDECODE('\u0410\u0434\u0440\u0435\u0441 72'), 12.231940269470215, 45.12130355834961, FALSE, 0, 1, 42),
(2096, STRINGDECODE('\u0424\u0438\u043e 73'), STRINGDECODE('\u041d\u043e\u043c\u0435\u0440 73'), STRINGDECODE('\u0410\u0434\u0440\u0435\u0441 73'), 12.231949806213379, 45.12130355834961, FALSE, 0, 2, 42),
(2097, STRINGDECODE('\u0424\u0438\u043e 74'), STRINGDECODE('\u041d\u043e\u043c\u0435\u0440 74'), STRINGDECODE('\u0410\u0434\u0440\u0435\u0441 74'), 12.23196029663086, 45.12130355834961, FALSE, 0, 1, 42),
(2098, STRINGDECODE('\u0424\u0438\u043e 75'), STRINGDECODE('\u041d\u043e\u043c\u0435\u0440 75'), STRINGDECODE('\u0410\u0434\u0440\u0435\u0441 75'), 12.231969833374023, 45.121307373046875, FALSE, 0, 2, 42),
(2099, STRINGDECODE('\u0424\u0438\u043e 76'), STRINGDECODE('\u041d\u043e\u043c\u0435\u0440 76'), STRINGDECODE('\u0410\u0434\u0440\u0435\u0441 76'), 12.231980323791504, 45.121307373046875, FALSE, 0, 3, 42),
(2100, STRINGDECODE('\u0424\u0438\u043e 77'), STRINGDECODE('\u041d\u043e\u043c\u0435\u0440 77'), STRINGDECODE('\u0410\u0434\u0440\u0435\u0441 77'), 12.231989860534668, 45.121307373046875, FALSE, 0, 1, 42),
(2101, STRINGDECODE('\u0424\u0438\u043e 78'), STRINGDECODE('\u041d\u043e\u043c\u0435\u0440 78'), STRINGDECODE('\u0410\u0434\u0440\u0435\u0441 78'), 12.232000350952148, 45.121307373046875, FALSE, 0, 2, 42),
(2102, STRINGDECODE('\u0424\u0438\u043e 79'), STRINGDECODE('\u041d\u043e\u043c\u0435\u0440 79'), STRINGDECODE('\u0410\u0434\u0440\u0435\u0441 79'), 12.232009887695312, 45.12131118774414, FALSE, 0, 4, 42);
INSERT INTO PUBLIC.FAMILIES(ID, NAME, PHONE_NUMBER, ADDRESS, LONGITUDE, LATITUDE, FINISHED, CAR_ID, GROUP_ID, STOCK_ID) VALUES
(2103, STRINGDECODE('\u0424\u0438\u043e 80'), STRINGDECODE('\u041d\u043e\u043c\u0435\u0440 80'), STRINGDECODE('\u0410\u0434\u0440\u0435\u0441 80'), 12.232020378112793, 45.12131118774414, FALSE, 0, 4, 42),
(2104, STRINGDECODE('\u0424\u0438\u043e 81'), STRINGDECODE('\u041d\u043e\u043c\u0435\u0440 81'), STRINGDECODE('\u0410\u0434\u0440\u0435\u0441 81'), 12.232029914855957, 45.12131118774414, FALSE, 0, 4, 42),
(2105, STRINGDECODE('\u0424\u0438\u043e 82'), STRINGDECODE('\u041d\u043e\u043c\u0435\u0440 82'), STRINGDECODE('\u0410\u0434\u0440\u0435\u0441 82'), 12.232040405273438, 45.12131118774414, FALSE, 0, 1, 42),
(2106, STRINGDECODE('\u0424\u0438\u043e 83'), STRINGDECODE('\u041d\u043e\u043c\u0435\u0440 83'), STRINGDECODE('\u0410\u0434\u0440\u0435\u0441 83'), 12.232049942016602, 45.121315002441406, FALSE, 0, 2, 42),
(2107, STRINGDECODE('\u0424\u0438\u043e 84'), STRINGDECODE('\u041d\u043e\u043c\u0435\u0440 84'), STRINGDECODE('\u0410\u0434\u0440\u0435\u0441 84'), 12.232060432434082, 45.121315002441406, FALSE, 0, 1, 42),
(2108, STRINGDECODE('\u0424\u0438\u043e 85'), STRINGDECODE('\u041d\u043e\u043c\u0435\u0440 85'), STRINGDECODE('\u0410\u0434\u0440\u0435\u0441 85'), 12.232069969177246, 45.121315002441406, FALSE, 0, 2, 42),
(2109, STRINGDECODE('\u0424\u0438\u043e 86'), STRINGDECODE('\u041d\u043e\u043c\u0435\u0440 86'), STRINGDECODE('\u0410\u0434\u0440\u0435\u0441 86'), 12.232080459594727, 45.12131881713867, FALSE, 0, 3, 42),
(2110, STRINGDECODE('\u0424\u0438\u043e 87'), STRINGDECODE('\u041d\u043e\u043c\u0435\u0440 87'), STRINGDECODE('\u0410\u0434\u0440\u0435\u0441 87'), 12.23208999633789, 45.12131881713867, FALSE, 0, 1, 42),
(2111, STRINGDECODE('\u0424\u0438\u043e 88'), STRINGDECODE('\u041d\u043e\u043c\u0435\u0440 88'), STRINGDECODE('\u0410\u0434\u0440\u0435\u0441 88'), 12.232099533081055, 45.12131881713867, FALSE, 0, 2, 42),
(2112, STRINGDECODE('\u0424\u0438\u043e 89'), STRINGDECODE('\u041d\u043e\u043c\u0435\u0440 89'), STRINGDECODE('\u0410\u0434\u0440\u0435\u0441 89'), 12.232110023498535, 45.12131881713867, FALSE, 0, 2, 42),
(2113, STRINGDECODE('\u0424\u0438\u043e 90'), STRINGDECODE('\u041d\u043e\u043c\u0435\u0440 90'), STRINGDECODE('\u0410\u0434\u0440\u0435\u0441 90'), 12.2321195602417, 45.12132263183594, FALSE, 0, 3, 42),
(2114, STRINGDECODE('\u0424\u0438\u043e 91'), STRINGDECODE('\u041d\u043e\u043c\u0435\u0440 91'), STRINGDECODE('\u0410\u0434\u0440\u0435\u0441 91'), 12.23213005065918, 45.12132263183594, FALSE, 0, 1, 42),
(2115, STRINGDECODE('\u0424\u0438\u043e 92'), STRINGDECODE('\u041d\u043e\u043c\u0435\u0440 92'), STRINGDECODE('\u0410\u0434\u0440\u0435\u0441 92'), 12.232139587402344, 45.12132263183594, FALSE, 0, 2, 42),
(2116, STRINGDECODE('\u0424\u0438\u043e 93'), STRINGDECODE('\u041d\u043e\u043c\u0435\u0440 93'), STRINGDECODE('\u0410\u0434\u0440\u0435\u0441 93'), 12.232150077819824, 45.12132263183594, FALSE, 0, 3, 42),
(2117, STRINGDECODE('\u0424\u0438\u043e 94'), STRINGDECODE('\u041d\u043e\u043c\u0435\u0440 94'), STRINGDECODE('\u0410\u0434\u0440\u0435\u0441 94'), 12.232159614562988, 45.1213264465332, FALSE, 0, 4, 42),
(2118, STRINGDECODE('\u0424\u0438\u043e 95'), STRINGDECODE('\u041d\u043e\u043c\u0435\u0440 95'), STRINGDECODE('\u0410\u0434\u0440\u0435\u0441 95'), 12.232170104980469, 45.1213264465332, FALSE, 0, 1, 42),
(2119, STRINGDECODE('\u0424\u0438\u043e 96'), STRINGDECODE('\u041d\u043e\u043c\u0435\u0440 96'), STRINGDECODE('\u0410\u0434\u0440\u0435\u0441 96'), 12.232179641723633, 45.1213264465332, FALSE, 0, 2, 42),
(2120, STRINGDECODE('\u0424\u0438\u043e 97'), STRINGDECODE('\u041d\u043e\u043c\u0435\u0440 97'), STRINGDECODE('\u0410\u0434\u0440\u0435\u0441 97'), 12.232190132141113, 45.1213264465332, FALSE, 0, 4, 42),
(2121, STRINGDECODE('\u0424\u0438\u043e 98'), STRINGDECODE('\u041d\u043e\u043c\u0435\u0440 98'), STRINGDECODE('\u0410\u0434\u0440\u0435\u0441 98'), 12.232199668884277, 45.12133026123047, FALSE, 0, 4, 42),
(2122, STRINGDECODE('\u0424\u0438\u043e 99'), STRINGDECODE('\u041d\u043e\u043c\u0435\u0440 99'), STRINGDECODE('\u0410\u0434\u0440\u0435\u0441 99'), 12.232210159301758, 45.12133026123047, FALSE, 0, 4, 42);
INSERT INTO PUBLIC.FAMILIES(ID, NAME, PHONE_NUMBER, ADDRESS, LONGITUDE, LATITUDE, FINISHED, CAR_ID, GROUP_ID, STOCK_ID) VALUES
(2123, STRINGDECODE('\u0424\u0438\u043e 100'), STRINGDECODE('\u041d\u043e\u043c\u0435\u0440 100'), STRINGDECODE('\u0410\u0434\u0440\u0435\u0441 100'), 12.232219696044922, 45.12133026123047, FALSE, 0, 1, 42),
(2124, STRINGDECODE('\u0424\u0438\u043e 101'), STRINGDECODE('\u041d\u043e\u043c\u0435\u0440 101'), STRINGDECODE('\u0410\u0434\u0440\u0435\u0441 101'), 12.232230186462402, 45.12133026123047, FALSE, 0, 2, 42),
(2125, STRINGDECODE('\u0424\u0438\u043e 102'), STRINGDECODE('\u041d\u043e\u043c\u0435\u0440 102'), STRINGDECODE('\u0410\u0434\u0440\u0435\u0441 102'), 12.232239723205566, 45.121334075927734, FALSE, 0, 1, 42),
(2126, STRINGDECODE('\u0424\u0438\u043e 103'), STRINGDECODE('\u041d\u043e\u043c\u0435\u0440 103'), STRINGDECODE('\u0410\u0434\u0440\u0435\u0441 103'), 12.232250213623047, 45.121334075927734, FALSE, 0, 2, 42),
(2127, STRINGDECODE('\u0424\u0438\u043e 104'), STRINGDECODE('\u041d\u043e\u043c\u0435\u0440 104'), STRINGDECODE('\u0410\u0434\u0440\u0435\u0441 104'), 12.232259750366211, 45.121334075927734, FALSE, 0, 3, 42),
(2128, STRINGDECODE('\u0424\u0438\u043e 105'), STRINGDECODE('\u041d\u043e\u043c\u0435\u0440 105'), STRINGDECODE('\u0410\u0434\u0440\u0435\u0441 105'), 12.232270240783691, 45.121337890625, FALSE, 0, 1, 42),
(2129, STRINGDECODE('\u0424\u0438\u043e 106'), STRINGDECODE('\u041d\u043e\u043c\u0435\u0440 106'), STRINGDECODE('\u0410\u0434\u0440\u0435\u0441 106'), 12.232279777526855, 45.121337890625, FALSE, 0, 2, 42),
(2130, STRINGDECODE('\u0424\u0438\u043e 1'), STRINGDECODE('\u041d\u043e\u043c\u0435\u0440 1'), STRINGDECODE('\u0410\u0434\u0440\u0435\u0441 1'), 12.23123, 45.121232, FALSE, 0, 2, 42),
(2131, STRINGDECODE('\u0424\u0438\u043e 2'), STRINGDECODE('\u041d\u043e\u043c\u0435\u0440 2'), STRINGDECODE('\u0410\u0434\u0440\u0435\u0441 2'), 12.23124, 45.121233, FALSE, 0, 3, 42),
(2132, STRINGDECODE('\u0424\u0438\u043e 3'), STRINGDECODE('\u041d\u043e\u043c\u0435\u0440 3'), STRINGDECODE('\u0410\u0434\u0440\u0435\u0441 3'), 12.23125, 45.121234, FALSE, 0, 1, 42),
(2133, STRINGDECODE('\u0424\u0438\u043e 4'), STRINGDECODE('\u041d\u043e\u043c\u0435\u0440 4'), STRINGDECODE('\u0410\u0434\u0440\u0435\u0441 4'), 12.23126, 45.121235, FALSE, 0, 2, 42),
(2134, STRINGDECODE('\u0424\u0438\u043e 5'), STRINGDECODE('\u041d\u043e\u043c\u0435\u0440 5'), STRINGDECODE('\u0410\u0434\u0440\u0435\u0441 5'), 12.23127, 45.121236, FALSE, 0, 3, 42),
(2135, STRINGDECODE('\u0424\u0438\u043e 6'), STRINGDECODE('\u041d\u043e\u043c\u0435\u0440 6'), STRINGDECODE('\u0410\u0434\u0440\u0435\u0441 6'), 12.23128, 45.121237, FALSE, 0, 4, 42),
(2136, STRINGDECODE('\u0424\u0438\u043e 7'), STRINGDECODE('\u041d\u043e\u043c\u0435\u0440 7'), STRINGDECODE('\u0410\u0434\u0440\u0435\u0441 7'), 12.23129, 45.121238, FALSE, 0, 1, 42),
(2137, STRINGDECODE('\u0424\u0438\u043e 8'), STRINGDECODE('\u041d\u043e\u043c\u0435\u0440 8'), STRINGDECODE('\u0410\u0434\u0440\u0435\u0441 8'), 12.2313, 45.121239, FALSE, 0, 2, 42),
(2138, STRINGDECODE('\u0424\u0438\u043e 9'), STRINGDECODE('\u041d\u043e\u043c\u0435\u0440 9'), STRINGDECODE('\u0410\u0434\u0440\u0435\u0441 9'), 12.23131, 45.12124, FALSE, 0, 2, 42),
(2139, STRINGDECODE('\u0424\u0438\u043e 10'), STRINGDECODE('\u041d\u043e\u043c\u0435\u0440 10'), STRINGDECODE('\u0410\u0434\u0440\u0435\u0441 10'), 12.23132, 45.121241, FALSE, 0, 1, 42),
(2140, STRINGDECODE('\u0424\u0438\u043e 11'), STRINGDECODE('\u041d\u043e\u043c\u0435\u0440 11'), STRINGDECODE('\u0410\u0434\u0440\u0435\u0441 11'), 12.23133, 45.121242, FALSE, 0, 2, 42),
(2141, STRINGDECODE('\u0424\u0438\u043e 12'), STRINGDECODE('\u041d\u043e\u043c\u0435\u0440 12'), STRINGDECODE('\u0410\u0434\u0440\u0435\u0441 12'), 12.23134, 45.121243, FALSE, 0, 3, 42),
(2142, STRINGDECODE('\u0424\u0438\u043e 13'), STRINGDECODE('\u041d\u043e\u043c\u0435\u0440 13'), STRINGDECODE('\u0410\u0434\u0440\u0435\u0441 13'), 12.23135, 45.121244, FALSE, 0, 1, 42),
(2143, STRINGDECODE('\u0424\u0438\u043e 14'), STRINGDECODE('\u041d\u043e\u043c\u0435\u0440 14'), STRINGDECODE('\u0410\u0434\u0440\u0435\u0441 14'), 12.23136, 45.121245, FALSE, 0, 2, 42);
INSERT INTO PUBLIC.FAMILIES(ID, NAME, PHONE_NUMBER, ADDRESS, LONGITUDE, LATITUDE, FINISHED, CAR_ID, GROUP_ID, STOCK_ID) VALUES
(2144, STRINGDECODE('\u0424\u0438\u043e 15'), STRINGDECODE('\u041d\u043e\u043c\u0435\u0440 15'), STRINGDECODE('\u0410\u0434\u0440\u0435\u0441 15'), 12.23137, 45.121246, FALSE, 0, 2, 42),
(2145, STRINGDECODE('\u0424\u0438\u043e 16'), STRINGDECODE('\u041d\u043e\u043c\u0435\u0440 16'), STRINGDECODE('\u0410\u0434\u0440\u0435\u0441 16'), 12.23138, 45.121247, FALSE, 0, 3, 42),
(2146, STRINGDECODE('\u0424\u0438\u043e 17'), STRINGDECODE('\u041d\u043e\u043c\u0435\u0440 17'), STRINGDECODE('\u0410\u0434\u0440\u0435\u0441 17'), 12.23139, 45.121248, FALSE, 0, 1, 42),
(2147, STRINGDECODE('\u0424\u0438\u043e 18'), STRINGDECODE('\u041d\u043e\u043c\u0435\u0440 18'), STRINGDECODE('\u0410\u0434\u0440\u0435\u0441 18'), 12.2314, 45.121249, FALSE, 0, 2, 42),
(2148, STRINGDECODE('\u0424\u0438\u043e 19'), STRINGDECODE('\u041d\u043e\u043c\u0435\u0440 19'), STRINGDECODE('\u0410\u0434\u0440\u0435\u0441 19'), 12.23141, 45.12125, FALSE, 0, 3, 42),
(2149, STRINGDECODE('\u0424\u0438\u043e 20'), STRINGDECODE('\u041d\u043e\u043c\u0435\u0440 20'), STRINGDECODE('\u0410\u0434\u0440\u0435\u0441 20'), 12.23142, 45.121251, FALSE, 0, 4, 42),
(2150, STRINGDECODE('\u0424\u0438\u043e 21'), STRINGDECODE('\u041d\u043e\u043c\u0435\u0440 21'), STRINGDECODE('\u0410\u0434\u0440\u0435\u0441 21'), 12.23143, 45.121252, FALSE, 0, 1, 42),
(2151, STRINGDECODE('\u0424\u0438\u043e 22'), STRINGDECODE('\u041d\u043e\u043c\u0435\u0440 22'), STRINGDECODE('\u0410\u0434\u0440\u0435\u0441 22'), 12.23144, 45.121253, FALSE, 0, 2, 42),
(2152, STRINGDECODE('\u0424\u0438\u043e 23'), STRINGDECODE('\u041d\u043e\u043c\u0435\u0440 23'), STRINGDECODE('\u0410\u0434\u0440\u0435\u0441 23'), 12.23145, 45.121254, FALSE, 0, 4, 42),
(2153, STRINGDECODE('\u0424\u0438\u043e 24'), STRINGDECODE('\u041d\u043e\u043c\u0435\u0440 24'), STRINGDECODE('\u0410\u0434\u0440\u0435\u0441 24'), 12.23146, 45.121255, FALSE, 0, 4, 42),
(2154, STRINGDECODE('\u0424\u0438\u043e 25'), STRINGDECODE('\u041d\u043e\u043c\u0435\u0440 25'), STRINGDECODE('\u0410\u0434\u0440\u0435\u0441 25'), 12.23147, 45.121256, FALSE, 0, 4, 42),
(2155, STRINGDECODE('\u0424\u0438\u043e 26'), STRINGDECODE('\u041d\u043e\u043c\u0435\u0440 26'), STRINGDECODE('\u0410\u0434\u0440\u0435\u0441 26'), 12.23148, 45.121257, FALSE, 0, 1, 42),
(2156, STRINGDECODE('\u0424\u0438\u043e 27'), STRINGDECODE('\u041d\u043e\u043c\u0435\u0440 27'), STRINGDECODE('\u0410\u0434\u0440\u0435\u0441 27'), 12.23149, 45.121258, FALSE, 0, 2, 42),
(2157, STRINGDECODE('\u0424\u0438\u043e 28'), STRINGDECODE('\u041d\u043e\u043c\u0435\u0440 28'), STRINGDECODE('\u0410\u0434\u0440\u0435\u0441 28'), 12.2315, 45.121259, FALSE, 0, 1, 42),
(2158, STRINGDECODE('\u0424\u0438\u043e 29'), STRINGDECODE('\u041d\u043e\u043c\u0435\u0440 29'), STRINGDECODE('\u0410\u0434\u0440\u0435\u0441 29'), 12.23151, 45.12126, FALSE, 0, 2, 42),
(2159, STRINGDECODE('\u0424\u0438\u043e 30'), STRINGDECODE('\u041d\u043e\u043c\u0435\u0440 30'), STRINGDECODE('\u0410\u0434\u0440\u0435\u0441 30'), 12.23152, 45.121261, FALSE, 0, 3, 42),
(2160, STRINGDECODE('\u0424\u0438\u043e 31'), STRINGDECODE('\u041d\u043e\u043c\u0435\u0440 31'), STRINGDECODE('\u0410\u0434\u0440\u0435\u0441 31'), 12.23153, 45.121262, FALSE, 0, 1, 42),
(2161, STRINGDECODE('\u0424\u0438\u043e 32'), STRINGDECODE('\u041d\u043e\u043c\u0435\u0440 32'), STRINGDECODE('\u0410\u0434\u0440\u0435\u0441 32'), 12.23154, 45.121263, FALSE, 0, 2, 42),
(2162, STRINGDECODE('\u0424\u0438\u043e 33'), STRINGDECODE('\u041d\u043e\u043c\u0435\u0440 33'), STRINGDECODE('\u0410\u0434\u0440\u0435\u0441 33'), 12.23155, 45.121264, FALSE, 0, 2, 42),
(2163, STRINGDECODE('\u0424\u0438\u043e 34'), STRINGDECODE('\u041d\u043e\u043c\u0435\u0440 34'), STRINGDECODE('\u0410\u0434\u0440\u0435\u0441 34'), 12.23156, 45.121265, FALSE, 0, 3, 42),
(2164, STRINGDECODE('\u0424\u0438\u043e 35'), STRINGDECODE('\u041d\u043e\u043c\u0435\u0440 35'), STRINGDECODE('\u0410\u0434\u0440\u0435\u0441 35'), 12.23157, 45.121266, FALSE, 0, 1, 42),
(2165, STRINGDECODE('\u0424\u0438\u043e 36'), STRINGDECODE('\u041d\u043e\u043c\u0435\u0440 36'), STRINGDECODE('\u0410\u0434\u0440\u0435\u0441 36'), 12.23158, 45.121267, FALSE, 0, 2, 42);
INSERT INTO PUBLIC.FAMILIES(ID, NAME, PHONE_NUMBER, ADDRESS, LONGITUDE, LATITUDE, FINISHED, CAR_ID, GROUP_ID, STOCK_ID) VALUES
(2166, STRINGDECODE('\u0424\u0438\u043e 37'), STRINGDECODE('\u041d\u043e\u043c\u0435\u0440 37'), STRINGDECODE('\u0410\u0434\u0440\u0435\u0441 37'), 12.23159, 45.121268, FALSE, 0, 3, 42),
(2167, STRINGDECODE('\u0424\u0438\u043e 38'), STRINGDECODE('\u041d\u043e\u043c\u0435\u0440 38'), STRINGDECODE('\u0410\u0434\u0440\u0435\u0441 38'), 12.2316, 45.121269, FALSE, 0, 4, 42),
(2168, STRINGDECODE('\u0424\u0438\u043e 39'), STRINGDECODE('\u041d\u043e\u043c\u0435\u0440 39'), STRINGDECODE('\u0410\u0434\u0440\u0435\u0441 39'), 12.23161, 45.12127, FALSE, 0, 2, 42),
(2169, STRINGDECODE('\u0424\u0438\u043e 40'), STRINGDECODE('\u041d\u043e\u043c\u0435\u0440 40'), STRINGDECODE('\u0410\u0434\u0440\u0435\u0441 40'), 12.23162, 45.121271, FALSE, 0, 1, 42),
(2170, STRINGDECODE('\u0424\u0438\u043e 41'), STRINGDECODE('\u041d\u043e\u043c\u0435\u0440 41'), STRINGDECODE('\u0410\u0434\u0440\u0435\u0441 41'), 12.23163, 45.121272, FALSE, 0, 2, 42),
(2171, STRINGDECODE('\u0424\u0438\u043e 42'), STRINGDECODE('\u041d\u043e\u043c\u0435\u0440 42'), STRINGDECODE('\u0410\u0434\u0440\u0435\u0441 42'), 12.23164, 45.121273, FALSE, 0, 3, 42),
(2172, STRINGDECODE('\u0424\u0438\u043e 43'), STRINGDECODE('\u041d\u043e\u043c\u0435\u0440 43'), STRINGDECODE('\u0410\u0434\u0440\u0435\u0441 43'), 12.23165, 45.121274, FALSE, 0, 1, 42),
(2173, STRINGDECODE('\u0424\u0438\u043e 44'), STRINGDECODE('\u041d\u043e\u043c\u0435\u0440 44'), STRINGDECODE('\u0410\u0434\u0440\u0435\u0441 44'), 12.23166, 45.121275, FALSE, 0, 2, 42),
(2174, STRINGDECODE('\u0424\u0438\u043e 45'), STRINGDECODE('\u041d\u043e\u043c\u0435\u0440 45'), STRINGDECODE('\u0410\u0434\u0440\u0435\u0441 45'), 12.23167, 45.121276, FALSE, 0, 2, 42),
(2175, STRINGDECODE('\u0424\u0438\u043e 46'), STRINGDECODE('\u041d\u043e\u043c\u0435\u0440 46'), STRINGDECODE('\u0410\u0434\u0440\u0435\u0441 46'), 12.23168, 45.121277, FALSE, 0, 3, 42),
(2176, STRINGDECODE('\u0424\u0438\u043e 47'), STRINGDECODE('\u041d\u043e\u043c\u0435\u0440 47'), STRINGDECODE('\u0410\u0434\u0440\u0435\u0441 47'), 12.23169, 45.121278, FALSE, 0, 1, 42),
(2177, STRINGDECODE('\u0424\u0438\u043e 48'), STRINGDECODE('\u041d\u043e\u043c\u0435\u0440 48'), STRINGDECODE('\u0410\u0434\u0440\u0435\u0441 48'), 12.2317, 45.121279, FALSE, 0, 2, 42),
(2178, STRINGDECODE('\u0424\u0438\u043e 49'), STRINGDECODE('\u041d\u043e\u043c\u0435\u0440 49'), STRINGDECODE('\u0410\u0434\u0440\u0435\u0441 49'), 12.23171, 45.12128, FALSE, 0, 3, 42),
(2179, STRINGDECODE('\u0424\u0438\u043e 50'), STRINGDECODE('\u041d\u043e\u043c\u0435\u0440 50'), STRINGDECODE('\u0410\u0434\u0440\u0435\u0441 50'), 12.23172, 45.121281, FALSE, 0, 4, 42),
(2180, STRINGDECODE('\u0424\u0438\u043e 51'), STRINGDECODE('\u041d\u043e\u043c\u0435\u0440 51'), STRINGDECODE('\u0410\u0434\u0440\u0435\u0441 51'), 12.23173, 45.121282, FALSE, 0, 1, 42),
(2181, STRINGDECODE('\u0424\u0438\u043e 52'), STRINGDECODE('\u041d\u043e\u043c\u0435\u0440 52'), STRINGDECODE('\u0410\u0434\u0440\u0435\u0441 52'), 12.23174, 45.121283, FALSE, 0, 2, 42),
(2182, STRINGDECODE('\u0424\u0438\u043e 53'), STRINGDECODE('\u041d\u043e\u043c\u0435\u0440 53'), STRINGDECODE('\u0410\u0434\u0440\u0435\u0441 53'), 12.23175, 45.121284, FALSE, 0, 4, 42),
(2183, STRINGDECODE('\u0424\u0438\u043e 54'), STRINGDECODE('\u041d\u043e\u043c\u0435\u0440 54'), STRINGDECODE('\u0410\u0434\u0440\u0435\u0441 54'), 12.23176, 45.121285, FALSE, 0, 4, 42),
(2184, STRINGDECODE('\u0424\u0438\u043e 55'), STRINGDECODE('\u041d\u043e\u043c\u0435\u0440 55'), STRINGDECODE('\u0410\u0434\u0440\u0435\u0441 55'), 12.23177, 45.121286, FALSE, 0, 4, 42),
(2185, STRINGDECODE('\u0424\u0438\u043e 56'), STRINGDECODE('\u041d\u043e\u043c\u0435\u0440 56'), STRINGDECODE('\u0410\u0434\u0440\u0435\u0441 56'), 12.23178, 45.121287, FALSE, 0, 1, 42),
(2186, STRINGDECODE('\u0424\u0438\u043e 57'), STRINGDECODE('\u041d\u043e\u043c\u0435\u0440 57'), STRINGDECODE('\u0410\u0434\u0440\u0435\u0441 57'), 12.23179, 45.121288, FALSE, 0, 2, 42),
(2187, STRINGDECODE('\u0424\u0438\u043e 58'), STRINGDECODE('\u041d\u043e\u043c\u0435\u0440 58'), STRINGDECODE('\u0410\u0434\u0440\u0435\u0441 58'), 12.2318, 45.121289, FALSE, 0, 1, 42);
INSERT INTO PUBLIC.FAMILIES(ID, NAME, PHONE_NUMBER, ADDRESS, LONGITUDE, LATITUDE, FINISHED, CAR_ID, GROUP_ID, STOCK_ID) VALUES
(2188, STRINGDECODE('\u0424\u0438\u043e 59'), STRINGDECODE('\u041d\u043e\u043c\u0435\u0440 59'), STRINGDECODE('\u0410\u0434\u0440\u0435\u0441 59'), 12.23181, 45.12129, FALSE, 0, 2, 42),
(2189, STRINGDECODE('\u0424\u0438\u043e 60'), STRINGDECODE('\u041d\u043e\u043c\u0435\u0440 60'), STRINGDECODE('\u0410\u0434\u0440\u0435\u0441 60'), 12.23182, 45.121291, FALSE, 0, 3, 42),
(2190, STRINGDECODE('\u0424\u0438\u043e 61'), STRINGDECODE('\u041d\u043e\u043c\u0435\u0440 61'), STRINGDECODE('\u0410\u0434\u0440\u0435\u0441 61'), 12.23183, 45.121292, FALSE, 0, 1, 42),
(2191, STRINGDECODE('\u0424\u0438\u043e 62'), STRINGDECODE('\u041d\u043e\u043c\u0435\u0440 62'), STRINGDECODE('\u0410\u0434\u0440\u0435\u0441 62'), 12.23184, 45.121293, FALSE, 0, 2, 42),
(2192, STRINGDECODE('\u0424\u0438\u043e 63'), STRINGDECODE('\u041d\u043e\u043c\u0435\u0440 63'), STRINGDECODE('\u0410\u0434\u0440\u0435\u0441 63'), 12.23185, 45.121294, FALSE, 0, 2, 42),
(2193, STRINGDECODE('\u0424\u0438\u043e 64'), STRINGDECODE('\u041d\u043e\u043c\u0435\u0440 64'), STRINGDECODE('\u0410\u0434\u0440\u0435\u0441 64'), 12.23186, 45.121295, FALSE, 0, 3, 42),
(2194, STRINGDECODE('\u0424\u0438\u043e 65'), STRINGDECODE('\u041d\u043e\u043c\u0435\u0440 65'), STRINGDECODE('\u0410\u0434\u0440\u0435\u0441 65'), 12.23187, 45.121296, FALSE, 0, 1, 42),
(2195, STRINGDECODE('\u0424\u0438\u043e 66'), STRINGDECODE('\u041d\u043e\u043c\u0435\u0440 66'), STRINGDECODE('\u0410\u0434\u0440\u0435\u0441 66'), 12.23188, 45.121297, FALSE, 0, 2, 42),
(2196, STRINGDECODE('\u0424\u0438\u043e 67'), STRINGDECODE('\u041d\u043e\u043c\u0435\u0440 67'), STRINGDECODE('\u0410\u0434\u0440\u0435\u0441 67'), 12.23189, 45.121298, FALSE, 0, 3, 42),
(2197, STRINGDECODE('\u0424\u0438\u043e 68'), STRINGDECODE('\u041d\u043e\u043c\u0435\u0440 68'), STRINGDECODE('\u0410\u0434\u0440\u0435\u0441 68'), 12.2319, 45.121299, FALSE, 0, 4, 42),
(2198, STRINGDECODE('\u0424\u0438\u043e 69'), STRINGDECODE('\u041d\u043e\u043c\u0435\u0440 69'), STRINGDECODE('\u0410\u0434\u0440\u0435\u0441 69'), 12.23191, 45.1213, FALSE, 0, 2, 42),
(2199, STRINGDECODE('\u0424\u0438\u043e 70'), STRINGDECODE('\u041d\u043e\u043c\u0435\u0440 70'), STRINGDECODE('\u0410\u0434\u0440\u0435\u0441 70'), 12.23192, 45.121301, FALSE, 0, 1, 42),
(2200, STRINGDECODE('\u0424\u0438\u043e 71'), STRINGDECODE('\u041d\u043e\u043c\u0435\u0440 71'), STRINGDECODE('\u0410\u0434\u0440\u0435\u0441 71'), 12.23193, 45.121302, FALSE, 0, 2, 42),
(2201, STRINGDECODE('\u0424\u0438\u043e 72'), STRINGDECODE('\u041d\u043e\u043c\u0435\u0440 72'), STRINGDECODE('\u0410\u0434\u0440\u0435\u0441 72'), 12.23194, 45.121303, FALSE, 0, 3, 42),
(2202, STRINGDECODE('\u0424\u0438\u043e 73'), STRINGDECODE('\u041d\u043e\u043c\u0435\u0440 73'), STRINGDECODE('\u0410\u0434\u0440\u0435\u0441 73'), 12.23195, 45.121304, FALSE, 0, 1, 42),
(2203, STRINGDECODE('\u0424\u0438\u043e 74'), STRINGDECODE('\u041d\u043e\u043c\u0435\u0440 74'), STRINGDECODE('\u0410\u0434\u0440\u0435\u0441 74'), 12.23196, 45.121305, FALSE, 0, 2, 42),
(2204, STRINGDECODE('\u0424\u0438\u043e 75'), STRINGDECODE('\u041d\u043e\u043c\u0435\u0440 75'), STRINGDECODE('\u0410\u0434\u0440\u0435\u0441 75'), 12.23197, 45.121306, FALSE, 0, 2, 42),
(2205, STRINGDECODE('\u0424\u0438\u043e 76'), STRINGDECODE('\u041d\u043e\u043c\u0435\u0440 76'), STRINGDECODE('\u0410\u0434\u0440\u0435\u0441 76'), 12.23198, 45.121307, FALSE, 0, 3, 42),
(2206, STRINGDECODE('\u0424\u0438\u043e 77'), STRINGDECODE('\u041d\u043e\u043c\u0435\u0440 77'), STRINGDECODE('\u0410\u0434\u0440\u0435\u0441 77'), 12.23199, 45.121308, FALSE, 0, 1, 42),
(2207, STRINGDECODE('\u0424\u0438\u043e 78'), STRINGDECODE('\u041d\u043e\u043c\u0435\u0440 78'), STRINGDECODE('\u0410\u0434\u0440\u0435\u0441 78'), 12.232, 45.121309, FALSE, 0, 2, 42),
(2208, STRINGDECODE('\u0424\u0438\u043e 79'), STRINGDECODE('\u041d\u043e\u043c\u0435\u0440 79'), STRINGDECODE('\u0410\u0434\u0440\u0435\u0441 79'), 12.23201, 45.12131, FALSE, 0, 3, 42),
(2209, STRINGDECODE('\u0424\u0438\u043e 80'), STRINGDECODE('\u041d\u043e\u043c\u0435\u0440 80'), STRINGDECODE('\u0410\u0434\u0440\u0435\u0441 80'), 12.23202, 45.121311, FALSE, 0, 4, 42);
INSERT INTO PUBLIC.FAMILIES(ID, NAME, PHONE_NUMBER, ADDRESS, LONGITUDE, LATITUDE, FINISHED, CAR_ID, GROUP_ID, STOCK_ID) VALUES
(2210, STRINGDECODE('\u0424\u0438\u043e 81'), STRINGDECODE('\u041d\u043e\u043c\u0435\u0440 81'), STRINGDECODE('\u0410\u0434\u0440\u0435\u0441 81'), 12.23203, 45.121312, FALSE, 0, 1, 42),
(2211, STRINGDECODE('\u0424\u0438\u043e 82'), STRINGDECODE('\u041d\u043e\u043c\u0435\u0440 82'), STRINGDECODE('\u0410\u0434\u0440\u0435\u0441 82'), 12.23204, 45.121313, FALSE, 0, 2, 42),
(2212, STRINGDECODE('\u0424\u0438\u043e 83'), STRINGDECODE('\u041d\u043e\u043c\u0435\u0440 83'), STRINGDECODE('\u0410\u0434\u0440\u0435\u0441 83'), 12.23205, 45.121314, FALSE, 0, 4, 42),
(2213, STRINGDECODE('\u0424\u0438\u043e 84'), STRINGDECODE('\u041d\u043e\u043c\u0435\u0440 84'), STRINGDECODE('\u0410\u0434\u0440\u0435\u0441 84'), 12.23206, 45.121315, FALSE, 0, 4, 42),
(2214, STRINGDECODE('\u0424\u0438\u043e 85'), STRINGDECODE('\u041d\u043e\u043c\u0435\u0440 85'), STRINGDECODE('\u0410\u0434\u0440\u0435\u0441 85'), 12.23207, 45.121316, FALSE, 0, 4, 42),
(2215, STRINGDECODE('\u0424\u0438\u043e 86'), STRINGDECODE('\u041d\u043e\u043c\u0435\u0440 86'), STRINGDECODE('\u0410\u0434\u0440\u0435\u0441 86'), 12.23208, 45.121317, FALSE, 0, 1, 42),
(2216, STRINGDECODE('\u0424\u0438\u043e 87'), STRINGDECODE('\u041d\u043e\u043c\u0435\u0440 87'), STRINGDECODE('\u0410\u0434\u0440\u0435\u0441 87'), 12.23209, 45.121318, FALSE, 0, 2, 42),
(2217, STRINGDECODE('\u0424\u0438\u043e 88'), STRINGDECODE('\u041d\u043e\u043c\u0435\u0440 88'), STRINGDECODE('\u0410\u0434\u0440\u0435\u0441 88'), 12.2321, 45.121319, FALSE, 0, 1, 42),
(2218, STRINGDECODE('\u0424\u0438\u043e 89'), STRINGDECODE('\u041d\u043e\u043c\u0435\u0440 89'), STRINGDECODE('\u0410\u0434\u0440\u0435\u0441 89'), 12.23211, 45.12132, FALSE, 0, 2, 42),
(2219, STRINGDECODE('\u0424\u0438\u043e 90'), STRINGDECODE('\u041d\u043e\u043c\u0435\u0440 90'), STRINGDECODE('\u0410\u0434\u0440\u0435\u0441 90'), 12.23212, 45.121321, FALSE, 0, 3, 42),
(2220, STRINGDECODE('\u0424\u0438\u043e 91'), STRINGDECODE('\u041d\u043e\u043c\u0435\u0440 91'), STRINGDECODE('\u0410\u0434\u0440\u0435\u0441 91'), 12.23213, 45.121322, FALSE, 0, 1, 42),
(2221, STRINGDECODE('\u0424\u0438\u043e 92'), STRINGDECODE('\u041d\u043e\u043c\u0435\u0440 92'), STRINGDECODE('\u0410\u0434\u0440\u0435\u0441 92'), 12.23214, 45.121323, FALSE, 0, 2, 42),
(2222, STRINGDECODE('\u0424\u0438\u043e 93'), STRINGDECODE('\u041d\u043e\u043c\u0435\u0440 93'), STRINGDECODE('\u0410\u0434\u0440\u0435\u0441 93'), 12.23215, 45.121324, FALSE, 0, 2, 42),
(2223, STRINGDECODE('\u0424\u0438\u043e 94'), STRINGDECODE('\u041d\u043e\u043c\u0435\u0440 94'), STRINGDECODE('\u0410\u0434\u0440\u0435\u0441 94'), 12.23216, 45.121325, FALSE, 0, 3, 42),
(2224, STRINGDECODE('\u0424\u0438\u043e 95'), STRINGDECODE('\u041d\u043e\u043c\u0435\u0440 95'), STRINGDECODE('\u0410\u0434\u0440\u0435\u0441 95'), 12.23217, 45.121326, FALSE, 0, 1, 42),
(2225, STRINGDECODE('\u0424\u0438\u043e 96'), STRINGDECODE('\u041d\u043e\u043c\u0435\u0440 96'), STRINGDECODE('\u0410\u0434\u0440\u0435\u0441 96'), 12.23218, 45.121327, FALSE, 0, 2, 42),
(2226, STRINGDECODE('\u0424\u0438\u043e 97'), STRINGDECODE('\u041d\u043e\u043c\u0435\u0440 97'), STRINGDECODE('\u0410\u0434\u0440\u0435\u0441 97'), 12.23219, 45.121328, FALSE, 0, 3, 42),
(2227, STRINGDECODE('\u0424\u0438\u043e 98'), STRINGDECODE('\u041d\u043e\u043c\u0435\u0440 98'), STRINGDECODE('\u0410\u0434\u0440\u0435\u0441 98'), 12.2322, 45.121329, FALSE, 0, 4, 42),
(2228, STRINGDECODE('\u0424\u0438\u043e 99'), STRINGDECODE('\u041d\u043e\u043c\u0435\u0440 99'), STRINGDECODE('\u0410\u0434\u0440\u0435\u0441 99'), 12.23221, 45.12133, FALSE, 0, 2, 42),
(2229, STRINGDECODE('\u0424\u0438\u043e 101'), STRINGDECODE('\u041d\u043e\u043c\u0435\u0440 101'), STRINGDECODE('\u0410\u0434\u0440\u0435\u0441 101'), 12.23223, 45.121332, FALSE, 0, 1, 42),
(2230, STRINGDECODE('\u0424\u0438\u043e 102'), STRINGDECODE('\u041d\u043e\u043c\u0435\u0440 102'), STRINGDECODE('\u0410\u0434\u0440\u0435\u0441 102'), 12.23224, 45.121333, FALSE, 0, 2, 42),
(2231, STRINGDECODE('\u0424\u0438\u043e 103'), STRINGDECODE('\u041d\u043e\u043c\u0435\u0440 103'), STRINGDECODE('\u0410\u0434\u0440\u0435\u0441 103'), 12.23225, 45.121334, FALSE, 0, 3, 42);
INSERT INTO PUBLIC.FAMILIES(ID, NAME, PHONE_NUMBER, ADDRESS, LONGITUDE, LATITUDE, FINISHED, CAR_ID, GROUP_ID, STOCK_ID) VALUES
(2232, STRINGDECODE('\u0424\u0438\u043e 104'), STRINGDECODE('\u041d\u043e\u043c\u0435\u0440 104'), STRINGDECODE('\u0410\u0434\u0440\u0435\u0441 104'), 12.23226, 45.121335, FALSE, 0, 1, 42),
(2233, STRINGDECODE('\u0424\u0438\u043e 105'), STRINGDECODE('\u041d\u043e\u043c\u0435\u0440 105'), STRINGDECODE('\u0410\u0434\u0440\u0435\u0441 105'), 12.23227, 45.121336, FALSE, 0, 2, 42),
(2234, STRINGDECODE('\u0424\u0438\u043e 106'), STRINGDECODE('\u041d\u043e\u043c\u0435\u0440 106'), STRINGDECODE('\u0410\u0434\u0440\u0435\u0441 106'), 12.23228, 45.121337, FALSE, 0, 2, 42),
(2235, STRINGDECODE('\u0422\u0430\u043a-\u0442\u043e \u0442\u0430\u043a'), STRINGDECODE('\u041d\u043e\u043c\u0435\u0440 100'), STRINGDECODE('\u0442\u0430\u043a\u043e\u0439 \u0442\u043e'), 12.23222, 45.121331, FALSE, 0, 3, 42),
(2236, STRINGDECODE('\u0424\u0438\u043e 1'), STRINGDECODE('\u041d\u043e\u043c\u0435\u0440 1'), STRINGDECODE('\u0410\u0434\u0440\u0435\u0441 1'), 12.231229782104492, 45.12123107910156, FALSE, 0, 1, 42),
(2237, STRINGDECODE('\u0424\u0438\u043e 2'), STRINGDECODE('\u041d\u043e\u043c\u0435\u0440 2'), STRINGDECODE('\u0410\u0434\u0440\u0435\u0441 2'), 12.231240272521973, 45.12123489379883, FALSE, 0, 2, 42),
(2238, STRINGDECODE('\u0424\u0438\u043e 3'), STRINGDECODE('\u041d\u043e\u043c\u0435\u0440 3'), STRINGDECODE('\u0410\u0434\u0440\u0435\u0441 3'), 12.231249809265137, 45.12123489379883, FALSE, 0, 3, 42),
(2239, STRINGDECODE('\u0424\u0438\u043e 4'), STRINGDECODE('\u041d\u043e\u043c\u0435\u0440 4'), STRINGDECODE('\u0410\u0434\u0440\u0435\u0441 4'), 12.231260299682617, 45.12123489379883, FALSE, 0, 1, 42),
(2240, STRINGDECODE('\u0424\u0438\u043e 5'), STRINGDECODE('\u041d\u043e\u043c\u0435\u0440 5'), STRINGDECODE('\u0410\u0434\u0440\u0435\u0441 5'), 12.231269836425781, 45.12123489379883, FALSE, 0, 2, 42),
(2241, STRINGDECODE('\u0424\u0438\u043e 6'), STRINGDECODE('\u041d\u043e\u043c\u0435\u0440 6'), STRINGDECODE('\u0410\u0434\u0440\u0435\u0441 6'), 12.231280326843262, 45.121238708496094, FALSE, 0, 3, 42),
(2242, STRINGDECODE('\u0424\u0438\u043e 7'), STRINGDECODE('\u041d\u043e\u043c\u0435\u0440 7'), STRINGDECODE('\u0410\u0434\u0440\u0435\u0441 7'), 12.231289863586426, 45.121238708496094, FALSE, 0, 4, 42),
(2243, STRINGDECODE('\u0424\u0438\u043e 8'), STRINGDECODE('\u041d\u043e\u043c\u0435\u0440 8'), STRINGDECODE('\u0410\u0434\u0440\u0435\u0441 8'), 12.231300354003906, 45.121238708496094, FALSE, 0, 1, 42),
(2244, STRINGDECODE('\u0424\u0438\u043e 9'), STRINGDECODE('\u041d\u043e\u043c\u0435\u0440 9'), STRINGDECODE('\u0410\u0434\u0440\u0435\u0441 9'), 12.23130989074707, 45.121238708496094, FALSE, 0, 2, 42),
(2245, STRINGDECODE('\u0424\u0438\u043e 10'), STRINGDECODE('\u041d\u043e\u043c\u0435\u0440 10'), STRINGDECODE('\u0410\u0434\u0440\u0435\u0441 10'), 12.23132038116455, 45.12124252319336, FALSE, 0, 4, 42),
(2246, STRINGDECODE('\u0424\u0438\u043e 11'), STRINGDECODE('\u041d\u043e\u043c\u0435\u0440 11'), STRINGDECODE('\u0410\u0434\u0440\u0435\u0441 11'), 12.231329917907715, 45.12124252319336, FALSE, 0, 4, 42),
(2247, STRINGDECODE('\u0424\u0438\u043e 12'), STRINGDECODE('\u041d\u043e\u043c\u0435\u0440 12'), STRINGDECODE('\u0410\u0434\u0440\u0435\u0441 12'), 12.231340408325195, 45.12124252319336, FALSE, 0, 4, 42),
(2248, STRINGDECODE('\u0424\u0438\u043e 13'), STRINGDECODE('\u041d\u043e\u043c\u0435\u0440 13'), STRINGDECODE('\u0410\u0434\u0440\u0435\u0441 13'), 12.23134994506836, 45.12124252319336, FALSE, 0, 1, 42),
(2249, STRINGDECODE('\u0424\u0438\u043e 14'), STRINGDECODE('\u041d\u043e\u043c\u0435\u0440 14'), STRINGDECODE('\u0410\u0434\u0440\u0435\u0441 14'), 12.23136043548584, 45.121246337890625, FALSE, 0, 2, 42),
(2250, STRINGDECODE('\u0444\u044b\u0432\u0444\u044b\u0432\u0444\u044b\u0432'), STRINGDECODE('\u041d\u043e\u043c\u0435\u0440 15'), STRINGDECODE('\u0439\u0446\u0443\u0439\u0446\u0443'), 12.231369972229004, 45.121246337890625, FALSE, 0, 1, 42),
(2251, STRINGDECODE('\u0424\u0438\u043e 16'), STRINGDECODE('\u041d\u043e\u043c\u0435\u0440 16'), STRINGDECODE('\u0410\u0434\u0440\u0435\u0441 16'), 12.231380462646484, 45.121246337890625, FALSE, 0, 2, 42);
INSERT INTO PUBLIC.FAMILIES(ID, NAME, PHONE_NUMBER, ADDRESS, LONGITUDE, LATITUDE, FINISHED, CAR_ID, GROUP_ID, STOCK_ID) VALUES
(2252, STRINGDECODE('\u0424\u0438\u043e 17'), STRINGDECODE('\u041d\u043e\u043c\u0435\u0440 17'), STRINGDECODE('\u0410\u0434\u0440\u0435\u0441 17'), 12.231389999389648, 45.121246337890625, FALSE, 0, 3, 42),
(2253, STRINGDECODE('\u0424\u0438\u043e 18'), STRINGDECODE('\u041d\u043e\u043c\u0435\u0440 18'), STRINGDECODE('\u0410\u0434\u0440\u0435\u0441 18'), 12.231399536132812, 45.12125015258789, FALSE, 0, 1, 42),
(2254, STRINGDECODE('\u0424\u0438\u043e 19'), STRINGDECODE('\u041d\u043e\u043c\u0435\u0440 19'), STRINGDECODE('\u0410\u0434\u0440\u0435\u0441 19'), 12.231410026550293, 45.12125015258789, FALSE, 0, 2, 42),
(2255, STRINGDECODE('\u0424\u0438\u043e 20'), STRINGDECODE('\u041d\u043e\u043c\u0435\u0440 20'), STRINGDECODE('\u0410\u0434\u0440\u0435\u0441 20'), 12.231419563293457, 45.12125015258789, FALSE, 0, 3, 42),
(2256, STRINGDECODE('\u0424\u0438\u043e 21'), STRINGDECODE('\u041d\u043e\u043c\u0435\u0440 21'), STRINGDECODE('\u0410\u0434\u0440\u0435\u0441 21'), 12.231430053710938, 45.12125015258789, FALSE, 0, 4, 42),
(2257, STRINGDECODE('\u0424\u0438\u043e 22'), STRINGDECODE('\u041d\u043e\u043c\u0435\u0440 22'), STRINGDECODE('\u0410\u0434\u0440\u0435\u0441 22'), 12.231439590454102, 45.121253967285156, FALSE, 0, 1, 42),
(2258, STRINGDECODE('\u0424\u0438\u043e 23'), STRINGDECODE('\u041d\u043e\u043c\u0435\u0440 23'), STRINGDECODE('\u0410\u0434\u0440\u0435\u0441 23'), 12.231450080871582, 45.121253967285156, FALSE, 0, 2, 42),
(2259, STRINGDECODE('\u0424\u0438\u043e 24'), STRINGDECODE('\u041d\u043e\u043c\u0435\u0440 24'), STRINGDECODE('\u0410\u0434\u0440\u0435\u0441 24'), 12.231459617614746, 45.121253967285156, FALSE, 0, 4, 42),
(2260, 'Jhnm', STRINGDECODE('\u041d\u043e\u043c\u0435\u0440 25'), STRINGDECODE('\u0410\u0434\u0440\u0435\u0441 25'), 12.231470108032227, 45.12125778198242, FALSE, 0, 4, 42);