;              
CREATE USER IF NOT EXISTS USER SALT '887232d069cef144' HASH '48e4c6366cef99fb4e14856c18f5f0208d3c4a2fdfebdf14248dcd6c14214da2' ADMIN;          
CREATE USER IF NOT EXISTS SA SALT '47e332146f3f8c93' HASH 'dd362ca86848561b418c3e51cff719925c9924f60bc8d464074fd0e296a180b4' ADMIN;            
CREATE SEQUENCE PUBLIC.SYSTEM_SEQUENCE_B73E50AC_EAB2_41DD_B7B6_FD875CBE7A18 START WITH 65 BELONGS_TO_TABLE;    
CREATE SEQUENCE PUBLIC.SYSTEM_SEQUENCE_8B856B3E_3A5B_4310_A36D_E523A74E75DF START WITH 132 BELONGS_TO_TABLE;
CREATE SEQUENCE PUBLIC.SYSTEM_SEQUENCE_ED1E2B59_BC22_4678_8842_74D5E3A638B4 START WITH 9922 BELONGS_TO_TABLE;
CREATE SEQUENCE PUBLIC.SYSTEM_SEQUENCE_AE29084E_DB11_4EAB_BC31_46E099B9D021 START WITH 2 BELONGS_TO_TABLE;
CREATE SEQUENCE PUBLIC.SYSTEM_SEQUENCE_CAA373AC_8CD6_465B_9E65_277A7F18B915 START WITH 269 BELONGS_TO_TABLE;
CREATE SEQUENCE PUBLIC.SYSTEM_SEQUENCE_0524FAD8_9D75_4A6B_9AFF_D049FDA104FC START WITH 65 BELONGS_TO_TABLE;
CREATE SEQUENCE PUBLIC.SYSTEM_SEQUENCE_1A0F05EF_1E5A_4916_9601_072FDC3ECC56 START WITH 28 BELONGS_TO_TABLE;
CREATE SEQUENCE PUBLIC.SYSTEM_SEQUENCE_4DC0278E_3498_45AA_95F2_9FD33A0AD873 START WITH 101 BELONGS_TO_TABLE;
CREATE SEQUENCE PUBLIC.SYSTEM_SEQUENCE_EFC136C0_CBAC_45A0_94A8_64AD9B64488B START WITH 12 BELONGS_TO_TABLE;
CREATE SEQUENCE PUBLIC.SYSTEM_SEQUENCE_643CB524_47CA_47F0_9093_20A5C4DA98AE START WITH 9 BELONGS_TO_TABLE;
CREATE SEQUENCE PUBLIC.SYSTEM_SEQUENCE_59D277BC_F30F_4E65_8858_B9102BF39191 START WITH 363 BELONGS_TO_TABLE;
CREATE SEQUENCE PUBLIC.SYSTEM_SEQUENCE_1D102FBC_B346_46E0_92D8_0FCB56690D20 START WITH 6 BELONGS_TO_TABLE;
CREATE SEQUENCE PUBLIC.SYSTEM_SEQUENCE_BB0B9982_D725_4149_BAEB_B2AC571A334D START WITH 144 BELONGS_TO_TABLE;
CREATE SEQUENCE PUBLIC.SYSTEM_SEQUENCE_57F40813_8FF7_4177_8219_C3252CC204FC START WITH 74 BELONGS_TO_TABLE;
CREATE SEQUENCE PUBLIC.SYSTEM_SEQUENCE_14E438B1_012E_41EB_82FD_B81521F40C9B START WITH 296 BELONGS_TO_TABLE;
CREATE SEQUENCE PUBLIC.SYSTEM_SEQUENCE_EEDB880B_D82A_4C9E_B2D2_EDCA6F409462 START WITH 139 BELONGS_TO_TABLE;
CREATE SEQUENCE PUBLIC.SYSTEM_SEQUENCE_EDEB0ADB_3272_44BE_B5FB_D1F8A8B5D2C6 START WITH 65 BELONGS_TO_TABLE;
CREATE SEQUENCE PUBLIC.SYSTEM_SEQUENCE_B4702A03_183D_4D90_8B45_591BB62B42D0 START WITH 134 BELONGS_TO_TABLE;
CREATE SEQUENCE PUBLIC.SYSTEM_SEQUENCE_342916C7_DD52_4664_A2EF_8F2919812BCF START WITH 196 BELONGS_TO_TABLE;
CREATE SEQUENCE PUBLIC.SYSTEM_SEQUENCE_80B2E35D_DD11_4B44_86BE_160B5DB5AF2B START WITH 8 BELONGS_TO_TABLE;
CREATE SEQUENCE PUBLIC.SYSTEM_SEQUENCE_799DBAA1_7E85_4B40_9C90_7F6BBF19501F START WITH 219 BELONGS_TO_TABLE;
CREATE SEQUENCE PUBLIC.SYSTEM_SEQUENCE_9DDE50AF_3F00_45FD_886C_8CDF46B1D878 START WITH 14 BELONGS_TO_TABLE;
CREATE SEQUENCE PUBLIC.SYSTEM_SEQUENCE_B0F0E7DA_72BD_4771_9CE5_01662CA4AC90 START WITH 278 BELONGS_TO_TABLE;
CREATE CACHED TABLE PUBLIC.VOLUNTEERS_GROUP(
    ID INT DEFAULT (NEXT VALUE FOR PUBLIC.SYSTEM_SEQUENCE_BB0B9982_D725_4149_BAEB_B2AC571A334D) NOT NULL NULL_TO_DEFAULT SEQUENCE PUBLIC.SYSTEM_SEQUENCE_BB0B9982_D725_4149_BAEB_B2AC571A334D,
    USER_ID INT,
    CARS_ID INT,
    STOCK_ID INT
);
ALTER TABLE PUBLIC.VOLUNTEERS_GROUP ADD CONSTRAINT PUBLIC.CONSTRAINT_D PRIMARY KEY(ID);
-- 0 +/- SELECT COUNT(*) FROM PUBLIC.VOLUNTEERS_GROUP;
CREATE CACHED TABLE PUBLIC.USER(
    ID INT DEFAULT (NEXT VALUE FOR PUBLIC.SYSTEM_SEQUENCE_B4702A03_183D_4D90_8B45_591BB62B42D0) NOT NULL NULL_TO_DEFAULT SEQUENCE PUBLIC.SYSTEM_SEQUENCE_B4702A03_183D_4D90_8B45_591BB62B42D0,
    CHAT_ID INT NOT NULL,
    NAME TEXT NOT NULL,
    PHONE_NUMBER TEXT NOT NULL,
    CITY TEXT NOT NULL,
    SEX BOOLEAN NOT NULL,
    BIRTHDAY TEXT NOT NULL,
    RULES INT DEFAULT 1
);
ALTER TABLE PUBLIC.USER ADD CONSTRAINT PUBLIC.CONSTRAINT_2 PRIMARY KEY(ID);
-- 7 +/- SELECT COUNT(*) FROM PUBLIC.USER;
INSERT INTO PUBLIC.USER(ID, CHAT_ID, NAME, PHONE_NUMBER, CITY, SEX, BIRTHDAY, RULES) VALUES
(35, 338849363, STRINGDECODE('\u0414\u0430\u043d\u0438\u044f\u0440'), '87057024808', STRINGDECODE('\u041a\u0430\u0440\u0430\u0433\u0430\u043d\u0434\u0430'), TRUE, '13,02,1997', 2),
(67, 308095250, STRINGDECODE('\u0422\u0430\u0441\u0431\u0435\u0440\u0433\u0435\u043d \u0414\u0430\u0443\u0440\u0435\u043d \u041d\u0443\u0440\u0433\u0430\u043b\u0438\u0435\u0432\u0438\u0447'), '77075705750', STRINGDECODE('\u0410\u0441\u0442\u0430\u043d\u0430'), TRUE, '18.07.1995', 2),
(100, 414135421, STRINGDECODE('\u0410\u0439\u0436\u0430\u043d \u0422\u0443\u0441\u0443\u043f\u0431\u0435\u043a\u043e\u0432\u0430'), '77011796974', STRINGDECODE('\u041a\u0430\u0440\u0430\u0433\u0430\u043d\u0434\u0430'), FALSE, '19.07.1993', 1),
(101, 336243307, STRINGDECODE('\u0421\u043e\u0432\u0435\u0442\u0445\u0430\u043d\u0443\u043b\u044b'), '87055330100', STRINGDECODE('\u041a\u0430\u0440\u0430\u0433\u0430\u043d\u0434\u0430'), TRUE, '09.02.1989', 1),
(102, 200909381, STRINGDECODE('\u0410\u0441\u043a\u0430\u0440 \u0410\u0431\u0434\u0438\u043a\u0430\u0438\u0440\u043e\u0432'), '87017598361', STRINGDECODE('\u0410\u0441\u0442\u0430\u043d\u0430'), TRUE, STRINGDECODE('20 \u043d\u043e\u044f\u0431\u0440\u044f 1983'), 1),
(103, 418306379, 'Daureb', '77075058045', STRINGDECODE('\u0410\u0441\u0442\u0430\u043d\u0430'), TRUE, '12.09.839', 1),
(133, 43394658, STRINGDECODE('\u0422\u0443\u0441\u0443\u043f\u0431\u0435\u043a\u043e\u0432 \u0414\u0430\u043d\u0438\u044f\u0440'), '77011222339', STRINGDECODE('\u041a\u0430\u0440\u0430\u0433\u0430\u043d\u0434\u0430'), TRUE, '1997.2.13', 3);
CREATE CACHED TABLE PUBLIC.PARTICIPANTS_OF_STOCK(
    ID INT DEFAULT (NEXT VALUE FOR PUBLIC.SYSTEM_SEQUENCE_59D277BC_F30F_4E65_8858_B9102BF39191) NOT NULL NULL_TO_DEFAULT SEQUENCE PUBLIC.SYSTEM_SEQUENCE_59D277BC_F30F_4E65_8858_B9102BF39191,
    TYPE_OF_WORK_ID INT,
    USER_ID INT,
    DATES_ID INT,
    FINISHED BOOLEAN DEFAULT FALSE
);
-- 35 +/- SELECT COUNT(*) FROM PUBLIC.PARTICIPANTS_OF_STOCK;
INSERT INTO PUBLIC.PARTICIPANTS_OF_STOCK(ID, TYPE_OF_WORK_ID, USER_ID, DATES_ID, FINISHED) VALUES
(251, 51, 43394658, 62, FALSE),
(252, 51, 43394658, 61, FALSE),
(253, 147, 43394658, 159, FALSE),
(254, 52, 43394658, 63, FALSE),
(285, 212, 43394658, 224, FALSE),
(286, 213, 43394658, 225, FALSE),
(317, 244, 43394658, 256, FALSE),
(318, 245, 43394658, 259, FALSE),
(319, 246, 43394658, 262, FALSE),
(320, 246, 336243307, 261, FALSE),
(321, 247, 43394658, 264, FALSE),
(322, 248, 43394658, 266, FALSE),
(323, 249, 43394658, 268, FALSE),
(324, 251, 43394658, 271, FALSE),
(325, 250, 43394658, 270, FALSE),
(326, 253, 43394658, 276, FALSE),
(327, 252, 43394658, 273, FALSE),
(328, 253, 43394658, 275, FALSE),
(329, 253, 43394658, 274, FALSE),
(330, 250, 43394658, 269, FALSE),
(331, 252, 43394658, 272, FALSE),
(349, 1, 43394658, 2, FALSE),
(350, 1, 43394658, 1, FALSE),
(351, 2, 336243307, 3, FALSE),
(352, 3, 43394658, 4, FALSE),
(353, 3, 338849363, 5, FALSE),
(354, 5, 43394658, 10, FALSE),
(355, 6, 338849363, 13, FALSE),
(356, 8, 43394658, 18, FALSE),
(357, 8, 338849363, 17, FALSE),
(358, 11, 338849363, 24, FALSE),
(359, 9, 43394658, 20, FALSE),
(360, 12, 338849363, 25, FALSE),
(361, 12, 43394658, 26, FALSE),
(362, 6, 336243307, 12, FALSE);
CREATE CACHED TABLE PUBLIC.MESSAGE(
    ID INT NOT NULL,
    TEXT TEXT,
    PHOTO TEXT,
    KEYBOARD_ID INT
);
ALTER TABLE PUBLIC.MESSAGE ADD CONSTRAINT PUBLIC.CONSTRAINT_63 PRIMARY KEY(ID);
-- 120 +/- SELECT COUNT(*) FROM PUBLIC.MESSAGE;
INSERT INTO PUBLIC.MESSAGE(ID, TEXT, PHOTO, KEYBOARD_ID) VALUES
(1, STRINGDECODE('\u0427\u0442\u043e\u0431\u044b \u043f\u0440\u043e\u0434\u043e\u043b\u0436\u0438\u0442\u044c \u043d\u0443\u0436\u043d\u043e \u0437\u0430\u0440\u0435\u0433\u0438\u0441\u0442\u0440\u0438\u0440\u043e\u0432\u0430\u0442\u044c\u0441\u044f'), NULL, 1),
(10, STRINGDECODE('\u0412\u044b\u0431\u0435\u0440\u0438\u0442\u0435 \u043f\u043e\u043b'), NULL, 2),
(12, STRINGDECODE('\u0412\u0432\u0435\u0434\u0438\u0442\u0435 \u0432\u0430\u0448\u0443 \u0434\u0430\u0442\u0443 \u0440\u043e\u0436\u0434\u0435\u043d\u0438\u044f'), NULL, 10),
(15, STRINGDECODE('\u0413\u043e\u0442\u043e\u0432\u043e! \u0427\u0442\u043e\u0431\u044b \u0432\u043e\u0439\u0442\u0438 \u0432 \u0433\u043b\u0430\u0432\u043d\u043e\u0435 \u043c\u0435\u043d\u044e, \u043d\u0430\u043f\u0438\u0448\u0438\u0442\u0435 /start'), NULL, 0),
(2, STRINGDECODE('\u0413\u043b\u0430\u0432\u043d\u043e\u0435 \u043c\u0435\u043d\u044e'), NULL, 3),
(20, STRINGDECODE('\u041b\u0438\u0447\u043d\u044b\u0439 \u043a\u0430\u0431\u0438\u043d\u0435\u0442'), NULL, 4),
(21, STRINGDECODE('\u0417\u0430\u0434\u0430\u043d\u0438\u0438 \u043d\u0435\u0442'), NULL, 0),
(22, STRINGDECODE('\u0412\u044b\u0431\u0435\u0440\u0438\u0442\u0435 \u0437\u0430\u0434\u0430\u043d\u0438\u044f'), NULL, 5),
(23, STRINGDECODE('\u041d\u0430\u043f\u0438\u0448\u0438\u0442\u0435 \u043e\u0442\u0447\u0435\u0442'), NULL, 10),
(7, STRINGDECODE('\u041c\u0435\u043d\u044e \u0430\u0434\u043c\u0438\u043d\u0430'), NULL, 7),
(24, STRINGDECODE('\u041d\u043e\u0432\u0430\u044f \u0430\u043a\u0446\u0438\u044f'), NULL, 9),
(30, STRINGDECODE('\u0412\u0432\u0435\u0434\u0438\u0442\u0435 \u043d\u0430\u0437\u0432\u0430\u043d\u0438\u0435 \u0430\u043a\u0446\u0438\u0438'), NULL, 0),
(31, STRINGDECODE('\u0412\u0432\u0435\u0434\u0438\u0442\u0435 \u043d\u0430\u0437\u0432\u0430\u043d\u0438\u0435 \u0430\u043a\u0446\u0438\u0438 \u0434\u043b\u044f \u0430\u0434\u043c\u0438\u043d\u0430'), NULL, 0),
(32, STRINGDECODE('\u0412\u0432\u0435\u0434\u0438\u0442\u0435 \u043e\u043f\u0438\u0441\u0430\u043d\u0438\u0435'), NULL, 0),
(33, STRINGDECODE('\u0412\u0432\u0435\u0434\u0438\u0442\u0435 \u0432\u0438\u0434 \u0440\u0430\u0431\u043e\u0442\u044b'), NULL, 0),
(35, STRINGDECODE('\u0412\u044b\u0431\u0435\u0440\u0438\u0442\u0435 \u043a\u043e\u043c\u0430\u043d\u0434\u0443'), NULL, 8),
(34, STRINGDECODE('\u0412\u0432\u0435\u0434\u0438\u0442\u0435 \u0434\u0430\u0442\u0443'), NULL, 0),
(39, STRINGDECODE('\u0413\u043e\u0442\u043e\u0432\u043e!'), NULL, 7),
(36, STRINGDECODE('\u0417\u0430\u0433\u0440\u0443\u0436\u0430\u044e...'), NULL, 0),
(37, STRINGDECODE('\u0412\u044b\u0431\u0435\u0440\u0438\u0442\u0435 \u0430\u043a\u0446\u0438\u044e'), NULL, 0),
(38, STRINGDECODE('\u0412\u044b\u0431\u0435\u0440\u0438\u0442\u0435 \u0434\u0430\u0442\u0443'), NULL, 0),
(40, STRINGDECODE('\u0413\u043e\u0442\u043e\u0432\u043e'), NULL, 0),
(41, STRINGDECODE('\u0412\u044b\u0431\u0435\u0440\u0438\u0442\u0435 \u0437\u0430\u0434\u0430\u043d\u0438\u0435'), NULL, 0),
(3, STRINGDECODE('\u0421\u043b\u0435\u0434\u0438\u0442\u0435 \u0437\u0430 \u043d\u0430\u0448\u0438\u043c\u0438 \u043d\u043e\u0432\u043e\u0441\u0442\u044f\u043c\u0438 \u0432 \u0441\u043e\u0446\u0438\u0430\u043b\u044c\u043d\u044b\u0445 \u0441\u0435\u0442\u044f\u0445!'), NULL, 12),
(42, STRINGDECODE('\u0414\u043b\u044f \u043a\u043e\u0433\u043e \u0440\u0430\u0441\u0441\u044b\u043b\u043a\u0430'), NULL, 13),
(43, STRINGDECODE('\u0420\u0430\u0441\u0441\u044b\u043b\u043a\u0430 \u043e\u0442 \u0430\u0434\u043c\u0438\u043d\u0430'), NULL, 0),
(44, STRINGDECODE('\u0412\u0432\u0435\u0434\u0438\u0442\u0435 \u0441\u043e\u043e\u0431\u0449\u0435\u043d\u0438\u0435'), NULL, 0),
(45, STRINGDECODE('\u041d\u0435\u0442 \u0434\u0435\u0439\u0441\u0442\u0432\u0443\u044e\u0449\u0438\u0445 \u0430\u043a\u0446\u0438\u0438'), NULL, 0),
(46, STRINGDECODE('\u0412\u044b\u0431\u0435\u0440\u0438\u0442\u0435 \u0430\u043a\u0446\u0438\u044e'), NULL, 0),
(47, STRINGDECODE('\u0410\u043a\u0446\u0438\u044f'), NULL, 0),
(48, STRINGDECODE('\u0412\u044b\u0431\u0435\u0440\u0438\u0442\u0435 \u0440\u0430\u0431\u043e\u0442\u0443'), NULL, 0);
INSERT INTO PUBLIC.MESSAGE(ID, TEXT, PHOTO, KEYBOARD_ID) VALUES
(50, STRINGDECODE('\u041d\u0430\u0447\u0438\u043d\u0430\u044e \u0440\u0430\u0441\u0441\u044b\u043b\u043a\u0443...'), NULL, 0),
(51, STRINGDECODE('\u0420\u0430\u0441\u0441\u044b\u043b\u043a\u0430 \u0437\u0430\u043a\u043e\u043d\u0447\u0435\u043d\u0430!'), NULL, 7),
(49, STRINGDECODE('\u041d\u0435\u0442 \u0432\u043e\u043b\u043e\u043d\u0442\u0435\u0440\u043e\u0432, \u0443\u0447\u0430\u0441\u0442\u0432\u0443\u044e\u0449\u0438\u0445 \u0432 \u0434\u0430\u043d\u043d\u043e\u043c \u0437\u0430\u0434\u0430\u043d\u0438\u0438'), NULL, 0),
(52, STRINGDECODE('\u041d\u0435\u0442 \u0432\u043e\u043b\u043e\u043d\u0442\u0435\u0440\u043e\u0432, \u0443\u0447\u0430\u0441\u0442\u0432\u0443\u044e\u0449\u0438\u0445 \u0432 \u0430\u043a\u0446\u0438\u0438'), NULL, 0),
(6, STRINGDECODE('\u041a\u043e\u043c\u0430\u043d\u0434\u0430 \u043d\u0435 \u0440\u0430\u0441\u043f\u043e\u0437\u043d\u0430\u043d\u0430, \u0438\u043b\u0438 \u043d\u0435 \u0443\u0434\u0430\u043b\u043e\u0441\u044c \u043e\u0431\u0440\u0430\u0431\u043e\u0442\u0430\u0442\u044c \u0438\u043d\u0444\u043e\u0440\u043c\u0430\u0446\u0438\u044e'), NULL, 0),
(53, STRINGDECODE('\u041c\u0435\u043d\u044e \u0430\u043a\u0446\u0438\u0438'), NULL, 14),
(54, STRINGDECODE('\u0427\u0442\u043e \u0431\u0443\u0434\u0435\u043c \u0440\u0435\u0434\u0430\u043a\u0442\u0438\u0440\u043e\u0432\u0430\u0442\u044c?'), NULL, 17),
(55, STRINGDECODE('\u0412\u0432\u0435\u0434\u0438\u0442\u0435 \u0442\u0435\u043a\u0441\u0442'), NULL, 0),
(56, STRINGDECODE('\u0412\u0432\u0435\u0434\u0438\u0442\u0435 \u0441\u0441\u044b\u043b\u043a\u0443'), NULL, 0),
(57, STRINGDECODE('\u0412\u044b \u0443\u0436\u0435 \u0443\u0447\u0430\u0441\u0442\u0432\u0443\u0435\u0442\u0435 \u0432 \u0434\u0430\u043d\u043d\u043e\u0439 \u0440\u0430\u0431\u043e\u0442\u0435'), NULL, 0),
(58, STRINGDECODE('\u0410\u043a\u0446\u0438\u044f \u043d\u0430\u0447\u0430\u043b\u0430\u0441\u044c!'), NULL, 18),
(59, STRINGDECODE('\u0412\u044b \u043d\u0430 \u043c\u0430\u0448\u0438\u043d\u0435?'), NULL, 19),
(60, STRINGDECODE('\u0412\u0432\u0435\u0434\u0438\u0442\u0435 \u043d\u043e\u043c\u0435\u0440 \u0438 \u043c\u0430\u0440\u043a\u0443 \u043c\u0430\u0448\u0438\u043d\u044b'), NULL, 0),
(61, STRINGDECODE('\u041e\u0436\u0438\u0434\u0430\u0439\u0442\u0435...'), NULL, 0),
(63, STRINGDECODE('\u0412\u044b\u0431\u0435\u0440\u0438\u0442\u0435 \u043c\u0430\u0448\u0438\u043d\u0443'), NULL, 21),
(64, STRINGDECODE('\u0421\u043f\u0438\u0441\u043a\u0438 \u0441\u0435\u043c\u0435\u0439'), NULL, 22),
(65, STRINGDECODE('\u0421\u043a\u043e\u043b\u044c\u043a\u043e \u0441\u0435\u043c\u0435\u0439 \u0432\u044b \u0445\u043e\u0442\u0438\u0442\u0435?'), NULL, 0),
(62, STRINGDECODE('\u0420\u0430\u0437\u0434\u0430\u0442\u044c \u0441\u043f\u0438\u0441\u043e\u043a \u043c\u0430\u0448\u0438\u043d?'), NULL, 20),
(66, STRINGDECODE('\u0420\u0430\u0437\u0434\u0430\u0442\u044c \u0441\u043f\u0438\u0441\u043e\u043a \u0441\u0435\u043c\u0435\u0439?'), NULL, 24),
(67, STRINGDECODE('\u0417\u0430\u0432\u0435\u0440\u0448\u0438\u0442\u044c \u0430\u043a\u0446\u0438\u044e?'), NULL, 25),
(68, STRINGDECODE('\u041a\u0430\u043b\u0435\u043d\u0434\u0430\u0440\u044c \u0441\u043e\u0431\u044b\u0442\u0438\u0439'), NULL, 26),
(69, STRINGDECODE('\u041d\u0435\u0447\u0435\u0433\u043e \u043f\u043e\u043a\u0430\u0437\u044b\u0432\u0430\u0442\u044c'), NULL, 0),
(14, STRINGDECODE('\u0412\u0432\u0435\u0434\u0438\u0442\u0435 \u0441\u0432\u043e\u0439 \u043d\u043e\u043c\u0435\u0440 \u0442\u0435\u043b\u0435\u0444\u043e\u043d\u0430'), NULL, 27),
(70, STRINGDECODE('\u0412\u044b\u0431\u0435\u0440\u0438\u0442\u0435 \u0432\u043e\u043b\u043e\u043d\u0442\u0435\u0440\u043e\u0432'), NULL, 28),
(71, STRINGDECODE('\u0412\u044b\u0431\u0435\u0440\u0438\u0442\u0435 \u0441\u0435\u043c\u044c\u0438'), NULL, 29),
(72, STRINGDECODE('\u0410\u0432\u0442\u043e\u043c\u0430\u0442\u0438\u0447\u0435\u0441\u043a\u0438\u0439 \u0438\u043b\u0438 \u0440\u0443\u0447\u043d\u043e\u0439 \u0440\u0435\u0436\u0438\u043c?'), NULL, 30),
(73, STRINGDECODE('\u0423\u043f\u0440\u0430\u0432\u043b\u0435\u043d\u0438\u0435 \u0430\u0434\u043c\u0438\u043d\u0430\u043c\u0438'), NULL, 31);
INSERT INTO PUBLIC.MESSAGE(ID, TEXT, PHOTO, KEYBOARD_ID) VALUES
(74, STRINGDECODE('\u0412\u044b\u0431\u0435\u0440\u0438\u0442\u0435 \u043f\u043e\u043b\u044c\u0437\u043e\u0432\u0430\u0442\u0435\u043b\u044f'), NULL, 10),
(4, 'asdasd', NULL, 0),
(75, STRINGDECODE('\u041d\u0430\u043f\u0438\u0448\u0438\u0442\u0435 \u043e\u0442\u0447\u0435\u0442'), NULL, 0),
(76, STRINGDECODE('\u041d\u0430\u0447\u0438\u043d\u0430\u0435\u043c \u0430\u043a\u0446\u0438\u044e!'), NULL, 32),
(77, STRINGDECODE('\u0427\u0442\u043e \u0438\u0437\u043c\u0435\u043d\u044f\u0435\u043c?'), NULL, 34),
(78, STRINGDECODE('\u0412\u0432\u0435\u0434\u0438\u0442\u0435 \u043d\u043e\u0432\u0443\u044e \u0438\u043d\u0444\u043e\u0440\u043c\u0430\u0446\u0438\u044e'), NULL, 10),
(79, STRINGDECODE('\u041e\u043f\u0438\u0441\u0430\u043d\u0438\u0435'), NULL, 0),
(80, STRINGDECODE('\u0410\u043a\u0446\u0438\u044f \u0437\u0430\u0432\u0435\u0440\u0448\u0435\u043d\u0430'), NULL, 0),
(81, STRINGDECODE('\u0412\u0430\u043c \u043f\u043e\u043d\u0440\u0430\u0432\u0438\u043b\u0430\u0441\u044c \u0430\u043a\u0446\u0438\u044f?'), NULL, 35),
(82, STRINGDECODE('\u0412\u0430\u0448\u0438 \u043f\u043e\u0436\u0435\u043b\u0430\u043d\u0438\u044f'), NULL, 36),
(83, STRINGDECODE('\u0421\u043f\u0430\u0441\u0438\u0431\u043e \u0437\u0430 \u0432\u0430\u0448 \u043e\u0442\u0437\u044b\u0432!'), NULL, 0),
(85, STRINGDECODE('\u0420\u0435\u0439\u0442\u0438\u043d\u0433: '), NULL, 0),
(84, STRINGDECODE('\u041d\u0435\u0442 \u0440\u0435\u0437\u0443\u043b\u044c\u0442\u0430\u0442\u043e\u0432'), NULL, 0),
(86, STRINGDECODE('\u0412\u044b\u0431\u0435\u0440\u0438\u0442\u0435 \u043c\u0438\u043d\u0438\u043c\u0443\u043c 1 \u0432\u043e\u043b\u043e\u043d\u0442\u0435\u0440\u0430'), NULL, 0),
(87, STRINGDECODE('\u0412\u044b\u0431\u0435\u0440\u0438\u0442\u0435 \u043c\u0438\u043d\u0438\u043c\u0443\u043c 1 \u0441\u0435\u043c\u044c\u044e'), NULL, 0),
(88, STRINGDECODE('\u041e\u0442\u0447\u0435\u0442\u044b'), NULL, 0),
(89, STRINGDECODE('\u0417\u0430\u0434\u0430\u043d\u0438\u0435'), NULL, 0),
(90, STRINGDECODE('\u041e\u0442\u0447\u0435\u0442'), NULL, 0),
(91, STRINGDECODE('\u0420\u0430\u0441\u0441\u044b\u043b\u0430\u0435\u043c \u043e\u043f\u0440\u043e\u0441...'), NULL, 0),
(92, STRINGDECODE('\u0412\u044b \u0432\u044b\u043f\u043e\u043b\u043d\u0438\u043b\u0438 \u0437\u0430\u0434\u0430\u043d\u0438\u0435!'), NULL, 0),
(93, STRINGDECODE('\u0412\u044b\u0431\u0435\u0440\u0438\u0442\u0435 \u043c\u0430\u0448\u0438\u043d\u0443'), NULL, 0),
(94, STRINGDECODE('\u041e\u0434\u0438\u043d \u0438\u0437 \u0443\u0447\u0430\u0441\u0442\u043d\u0438\u043a\u043e\u0432 \u0433\u0440\u0443\u043f\u043f\u044b \u0443\u0436\u0435 \u0432\u044b\u0431\u0440\u0430\u043b \u043a\u043e\u043b\u0438\u0447\u0435\u0441\u0442\u0432\u043e \u0441\u0435\u043c\u0435\u0439 - '), NULL, 0),
(95, STRINGDECODE('\u0441\u0435\u043c\u0435\u0439 \u0435\u0449\u0435 \u043e\u0441\u0442\u0430\u043b\u043e\u0441\u044c'), NULL, 0),
(96, STRINGDECODE('\u0410\u0434\u0440\u0435\u0441: '), NULL, 0),
(97, STRINGDECODE('\u0422\u0435\u043b\u0435\u0444\u043e\u043d'), NULL, 0),
(98, STRINGDECODE('\u0410\u043a\u0446\u0438\u044f \u0443\u0436\u0435 \u043d\u0430\u0447\u0430\u043b\u0430\u0441\u044c, \u0447\u0442\u043e\u0431\u044b \u0435\u0435 \u0437\u0430\u0432\u0435\u0440\u0448\u0438\u0442\u044c, \u043d\u0430\u0436\u043c\u0438\u0442\u0435 \u043a\u043d\u043e\u043f\u043a\u0443 \"\u0417\u0430\u0432\u0435\u0440\u0448\u0438\u0442\u044c \u0430\u043a\u0446\u0438\u044e\"'), NULL, 0),
(5, STRINGDECODE('\u041d\u0430\u0448 \u0444\u043e\u043d\u0434 \u0441\u0443\u0449\u0435\u0441\u0442\u0432\u0443\u0435\u0442 \u043d\u0430 \u043f\u0440\u043e\u0442\u044f\u0436\u0435\u043d\u0438\u0438 11 \u043b\u0435\u0442 \u0438 \u043c\u044b \u0441\u043c\u043e\u0433\u043b\u0438 \u043f\u043e\u043c\u043e\u0447\u044c \u0431\u0435\u0441\u0447\u0438\u0441\u043b\u0435\u043d\u043d\u043e\u043c\u0443 \u043a\u043e\u043b\u0438\u0447\u0435\u0441\u0442\u0432\u0443 \u043b\u044e\u0434\u0435\u0439'), NULL, 0),
(11, STRINGDECODE('\u0412\u0432\u0435\u0434\u0438\u0442\u0435 \u0432\u0430\u0448\u0438 \u0424\u0430\u043c\u0438\u043b\u0438\u044e \u0438 \u0418\u043c\u044f'), NULL, 10);
INSERT INTO PUBLIC.MESSAGE(ID, TEXT, PHOTO, KEYBOARD_ID) VALUES
(13, STRINGDECODE('\u0412\u044b\u0431\u0435\u0440\u0438\u0442\u0435 \u041e\u0431\u043b\u0430\u0441\u0442\u044c'), NULL, 37),
(99, STRINGDECODE('\u0412\u044b\u0431\u0435\u0440\u0438\u0442\u0435 \u0433\u043e\u0434'), NULL, 0),
(100, STRINGDECODE('\u0412\u044b\u0431\u0435\u0440\u0438\u0442\u0435 \u043c\u0435\u0441\u044f\u0446'), NULL, 0),
(101, STRINGDECODE('\u0412\u044b\u0431\u0435\u0440\u0438\u0442\u0435 \u0434\u0435\u043d\u044c'), NULL, 0),
(102, STRINGDECODE('\u0412\u044b\u0431\u0435\u0440\u0438\u0442\u0435 \u0442\u0438\u043f'), NULL, 39),
(103, STRINGDECODE('\u0412\u0432\u0435\u0434\u0438\u0442\u0435 \u043d\u0430\u0437\u0432\u0430\u043d\u0438\u0435'), NULL, 10),
(104, STRINGDECODE('\u0412\u044b \u0437\u0430\u043f\u0438\u0441\u0430\u043b\u0438\u0441\u044c \u043d\u0430 \u0430\u043a\u0446\u0438\u044e: '), NULL, 0),
(105, STRINGDECODE('\u0414\u0430\u0442\u0430: '), NULL, 0),
(106, STRINGDECODE('\u041a\u0430\u043a \u0432\u044b \u0434\u0443\u043c\u0430\u0435\u0442\u0435, \u0435\u0441\u0442\u044c \u043b\u0438 \u0441\u0440\u0435\u0434\u0438 \u0442\u0435\u0445 \u0441\u0435\u043c\u0435\u0439, \u043a\u043e\u0442\u043e\u0440\u044b\u043c \u0412\u044b \u043f\u043e\u043c\u043e\u0433\u043b\u0438, \u0443 \u043a\u043e\u0433\u043e \u0441\u043e\u0441\u0442\u043e\u044f\u043d\u0438\u0435 \u0434\u043e\u0432\u043e\u043b\u044c\u043d\u043e \u043d\u0435\u043f\u043b\u043e\u0445\u043e\u0435 - \u043d\u0435 \u043d\u0443\u0436\u0434\u0430\u044e\u0442\u0441\u044f \u0432 \u043d\u0430\u0448\u0435\u0439 \u043f\u043e\u043c\u043e\u0449\u0438?'), NULL, 19),
(107, STRINGDECODE('\u0415\u0441\u0442\u044c \u043b\u0438 \u0441\u0435\u043c\u044c\u0438, \u043a\u043e\u0442\u043e\u0440\u044b\u0435 \u0412\u0430\u043c \u0441\u0438\u043b\u044c\u043d\u043e \u043f\u043e\u043d\u0440\u0430\u0432\u0438\u043b\u0438\u0441\u044c? \u0421\u0435\u043c\u044c\u0438, \u043a\u043e\u0442\u043e\u0440\u044b\u0435, \u043f\u043e \u0432\u0430\u0448\u0435\u043c\u0443 \u043c\u043d\u0435\u043d\u0438\u044e, \u043d\u0435 \u043e\u043f\u0443\u0441\u0442\u0438\u043b\u0438 \u0440\u0443\u043a\u0438 \u0438 \u0441\u0442\u0430\u0440\u0430\u044e\u0442\u0441\u044f \u0438\u0437\u043c\u0435\u043d\u0438\u0442\u044c \u043f\u043e\u043b\u043e\u0436\u0435\u043d\u0438\u0435 \u0434\u0435\u043b?'), NULL, 19),
(109, STRINGDECODE('\u0425\u043e\u0442\u0435\u043b\u0438 \u0431\u044b \u043e\u0442\u043f\u0440\u0430\u0432\u0438\u0442\u044c \u043a\u043e\u043c\u0435\u043d\u0442\u0430\u0440\u0438\u0439 \u043a \u043e\u043f\u0440\u0435\u0434\u0435\u043b\u0435\u043d\u043d\u043e\u0439 \u0441\u0435\u043c\u044c\u0435?'), NULL, 19),
(108, STRINGDECODE('\u0415\u0441\u0442\u044c \u043b\u0438 \u0441\u0435\u043c\u044c\u0438, \u043a\u043e\u0442\u043e\u0440\u044b\u0435 \u0412\u0430\u043c \u041d\u0415 \u043f\u043e\u043d\u0440\u0430\u0432\u0438\u043b\u0438\u0441\u044c, \u0441\u0435\u043c\u044c\u0438, \u043a\u043e\u0442\u043e\u0440\u044b\u0435, \u043f\u043e \u0432\u0430\u0448\u0435\u043c\u0443 \u043c\u043d\u0435\u043d\u0438\u044e, \u0431\u0435\u0437\u0434\u0435\u0439\u0441\u0442\u0432\u0443\u044e\u0442 \u0438 \u043d\u0435 \u0441\u0442\u0430\u0440\u0430\u044e\u0442\u0441\u044f \u0438\u0437\u043c\u0435\u043d\u0438\u0442\u044c \u043f\u043e\u043b\u043e\u0436\u0435\u043d\u0438\u0435 \u0434\u0435\u043b?'), NULL, 19),
(111, STRINGDECODE('\u0412\u0432\u0435\u0434\u0438\u0442\u0435 \u043d\u0430\u0437\u0432\u0430\u043d\u0438\u0435 \u0441\u043f\u0438\u0441\u043a\u0430'), NULL, 0),
(110, STRINGDECODE('\u0421\u043f\u0430\u0441\u0438\u0431\u043e! \u041d\u0430\u043c \u0432\u0430\u0436\u043d\u043e \u0412\u0430\u0448\u0435 \u043c\u043d\u0435\u043d\u0438\u0435!'), NULL, 3),
(112, STRINGDECODE('\u041d\u0430\u043f\u0438\u0448\u0438\u0442\u0435 \u043a\u043e\u043c\u043c\u0435\u043d\u0442\u0430\u0440\u0438\u0439'), NULL, 0),
(113, STRINGDECODE('\u0421\u0435\u043c\u0435\u0439 \u0431\u043e\u043b\u044c\u0448\u0435 \u043d\u0435\u0442'), NULL, 3),
(114, STRINGDECODE('\u0412\u043e\u043b\u043e\u043d\u0442\u0435\u0440\u044b: '), NULL, 0),
(115, STRINGDECODE('\u0421\u0435\u043c\u044c\u0438: '), NULL, 0),
(116, STRINGDECODE('\u0412\u044b\u0431\u0435\u0440\u0438\u0442\u0435 \u0441\u043f\u0438\u0441\u043e\u043a'), NULL, 0);
INSERT INTO PUBLIC.MESSAGE(ID, TEXT, PHOTO, KEYBOARD_ID) VALUES
(117, STRINGDECODE('\u0412\u044b\u0431\u0435\u0440\u0438\u0442\u0435'), NULL, 42),
(118, STRINGDECODE('\u0412\u044b\u0431\u0435\u0440\u0438\u0442\u0435 \u0442\u0438\u043f \u0441\u043a\u0440\u0438\u043f\u0442\u0430'), NULL, 43),
(119, STRINGDECODE('\u0412\u044b\u0431\u0435\u0440\u0438\u0442\u0435 \u0441\u043a\u0440\u0438\u043f\u0442'), NULL, 0),
(120, STRINGDECODE('\u041f\u0440\u0438\u043c\u0438\u0442\u0435 \u0443\u0447\u0430\u0441\u0442\u0438\u0435 \u0432 \u0430\u043a\u0446\u0438\u0438?'), NULL, 45),
(121, STRINGDECODE('\u0416\u0434\u0435\u043c \u0412\u0430\u0441 \u0432 \u0431\u0443\u0434\u0443\u0449\u0438\u0445 \u0430\u043a\u0446\u0438\u044f\u0445!'), NULL, 3),
(122, STRINGDECODE('\u0412\u044b \u043f\u043e\u0434\u0442\u0432\u0435\u0440\u0436\u0434\u0430\u0435\u0442\u0435, \u0447\u0442\u043e \u0441\u0435\u043c\u044c\u0435 \u0431\u044b\u043b\u0430 \u043e\u043a\u0430\u0437\u0430\u043d\u0430 \u043f\u043e\u043c\u043e\u0449\u044c?'), NULL, 46),
(123, STRINGDECODE('\u0425\u043e\u0442\u0438\u0442\u0435 \u043e\u0442\u043f\u0440\u0430\u0432\u0438\u0442\u044c \u043e\u0442\u0447\u0435\u0442?'), NULL, 47),
(124, STRINGDECODE('\u041f\u0440\u0438\u0447\u0438\u043d\u0430 \u043e\u0442\u043a\u0430\u0437\u0430'), NULL, 48),
(125, STRINGDECODE('\u041d\u0435 \u0437\u0430\u0432\u0435\u0440\u0448\u0435\u043d'), NULL, 0),
(126, STRINGDECODE('\u0417\u0430\u0432\u0435\u0440\u0448\u0435\u043d'), NULL, 0),
(127, STRINGDECODE('\u0418\u0445 \u043d\u0435\u0442 \u0434\u043e\u043c\u0430'), NULL, 0),
(128, STRINGDECODE('\u041d\u0435\u0432\u0435\u0440\u043d\u044b\u0439 \u0430\u0434\u0440\u0435\u0441'), NULL, 0),
(129, STRINGDECODE('\u041d\u0435\u0442 \u0432\u0440\u0435\u043c\u0435\u043d\u0438'), NULL, 0),
(130, STRINGDECODE('\u0411\u044b\u043b\u0438 \u0434\u043e\u0431\u0430\u0432\u043b\u0435\u043d\u044b \u043d\u043e\u0432\u044b\u0435 \u0441\u0435\u043c\u044c\u0438'), NULL, 0),
(131, STRINGDECODE('\u0412\u044b\u0431\u0435\u0440\u0438\u0442\u0435 \u0430\u043a\u0446\u0438\u044e'), NULL, 0);
CREATE CACHED TABLE PUBLIC.GROUPS(
    ID INT DEFAULT (NEXT VALUE FOR PUBLIC.SYSTEM_SEQUENCE_AE29084E_DB11_4EAB_BC31_46E099B9D021) NOT NULL NULL_TO_DEFAULT SEQUENCE PUBLIC.SYSTEM_SEQUENCE_AE29084E_DB11_4EAB_BC31_46E099B9D021,
    GROUP_ID INT NOT NULL,
    GROUP_LINK TEXT NOT NULL,
    NAME TEXT
);
-- 2 +/- SELECT COUNT(*) FROM PUBLIC.GROUPS;
INSERT INTO PUBLIC.GROUPS(ID, GROUP_ID, GROUP_LINK, NAME) VALUES
(1, -180777328, 'https://t.me/joinchat/AAAAAArGcXCx9NlWdIhvvw', 'Ardaiym Group'),
(1, -180777328, 'https://t.me/joinchat/AAAAAArGcXCx9NlWdIhvvw', 'Ardaiym Group');
CREATE CACHED TABLE PUBLIC.BUTTON(
    ID INT NOT NULL,
    TEXT TEXT,
    COMMAND_ID INT,
    URL TEXT,
    REQUEST_CONTACT BOOLEAN
);
ALTER TABLE PUBLIC.BUTTON ADD CONSTRAINT PUBLIC.CONSTRAINT_7 PRIMARY KEY(ID);
-- 124 +/- SELECT COUNT(*) FROM PUBLIC.BUTTON;
INSERT INTO PUBLIC.BUTTON(ID, TEXT, COMMAND_ID, URL, REQUEST_CONTACT) VALUES
(1, '/start', 1, NULL, FALSE),
(2, '/admin', 6, NULL, FALSE),
(3, STRINGDECODE('\u0417\u0430\u0440\u0435\u0433\u0438\u0441\u0442\u0440\u0438\u0440\u043e\u0432\u0430\u0442\u044c\u0441\u044f'), 2, NULL, FALSE),
(7, STRINGDECODE('\u041e\u0442\u043f\u0440\u0430\u0432\u0438\u0442\u044c \u043a\u043e\u043d\u0442\u0430\u043a\u0442'), 0, NULL, TRUE),
(10, STRINGDECODE('\u21a9\ufe0f \u041d\u0430\u0437\u0430\u0434'), 0, NULL, FALSE),
(11, STRINGDECODE('\u041c\u0443\u0436\u0447\u0438\u043d\u0430'), 0, NULL, FALSE),
(12, STRINGDECODE('\u0416\u0435\u043d\u0449\u0438\u043d\u0430'), 0, NULL, FALSE),
(13, STRINGDECODE('\u0412\u0432\u0435\u0434\u0438\u0442\u0435 \u0432\u0430\u0448 \u0433\u043e\u0440\u043e\u0434'), 0, NULL, FALSE),
(14, STRINGDECODE('\u0413\u043e\u0442\u043e\u0432\u043e! \u0427\u0442\u043e\u0431\u044b \u0432\u043e\u0439\u0442\u0438 \u0432 \u0433\u043b\u0430\u0432\u043d\u043e\u0435 \u043c\u0435\u043d\u044e, \u043d\u0430\u043f\u0438\u0448\u0438\u0442\u0435 /start'), 0, NULL, FALSE),
(15, STRINGDECODE('\u041d\u043e\u0432\u043e\u0441\u0442\u0438'), 8, NULL, FALSE),
(16, STRINGDECODE('\u041a\u0430\u043b\u0435\u043d\u0434\u0430\u0440\u044c'), 17, NULL, FALSE),
(17, STRINGDECODE('\u041b\u0438\u0447\u043d\u044b\u0439 \u043a\u0430\u0431\u0438\u043d\u0435\u0442'), 4, NULL, FALSE),
(18, STRINGDECODE('\u041a\u043e\u043d\u0442\u0430\u043a\u0442\u044b'), 15, NULL, FALSE),
(19, STRINGDECODE('\u041e \u0444\u043e\u043d\u0434\u0435'), 16, NULL, FALSE),
(20, STRINGDECODE('\u041f\u0440\u0438\u0441\u043e\u0435\u0434\u0438\u043d\u0438\u0442\u044c\u0441\u044f \u043a \u0430\u043a\u0446\u0438\u0438'), 7, NULL, FALSE),
(21, STRINGDECODE('\u041c\u043e\u0438 \u0437\u0430\u0434\u0430\u043d\u0438\u044f'), 0, NULL, FALSE),
(22, STRINGDECODE('\u0420\u0435\u0434\u0430\u043a\u0442\u0438\u0440\u043e\u0432\u0430\u0442\u044c \u043f\u0440\u043e\u0444\u0438\u043b\u044c'), 0, NULL, FALSE),
(23, STRINGDECODE('\u041d\u0435\u0432\u044b\u043f\u043e\u043b\u043d\u0435\u043d\u043d\u044b\u0435 \u0437\u0430\u0434\u0430\u043d\u0438\u044f'), 0, NULL, FALSE),
(24, STRINGDECODE('\u0412\u044b\u043f\u043e\u043b\u043d\u0435\u043d\u043d\u044b\u0435 \u0437\u0430\u0434\u0430\u043d\u0438\u044f'), 0, NULL, FALSE),
(25, STRINGDECODE('\u0412\u044b\u043f\u043e\u043b\u043d\u0435\u043d\u043e'), 0, NULL, FALSE),
(26, STRINGDECODE('\u0414\u043e\u0431\u0430\u0432\u0438\u0442\u044c \u043e\u0442\u0447\u0435\u0442'), 0, NULL, FALSE),
(30, 'CTA', 5, NULL, FALSE),
(31, STRINGDECODE('\u041d\u043e\u0432\u0430\u044f \u0440\u0430\u0441\u0441\u044b\u043b\u043a\u0430'), 9, NULL, FALSE),
(32, STRINGDECODE('\u0410\u043a\u0446\u0438\u0438'), 10, NULL, FALSE),
(33, STRINGDECODE('\u0420\u0435\u0434\u0430\u043a\u0442\u0438\u0440\u043e\u0432\u0430\u0442\u044c \u043e\u043f\u0438\u0441\u0430\u043d\u0438\u0435'), 11, NULL, FALSE),
(34, STRINGDECODE('\u0423\u043f\u0440\u0430\u0432\u043b\u0435\u043d\u0438\u0435 \u0430\u0434\u043c\u0438\u043d\u0430\u043c\u0438'), 18, NULL, FALSE),
(35, STRINGDECODE('\u041d\u043e\u0432\u044b\u0439 \u0442\u0435\u043a\u0441\u0442'), 21, NULL, FALSE),
(36, 'NONE', 0, NULL, FALSE),
(40, STRINGDECODE('\u0414\u043e\u0431\u0430\u0432\u0438\u0442\u044c \u043d\u043e\u0432\u043e\u0435 \u0437\u0430\u0434\u0430\u043d\u0438\u0435'), 0, NULL, FALSE),
(41, STRINGDECODE('\u0414\u043e\u0431\u0430\u0432\u0438\u0442\u044c \u0434\u0430\u0442\u0443'), 0, NULL, FALSE),
(42, STRINGDECODE('\u0413\u043e\u0442\u043e\u0432\u043e'), 0, NULL, FALSE),
(43, STRINGDECODE('\u0425\u043e\u0447\u0443 \u0443\u0447\u0430\u0441\u0442\u0432\u043e\u0432\u0430\u0442\u044c \u0432 \u0430\u043a\u0446\u0438\u0438'), 7, NULL, FALSE),
(44, 'Facebook', 0, 'http://facebook.com/mrtusup', FALSE),
(45, 'Instagram', 0, 'http://instagram.com/LisiiOgr', FALSE),
(46, 'Telegram', 0, 'http://t.me/', FALSE),
(47, STRINGDECODE('\u0414\u043b\u044f \u0432\u0441\u0435\u0445 \u0432\u043e\u043b\u043e\u043d\u0442\u0435\u0440\u043e\u0432'), 0, NULL, FALSE),
(48, STRINGDECODE('\u0414\u043b\u044f \u0432\u043e\u043b\u043e\u043d\u0442\u0435\u0440\u043e\u0432 \u0430\u043a\u0446\u0438\u0438'), 0, NULL, FALSE);
INSERT INTO PUBLIC.BUTTON(ID, TEXT, COMMAND_ID, URL, REQUEST_CONTACT) VALUES
(50, STRINGDECODE('\u0417\u0430\u043a\u043e\u043d\u0447\u0435\u043d\u043d\u044b\u0435 \u0430\u043a\u0446\u0438\u0438'), 0, NULL, FALSE),
(51, STRINGDECODE('\u041d\u0435\u0437\u0430\u043a\u043e\u043d\u0447\u0435\u043d\u043d\u044b\u0435 \u0430\u043a\u0446\u0438\u0438'), 0, NULL, FALSE),
(52, STRINGDECODE('\u0420\u0435\u0434\u0430\u043a\u0442\u0438\u0440\u043e\u0432\u0430\u0442\u044c \u043e\u0442\u0447\u0435\u0442'), 0, NULL, FALSE),
(53, STRINGDECODE('\u041d\u0430\u0447\u0430\u0442\u044c \u0430\u043a\u0446\u0438\u044e'), 0, NULL, FALSE),
(54, STRINGDECODE('\u0417\u0430\u043a\u043e\u043d\u0447\u0438\u0442\u044c \u0430\u043a\u0446\u0438\u044e'), 0, NULL, FALSE),
(55, STRINGDECODE('\u0417\u0430\u0440\u0435\u0433\u0438\u0441\u0442\u0440\u0438\u0440\u043e\u0432\u0430\u0442\u044c\u0441\u044f \u0432 \u0430\u043a\u0446\u0438\u0438'), 14, NULL, FALSE),
(56, STRINGDECODE('\u0414\u0430'), 0, NULL, FALSE),
(57, STRINGDECODE('\u041d\u0435\u0442'), 0, NULL, FALSE),
(58, STRINGDECODE('\u0420\u0430\u0437\u0434\u0430\u0442\u044c \u0441\u043f\u0438\u0441\u043e\u043a \u043c\u0430\u0448\u0438\u043d'), 0, NULL, FALSE),
(59, STRINGDECODE('\u0420\u0430\u0437\u0434\u0430\u0442\u044c \u0441\u043f\u0438\u0441\u043e\u043a \u0441\u0435\u043c\u0435\u0439'), 0, NULL, FALSE),
(60, STRINGDECODE('\u0412\u044b\u0431\u0440\u0430\u0442\u044c \u043c\u0430\u0448\u0438\u043d\u0443'), 12, NULL, FALSE),
(61, STRINGDECODE('\u041f\u043e\u043b\u0443\u0447\u0438\u0442\u044c \u0441\u043f\u0438\u0441\u043a\u0438 \u0441\u0435\u043c\u0435\u0439'), 13, NULL, FALSE),
(62, STRINGDECODE('\u0410\u0440\u0445\u0438\u0432'), 0, NULL, FALSE),
(63, STRINGDECODE('\u041f\u0440\u0435\u0434\u0441\u0442\u043e\u044f\u0449\u0438\u0435 \u043c\u0435\u0440\u043e\u043f\u0440\u0438\u044f\u0442\u0438\u044f'), 0, NULL, FALSE),
(64, STRINGDECODE('\u0412\u044b\u0431\u0440\u0430\u0442\u044c \u0441\u043f\u0438\u0441\u043e\u043a \u0441\u0435\u043c\u0435\u0439'), 0, NULL, FALSE),
(65, STRINGDECODE('\u0410\u0432\u0442\u043e\u043c\u0430\u0442\u0438\u0447\u0435\u0441\u043a\u0438\u0439'), 0, NULL, FALSE),
(66, STRINGDECODE('\u0420\u0443\u0447\u043d\u043e\u0439'), 0, NULL, FALSE),
(67, STRINGDECODE('\u0421\u043e\u0437\u0434\u0430\u0442\u044c \u043d\u043e\u0432\u0443\u044e \u0433\u0440\u0443\u043f\u043f\u0443'), 0, NULL, FALSE),
(68, STRINGDECODE('\u0417\u0430\u043a\u043e\u043d\u0447\u0438\u0442\u044c \u0438 \u043d\u0430\u0447\u0430\u0442\u044c \u0430\u043a\u0446\u0438\u044e'), 0, NULL, FALSE),
(69, STRINGDECODE('\u0414\u043e\u0431\u0430\u0432\u0438\u0442\u044c \u0430\u0434\u043c\u0438\u043d\u0430'), 0, NULL, FALSE),
(70, STRINGDECODE('\u0423\u0434\u0430\u043b\u0438\u0442\u044c \u0430\u0434\u043c\u0438\u043d\u0430'), 0, NULL, FALSE),
(71, STRINGDECODE('\u041e\u0442\u0434\u0430\u0442\u044c \u043f\u0440\u0430\u0432\u0430 \u0441\u0443\u043f\u0435\u0440\u0430\u0434\u043c\u0438\u043d\u0430'), 0, NULL, FALSE),
(72, STRINGDECODE('\u041f\u043e\u043b\u0443\u0447\u0438\u0442\u044c \u0441\u043f\u0438\u0441\u043e\u043a \u0441\u0435\u043c\u0435\u0439'), 19, NULL, FALSE),
(73, STRINGDECODE('\u0418\u0437\u043c\u0435\u043d\u0438\u0442\u044c \u0438\u043d\u0444\u043e\u0440\u043c\u0430\u0446\u0438\u044e'), 0, NULL, FALSE),
(74, STRINGDECODE('\u0412\u044b\u0431\u0440\u0430\u0442\u044c \u0441\u0435\u043c\u044c\u044e'), 0, NULL, FALSE),
(75, STRINGDECODE('\u0413\u043e\u0442\u043e\u0432\u043e'), 0, NULL, FALSE),
(76, STRINGDECODE('\u0424\u0418\u041e'), 0, NULL, FALSE),
(77, STRINGDECODE('\u041d\u043e\u043c\u0435\u0440 \u0442\u0435\u043b\u0435\u0444\u043e\u043d\u0430'), 0, NULL, FALSE),
(78, STRINGDECODE('\u0410\u0434\u0440\u0435\u0441'), 0, NULL, FALSE),
(79, STRINGDECODE('\u041f\u043e\u043b\u043e\u0436\u0435\u043d\u0438\u0435 \u043d\u0430 \u043a\u0430\u0440\u0442\u0435'), 0, NULL, FALSE),
(80, STRINGDECODE('\u041f\u0440\u043e\u0439\u0442\u0438 \u043e\u043f\u0440\u043e\u0441'), 20, NULL, FALSE),
(81, STRINGDECODE('\u0414\u0430'), 0, NULL, FALSE),
(82, STRINGDECODE('\u041d\u0435\u0442'), 0, NULL, FALSE),
(83, STRINGDECODE('\u041d\u0435\u0442 \u043f\u043e\u0436\u0435\u043b\u0430\u043d\u0438\u0438'), 0, NULL, FALSE);
INSERT INTO PUBLIC.BUTTON(ID, TEXT, COMMAND_ID, URL, REQUEST_CONTACT) VALUES
(84, STRINGDECODE('\u0420\u0435\u0437\u0443\u043b\u044c\u0442\u0430\u0442\u044b \u043e\u043f\u0440\u043e\u0441\u043e\u0432'), 0, NULL, FALSE),
(85, STRINGDECODE('\u0420\u0435\u0437\u0443\u043b\u044c\u0442\u0430\u0442\u044b: '), 0, NULL, FALSE),
(86, STRINGDECODE('\u041d\u0435\u0432\u044b\u043f\u043e\u043b\u043d\u0435\u043d\u043e'), 0, NULL, FALSE),
(87, STRINGDECODE('\u0410\u0441\u0442\u0430\u043d\u0430'), 0, NULL, FALSE),
(88, STRINGDECODE('\u0410\u043b\u043c\u0430\u0442\u044b'), 0, NULL, FALSE),
(89, STRINGDECODE('\u0410\u043a\u043c\u043e\u043b\u0438\u043d\u0441\u043a\u0430\u044f \u043e\u0431\u043b.'), 0, NULL, FALSE),
(90, STRINGDECODE('\u0410\u043a\u0442\u044e\u0431\u0438\u043d\u0441\u043a\u0430\u044f \u043e\u0431\u043b.'), 0, NULL, FALSE),
(91, STRINGDECODE('\u0410\u043b\u043c\u0430\u0442\u0438\u043d\u0441\u043a\u0430\u044f \u043e\u0431\u043b.'), 0, NULL, FALSE),
(92, STRINGDECODE('\u0410\u0442\u044b\u0440\u0430\u0443\u0441\u043a\u0430\u044f \u043e\u0431\u043b.'), 0, NULL, FALSE),
(93, STRINGDECODE('\u0412\u043e\u0441\u0442\u043e\u0447\u043d\u043e-\u041a\u0430\u0437\u0430\u0445\u0441\u0442\u0430\u043d\u0441\u043a\u0430\u044f \u043e\u0431\u043b.'), 0, NULL, FALSE),
(94, STRINGDECODE('\u0416\u0430\u043c\u0431\u044b\u043b\u0441\u043a\u0430\u044f \u043e\u0431\u043b.'), 0, NULL, FALSE),
(95, STRINGDECODE('\u0417\u0430\u0440\u0430\u0434\u043d\u043e-\u041a\u0430\u0437\u0430\u0445\u0441\u0442\u0430\u043d\u0441\u043a\u0430\u044f \u043e\u0431\u043b.'), 0, NULL, FALSE),
(96, STRINGDECODE('\u041a\u0430\u0440\u0430\u0433\u0430\u043d\u0434\u0438\u043d\u0441\u043a\u0430\u044f \u043e\u0431\u043b.'), 0, NULL, FALSE),
(97, STRINGDECODE('\u041a\u043e\u0441\u0442\u0430\u043d\u0430\u0439\u0441\u043a\u0430\u044f \u043e\u0431\u043b.'), 0, NULL, FALSE),
(98, STRINGDECODE('\u041a\u044b\u0437\u044b\u043b\u043e\u043f\u0434\u0438\u043d\u0441\u043a\u0430\u044f \u043e\u0431\u043b.'), 0, NULL, FALSE),
(99, STRINGDECODE('\u041c\u0430\u043d\u0433\u0438\u0441\u0442\u0430\u0443\u0441\u043a\u0430\u044f \u043e\u0431\u043b.'), 0, NULL, FALSE),
(100, STRINGDECODE('\u041f\u0430\u0432\u043b\u043e\u0434\u0430\u0440\u0441\u043a\u0430\u044f \u043e\u0431\u043b.'), 0, NULL, FALSE),
(101, STRINGDECODE('\u0421\u0435\u0432\u0435\u0440\u043e-\u041a\u0430\u0437\u0430\u0445\u0441\u0442\u0430\u043d\u0441\u043a\u0430\u044f \u043e\u0431\u043b.'), 0, NULL, FALSE),
(102, STRINGDECODE('\u042e\u0436\u043d\u043e-\u041a\u0430\u0437\u0430\u0445\u0441\u0442\u0430\u043d\u0441\u043a\u0430\u044f \u043e\u0431\u043b.'), 0, NULL, FALSE),
(103, STRINGDECODE('\u041a\u0430\u0440\u0430\u0433\u0430\u043d\u0434\u0430'), 0, NULL, FALSE),
(104, STRINGDECODE('\u0422\u0435\u043c\u0438\u0440\u0442\u0430\u0443'), 0, NULL, FALSE),
(105, STRINGDECODE('\u0416\u0435\u0437\u043a\u0430\u0437\u0433\u0430\u043d'), 0, NULL, FALSE),
(106, STRINGDECODE('\u0421\u0430\u0442\u043f\u0430\u0435\u0432'), 0, NULL, FALSE),
(107, STRINGDECODE('\u0411\u0430\u043b\u0445\u0430\u0448'), 0, NULL, FALSE),
(108, STRINGDECODE('\u0428\u0430\u0445\u0442\u0438\u043d\u0441\u043a'), 0, NULL, FALSE),
(109, STRINGDECODE('\u0410\u0431\u0430\u0439'), 0, NULL, FALSE),
(110, STRINGDECODE('\u0421\u0430\u0440\u0430\u043d\u044c'), 0, NULL, FALSE),
(111, STRINGDECODE('\u0412\u044b\u0431\u0440\u0430\u0442\u044c \u0435\u0449\u0435 \u0437\u0430\u0434\u0430\u043d\u0438\u044f!'), 0, NULL, FALSE),
(112, STRINGDECODE('\u041c\u043d\u0435 \u0434\u043e\u0441\u0442\u0430\u0442\u043e\u0447\u043d\u043e'), 0, NULL, FALSE),
(113, STRINGDECODE('\u0421\u043e\u0437\u0434\u0430\u0442\u044c \u0441\u043f\u0438\u0441\u043e\u043a'), 0, NULL, FALSE),
(114, STRINGDECODE('\u0421\u043f\u0438\u0441\u043a\u0438'), 0, NULL, FALSE),
(115, STRINGDECODE('\u041f\u043e\u0434\u0435\u043b\u0438\u0442\u044c\u0441\u044f \u0441\u0442\u0430\u0442\u0438\u0441\u0442\u0438\u043a\u043e\u0439'), 22, NULL, FALSE),
(116, STRINGDECODE('\u0412\u0432\u0435\u0434\u0438\u0442\u0435 \u0442\u0435\u043a\u0441\u0442'), 0, NULL, FALSE),
(117, STRINGDECODE('\u0421\u043a\u0440\u0438\u043f\u0442'), 0, NULL, FALSE),
(118, STRINGDECODE('CTA \u0441\u043a\u0440\u0438\u043f\u0442'), 0, NULL, FALSE);
INSERT INTO PUBLIC.BUTTON(ID, TEXT, COMMAND_ID, URL, REQUEST_CONTACT) VALUES
(119, STRINGDECODE('NONE \u0441\u043a\u0440\u0438\u043f\u0442'), 0, NULL, FALSE),
(120, STRINGDECODE('\u041e\u0442\u043f\u0440\u0430\u0432\u0438\u0442\u044c'), 0, NULL, FALSE),
(121, STRINGDECODE('\u0420\u0435\u0434\u0430\u043a\u0442\u0438\u0440\u043e\u0432\u0430\u0442\u044c'), 0, NULL, FALSE),
(122, STRINGDECODE('\u041f\u0440\u0438\u043d\u044f\u0442\u044c'), 0, NULL, FALSE),
(123, STRINGDECODE('\u041e\u0442\u043a\u0430\u0437\u0430\u0442\u044c\u0441\u044f'), 0, NULL, FALSE),
(124, STRINGDECODE('\u0418\u0445 \u043d\u0435\u0442 \u0434\u043e\u043c\u0430'), 0, NULL, FALSE),
(125, STRINGDECODE('\u041d\u0435\u0432\u0435\u0440\u043d\u044b\u0439 \u0430\u0434\u0440\u0435\u0441'), 0, NULL, FALSE),
(126, STRINGDECODE('\u041d\u0435\u0442 \u0432\u0440\u0435\u043c\u0435\u043d\u0438'), 0, NULL, FALSE),
(127, STRINGDECODE('\u0421\u043f\u0438\u0441\u043e\u043a \u043e\u0442\u043a\u0430\u0437\u043d\u0438\u043a\u043e\u0432'), 23, NULL, FALSE),
(128, STRINGDECODE('\u0421\u0444\u043e\u0440\u043c\u0438\u0440\u043e\u0432\u0430\u0442\u044c \u0441\u0442\u0430\u0442\u0438\u0441\u0442\u0438\u043a\u0443'), 24, NULL, FALSE),
(129, STRINGDECODE('\u041d\u0430\u0437\u0432\u0430\u043d\u0438\u0435'), 0, NULL, FALSE),
(130, STRINGDECODE('\u041e\u043f\u0438\u0441\u0430\u043d\u0438\u0435'), 0, NULL, FALSE),
(131, STRINGDECODE('\u041d\u0430\u0437\u0432\u0430\u043d\u0438\u0435 \u0434\u043b\u044f \u0430\u0434\u043c\u0438\u043d\u0430'), 0, NULL, FALSE),
(132, STRINGDECODE('\u0412\u0438\u0434\u044b \u0440\u0430\u0431\u043e\u0442'), 0, NULL, FALSE),
(133, STRINGDECODE('\u0414\u0430\u0442\u0430'), 0, NULL, FALSE),
(134, STRINGDECODE('\u0418\u0437\u043c\u0435\u043d\u0438\u0442\u044c'), 0, NULL, FALSE),
(135, STRINGDECODE('\u0423\u0434\u0430\u043b\u0438\u0442\u044c'), 0, NULL, FALSE),
(136, STRINGDECODE('\u041d\u043e\u0432\u043e\u0435 \u0437\u0430\u0434\u0430\u043d\u0438\u0435'), 0, NULL, FALSE);
CREATE CACHED TABLE PUBLIC.COMMAND(
    ID INT NOT NULL,
    COMMAND_TYPE_ID INT,
    MESSAGE_ID INT
);
ALTER TABLE PUBLIC.COMMAND ADD CONSTRAINT PUBLIC.CONSTRAINT_6 PRIMARY KEY(ID);
-- 24 +/- SELECT COUNT(*) FROM PUBLIC.COMMAND;
INSERT INTO PUBLIC.COMMAND(ID, COMMAND_TYPE_ID, MESSAGE_ID) VALUES
(1, 1, 0),
(2, 2, 0),
(3, 3, 0),
(4, 4, 0),
(5, 5, 0),
(6, 6, 0),
(7, 7, 0),
(8, 8, 0),
(9, 9, 0),
(10, 10, 0),
(11, 11, 0),
(12, 12, 0),
(13, 13, 0),
(14, 14, 0),
(15, 15, 0),
(16, 16, 0),
(17, 17, 0),
(18, 18, 0),
(19, 19, 0),
(20, 20, 0),
(21, 21, 0),
(22, 22, 0),
(23, 23, 0),
(24, 24, 0);
CREATE CACHED TABLE PUBLIC.KEYBOARD(
    ID INT NOT NULL,
    BUTTON_IDS TEXT,
    INLINE BOOLEAN,
    COMMENT TEXT
);
ALTER TABLE PUBLIC.KEYBOARD ADD CONSTRAINT PUBLIC.CONSTRAINT_4 PRIMARY KEY(ID);
-- 53 +/- SELECT COUNT(*) FROM PUBLIC.KEYBOARD;
INSERT INTO PUBLIC.KEYBOARD(ID, BUTTON_IDS, INLINE, COMMENT) VALUES
(1, '3', FALSE, 'Sign up'),
(2, '11,12', TRUE, 'man or woman'),
(3, '15,16;17;18,19', FALSE, 'Main menu'),
(4, '20,21;72;10', FALSE, 'personal area'),
(5, '23,24;10', FALSE, 'choose task type'),
(6, '25,26;10', FALSE, 'Task menu'),
(7, '35,31;32,33;34,128', FALSE, 'Admin menu'),
(8, '40,41,42', TRUE, 'add task to stock'),
(9, '43', TRUE, 'Join to stock'),
(10, '10', FALSE, 'Back'),
(11, '26;10', FALSE, 'Task menu'),
(12, '44,45,46', TRUE, 'news keyboard'),
(13, '47,48;113,114', TRUE, 'Distribution menu'),
(14, '50,51;10', FALSE, 'choose stock type'),
(15, '52,84;10', FALSE, 'Done stock menu'),
(16, '53,54;10', FALSE, 'Undone stock menu'),
(17, '15,16;18,19', FALSE, 'Edit description'),
(18, '55', TRUE, 'Start stock'),
(19, '56,57', TRUE, 'yes/no'),
(20, '58', FALSE, 'car list and family list'),
(21, '60', TRUE, 'Car lsit'),
(22, '61', TRUE, 'Family list'),
(23, '42;10', FALSE, 'family menu'),
(24, '59', FALSE, 'family button'),
(25, '42', FALSE, 'done button'),
(26, '62,63;10', FALSE, 'Calendar menu'),
(27, '7;10', FALSE, 'request contact'),
(28, '64', FALSE, 'Choose family'),
(29, '67,68', FALSE, 'done'),
(30, '65,66', FALSE, 'auto or manual'),
(31, '69,70;71;10', FALSE, 'admin control command'),
(32, '72', TRUE, ''),
(33, '73,75;74', FALSE, 'in stock menu'),
(34, '76,77;78,79;10', FALSE, 'Edit family info'),
(35, '81,82', TRUE, 'rating'),
(36, '83', TRUE, ''),
(37, '87;88;89;90;91;92;93;94;95;96;97;98;99;100;101;102', TRUE, 'choose obl'),
(38, '103;104;105;106;107;108;109;110', TRUE, 'choose city'),
(39, '30,36;10', FALSE, 'New Text'),
(40, '111,112', TRUE, 'want one more task'),
(41, '115', TRUE, 'send statistic to users'),
(42, '116,117;10', TRUE, 'choose text'),
(43, '118,119;10', TRUE, 'choose script type'),
(44, '120,121;10', TRUE, 'commad to script'),
(45, '122,123', TRUE, 'accept or deciline'),
(46, '56,57;10', FALSE, 'yes/or/back'),
(47, '56,57', FALSE, 'yes/no'),
(48, '124,125,126;10', FALSE, 'rejection reason'),
(49, '127', TRUE, 'send rejected families'),
(50, '129,131;130,132;10', TRUE, 'edit stock'),
(51, '129,133;10', TRUE, 'edit task'),
(52, '129,133;135;10', TRUE, 'choose task edit'),
(53, '134,135;10', TRUE, 'choose date parametr');
CREATE CACHED TABLE PUBLIC.ABOUT(
    ID INT NOT NULL,
    TEXT TEXT NOT NULL,
    PHOTO TEXT
);
-- 0 +/- SELECT COUNT(*) FROM PUBLIC.ABOUT;
CREATE CACHED TABLE PUBLIC.NEWS(
    ID INT DEFAULT (NEXT VALUE FOR PUBLIC.SYSTEM_SEQUENCE_80B2E35D_DD11_4B44_86BE_160B5DB5AF2B) NOT NULL NULL_TO_DEFAULT SEQUENCE PUBLIC.SYSTEM_SEQUENCE_80B2E35D_DD11_4B44_86BE_160B5DB5AF2B,
    TITLE TEXT NOT NULL,
    TEXT TEXT NOT NULL,
    DATE TEXT NOT NULL,
    PHOTO TEXT,
    SHOW BOOLEAN DEFAULT TRUE
);
-- 1 +/- SELECT COUNT(*) FROM PUBLIC.NEWS;
INSERT INTO PUBLIC.NEWS(ID, TITLE, TEXT, DATE, PHOTO, SHOW) VALUES
(7, STRINGDECODE('\u0418\u043d\u0442\u0435\u043b\u043b\u0435\u043a\u0442\u0443\u0430\u043b\u044c\u043d\u0430\u044f \u0438\u0433\u0440\u0430'), STRINGDECODE('22 \u0430\u043f\u0440\u0435\u043b\u044f 2017 \u0433\u043e\u0434\u0430 \u0432\u043e\u043b\u043e\u043d\u0442\u0451\u0440\u044b \u041c\u0411\u041e \"\u0410\u049b\u043d\u0438\u0435\u0442\" \u0441\u043e\u0432\u043c\u0435\u0441\u0442\u043d\u043e \u0441 \u0430\u043a\u0442\u0438\u0432\u0438\u0441\u0442\u0430\u043c\u0438 \u0426\u0435\u043d\u0442\u0440\u0430 \u043e\u0431\u0440\u0430\u0437\u043e\u0432\u0430\u0442\u0435\u043b\u044c\u043d\u044b\u0445 \u043f\u0440\u043e\u0435\u043a\u0442\u043e\u0432 \u0410\u0421\u041e \u041a\u0430\u0440\u0413\u0422\u0423 \"\u0416\u0430\u0441 \u041e\u0440\u0434\u0430\" \u043f\u0440\u043e\u0432\u0435\u043b\u0438 \u0434\u043b\u044f \u0434\u0435\u0442\u0435\u0439 \u0438\u0437 \u0434\u0435\u0442\u0441\u043a\u0438\u0445 \u0434\u043e\u043c\u043e\u0432 \u0438\u043d\u0442\u0435\u043b\u043b\u0435\u043a\u0442\u0443\u0430\u043b\u044c\u043d\u0443\u044e \u0438\u0433\u0440\u0443 \"\u041f\u043e\u043f\u0440\u043e\u0431\u0443\u0439 \u0443\u0433\u0430\u0434\u0430\u0439!\".\ud83d\ude47\ud83c\udffb\n\u0423\u0447\u0430\u0441\u0442\u043d\u0438\u043a\u0430\u043c\u0438 \u0434\u0430\u043d\u043d\u043e\u0439 \u0438\u0433\u0440\u044b \u0431\u044b\u043b\u0438 \u043a\u043e\u043c\u0430\u043d\u0434\u0430 \"\u0423\u043c\u043d\u0438\u043a\u0438\" \u0438\u0437 \u0434\u0435\u0442\u0441\u043a\u043e\u0433\u043e \u0434\u043e\u043c\u0430 \"\u0422\u0430\u04a3\u0448\u043e\u043b\u043f\u0430\u043d\" \u0438 \u043a\u043e\u043c\u0430\u043d\u0434\u0430 \"\u0411\u0430\u0440\u044b\u0441\" \u0438\u0437 \u0434\u0435\u0442\u0441\u043a\u043e\u0433\u043e \u0434\u043e\u043c\u0430 \"\u049a\u04b1\u043b\u044b\u043d\u0448\u0430\u049b\".\ud83c\udfe9\n\u0418\u0433\u0440\u0430 \u0441\u043e\u0441\u0442\u043e\u044f\u043b\u0430 \u0438\u0437 \u0442\u0440\u0451x \u044d\u0442\u0430\u043f\u043e\u0432, \u0433\u0434\u0435 \u043a\u0430\u0436\u0434\u043e\u0439 \u043a\u043e\u043c\u0430\u043d\u0434\u0435 \u043d\u0443\u0436\u043d\u043e \u0431\u044b\u043b\u043e \u043e\u0442\u0432\u0435\u0442\u0438\u0442\u044c \u043d\u0430 \u0432\u043e\u043f\u0440\u043e\u0441\u044b, \u0443\u0433\u0430\u0434\u0430\u0442\u044c \u043c\u0443\u043b\u044c\u0442\u0444\u0438\u043b\u044c\u043c\u044b \u0438 \u0432\u044b\u043f\u043e\u043b\u043d\u0438\u0442\u044c \u0442\u0432\u043e\u0440\u0447\u0435\u0441\u043a\u043e\u0435 \u0437\u0430\u0434\u0430\u043d\u0438\u0435.\u270d\ud83c\udffb\n\u041f\u043e \u0438\u0442\u043e\u0433\u0430\u043c \u0438\u0433\u0440\u044b \u043a\u043e\u043c\u0430\u043d\u0434\u044b \u043f\u043e\u043b\u0443\u0447\u0438\u043b\u0438 \u0446\u0435\u043d\u043d\u044b\u0435 \u043f\u0440\u0438\u0437\u044b.\ud83c\udfc6\n\u0414\u0435\u0442\u0438 \u0438 \u0433\u043e\u0441\u0442\u0438 \u043e\u0441\u0442\u0430\u043b\u0438\u0441\u044c \u043f\u043e\u0434 \u043f\u0440\u0438\u044f\u0442\u043d\u044b\u043c \u0432\u043f\u0435\u0447\u0430\u0442\u043b\u0435\u043d\u0438\u0435\u043c.\ud83e\udd17'), '08.06', 'AgADAgADGKgxG9JgyEnOfCF5OGli1rBZtw0ABML4IWVv6YhHIjoEAAEC;AgADAgADGagxG9JgyEnoOTQsEr1UQDVMtw0ABO7Oqnitk1K9TjkEAAEC;AgADAgADHagxG9JgyElDC9g2IIEHEwZatw0ABK6tVihA9TTPDz4EAAEC;', TRUE);
CREATE CACHED TABLE PUBLIC.SURVEY(
    ID INT DEFAULT (NEXT VALUE FOR PUBLIC.SYSTEM_SEQUENCE_8B856B3E_3A5B_4310_A36D_E523A74E75DF) NOT NULL NULL_TO_DEFAULT SEQUENCE PUBLIC.SYSTEM_SEQUENCE_8B856B3E_3A5B_4310_A36D_E523A74E75DF,
    STOCK_ID INT NOT NULL,
    REPORT TEXT,
    RATING INT NOT NULL
);
ALTER TABLE PUBLIC.SURVEY ADD CONSTRAINT PUBLIC.CONSTRAINT_92 PRIMARY KEY(ID);
-- 20 +/- SELECT COUNT(*) FROM PUBLIC.SURVEY;
INSERT INTO PUBLIC.SURVEY(ID, STOCK_ID, REPORT, RATING) VALUES
(1, 0, NULL, 1),
(2, 0, 'asdasdasdsadasd', 1),
(3, 41, NULL, 1),
(4, 41, '8520', -1),
(33, 70, NULL, 1),
(34, 70, NULL, 1),
(35, 69, STRINGDECODE('\u0412\u0441\u0435 \u0431\u044b\u043b\u043e \u0445\u043e\u0440\u043e\u0448\u043e'), 1),
(36, 72, NULL, -1),
(37, 72, NULL, 1),
(38, 73, NULL, 1),
(39, 73, NULL, 1),
(40, 73, NULL, 1),
(41, 73, NULL, 1),
(42, 74, NULL, 1),
(68, 104, NULL, 1),
(69, 104, 'Ggvxgjvcv', 1),
(70, 104, STRINGDECODE('\u041a\u0443\u043f\u0438\u0442\u0435 \u043f\u0435\u0440\u0441\u0438\u043a\u0438 \u0442\u0430\u0448\u043a\u0435\u043d\u0442\u0441\u043a\u0438\u0435'), 1),
(100, 136, NULL, 1),
(101, 137, NULL, 1),
(102, 137, NULL, -1);
CREATE CACHED TABLE PUBLIC.TYPE_OF_WORK_TEMPLATE(
    ID INT DEFAULT (NEXT VALUE FOR PUBLIC.SYSTEM_SEQUENCE_B0F0E7DA_72BD_4771_9CE5_01662CA4AC90) NOT NULL NULL_TO_DEFAULT SEQUENCE PUBLIC.SYSTEM_SEQUENCE_B0F0E7DA_72BD_4771_9CE5_01662CA4AC90,
    STOCK_ID INT,
    NAME TEXT,
    FINISHED BOOLEAN DEFAULT FALSE
);
-- 40 +/- SELECT COUNT(*) FROM PUBLIC.TYPE_OF_WORK_TEMPLATE;
INSERT INTO PUBLIC.TYPE_OF_WORK_TEMPLATE(ID, STOCK_ID, NAME, FINISHED) VALUES
(49, 41, STRINGDECODE('\u0420\u0430\u0431\u043e\u0442\u0430 1'), FALSE),
(50, 41, STRINGDECODE('\u0420\u0430\u0431\u043e\u0442\u0430 2'), FALSE),
(51, 42, STRINGDECODE('\u0420\u0430\u0431\u043e\u0442\u0430 2.1'), FALSE),
(52, 42, STRINGDECODE('\u0420\u0430\u0431\u043e\u0442\u0430 2.2'), FALSE),
(71, 68, STRINGDECODE('\u041f\u0440\u043e\u0432\u0435\u0440\u043a\u0430 \u0430\u043a\u0446\u0438\u0439'), FALSE),
(72, 68, STRINGDECODE('\u041f\u0440\u043e\u0432\u0435\u0440\u043a\u0430 \u0440\u0430\u0441\u0441\u044b\u043b\u043e\u043a'), FALSE),
(73, 69, STRINGDECODE('\u0420\u0430\u0431\u043e\u0442\u0430 1'), FALSE),
(74, 69, STRINGDECODE('\u0420\u0430\u0431\u043e\u0442\u0430 2'), FALSE),
(75, 70, 'Rabota', FALSE),
(76, 70, 'Wrabota', FALSE),
(77, 71, STRINGDECODE('\u0412\u0441\u0442\u0440\u0435\u0447\u0430'), FALSE),
(78, 72, STRINGDECODE('\u0412\u0438\u0434 1'), FALSE),
(79, 73, STRINGDECODE('\u0420\u0430\u0431\u043e\u0442\u0430 1'), FALSE),
(80, 74, STRINGDECODE('\u0420\u0430\u0431\u043e\u0442\u0430 1'), FALSE),
(110, 104, STRINGDECODE('\u0417\u0430\u043a\u0443\u043f'), FALSE),
(111, 104, STRINGDECODE('\u0420\u0430\u0437\u0434\u0430\u0447\u0430'), FALSE),
(112, 105, STRINGDECODE('\u041a\u0443\u043f\u0438\u0442\u044c \u0440\u0430\u043a\u0435\u0442\u0443'), FALSE),
(113, 105, STRINGDECODE('\u0423\u043b\u0435\u0442\u0435\u0442\u044c'), FALSE),
(142, 136, STRINGDECODE('\u0417\u0430\u043a\u0443\u043f'), FALSE),
(143, 136, STRINGDECODE('\u0424\u0430\u0441\u043e\u0432\u043a\u0430'), FALSE),
(144, 136, STRINGDECODE('\u0420\u0430\u0437\u0434\u0430\u0447\u0430'), FALSE),
(145, 137, STRINGDECODE('\u0420\u0440\u043e'), FALSE),
(146, 138, STRINGDECODE('\u0412\u0438\u0434 \u0440\u0430\u0431\u043e\u0442\u044b'), FALSE),
(147, 139, 'Eee', FALSE),
(179, 171, STRINGDECODE('\u041f\u043b\u0430\u043a\u0430\u0442\u044c'), FALSE),
(180, 177, STRINGDECODE('\u0420\u0430\u0431\u043e\u0442\u0430 1'), FALSE),
(212, 204, STRINGDECODE('\u0420\u0430\u0431\u043e\u0442\u0430 1'), FALSE),
(213, 204, STRINGDECODE('\u0420\u0430\u0431\u043e\u0442\u0430 2'), FALSE),
(244, 236, STRINGDECODE('\u0420\u0430\u0431\u043e\u0442\u0430 1'), FALSE),
(245, 236, STRINGDECODE('\u0420\u0430\u0431\u043e\u0442\u0430 2'), FALSE),
(246, 237, STRINGDECODE('\u0420\u0430\u0431\u043e\u0442\u0430'), FALSE),
(247, 238, STRINGDECODE('\u0420\u0430\u0431\u043e\u0442\u0430 1'), FALSE),
(248, 238, STRINGDECODE('\u0410\u0430\u0430\u0430'), FALSE),
(249, 238, STRINGDECODE('\u0420\u0430\u0431\u043e\u0442\u0430 3'), FALSE),
(250, 239, '1', FALSE),
(251, 239, '2', FALSE),
(252, 240, '1', FALSE),
(253, 240, '2', FALSE),
(276, 240, STRINGDECODE('\u041d\u0430\u0437\u0432\u0430\u043d\u0438\u0435'), FALSE),
(277, 240, STRINGDECODE('\u0420\u0430\u0431\u043e\u0442\u0430 1'), FALSE);
CREATE CACHED TABLE PUBLIC.REPORT(
    ID INT DEFAULT (NEXT VALUE FOR PUBLIC.SYSTEM_SEQUENCE_4DC0278E_3498_45AA_95F2_9FD33A0AD873) NOT NULL NULL_TO_DEFAULT SEQUENCE PUBLIC.SYSTEM_SEQUENCE_4DC0278E_3498_45AA_95F2_9FD33A0AD873,
    PARTICIPANT_ID INT,
    TEXT TEXT,
    LOCATION TEXT,
    PHOTO TEXT
);
-- 11 +/- SELECT COUNT(*) FROM PUBLIC.REPORT;
INSERT INTO PUBLIC.REPORT(ID, PARTICIPANT_ID, TEXT, LOCATION, PHOTO) VALUES
(1, 1, STRINGDECODE('\u041e\u0442\u0447\u0435\u0442 1'), NULL, NULL),
(33, 0, STRINGDECODE('\u041e\u0442\u0447\u0435\u0442 1'), NULL, NULL),
(34, 39, 'Jnxtn', NULL, NULL),
(35, 38, 'asdasd', NULL, NULL),
(36, 37, 'asdasd', NULL, NULL),
(66, 133, STRINGDECODE('\u0413\u0443\u0434'), NULL, NULL),
(67, 137, STRINGDECODE('\u0412\u0441\u043d'), NULL, NULL),
(68, 137, STRINGDECODE('\u0421\u0441\u044b\u043b\u043a\u0430'), NULL, NULL),
(69, 177, STRINGDECODE('\u21a9\ufe0f \u041d\u0430\u0437\u0430\u0434'), NULL, NULL),
(70, 0, STRINGDECODE('\u21a9\ufe0f \u041d\u0430\u0437\u0430\u0434'), NULL, NULL),
(71, 178, STRINGDECODE('\u21a9\ufe0f \u041d\u0430\u0437\u0430\u0434'), NULL, NULL);
CREATE CACHED TABLE PUBLIC.DATES_TEMPLATE(
    ID INT DEFAULT (NEXT VALUE FOR PUBLIC.SYSTEM_SEQUENCE_14E438B1_012E_41EB_82FD_B81521F40C9B) NOT NULL NULL_TO_DEFAULT SEQUENCE PUBLIC.SYSTEM_SEQUENCE_14E438B1_012E_41EB_82FD_B81521F40C9B,
    TYPE_OF_WORK_ID INT,
    DATE TEXT
);
-- 65 +/- SELECT COUNT(*) FROM PUBLIC.DATES_TEMPLATE;
INSERT INTO PUBLIC.DATES_TEMPLATE(ID, TYPE_OF_WORK_ID, DATE) VALUES
(58, 49, '06.07'),
(59, 50, '07.07'),
(60, 50, '03.07'),
(61, 51, '06.07'),
(62, 51, '07.07'),
(63, 52, '06.07'),
(75, 71, '09.07'),
(76, 71, '14.07'),
(77, 71, '16.07'),
(78, 72, '16.07'),
(79, 73, '14.07'),
(80, 74, '15.07'),
(81, 74, '16.07'),
(82, 74, '12.07'),
(83, 75, '10.07'),
(84, 75, '13.07'),
(85, 76, '16.07'),
(86, 77, '19.07'),
(87, 78, '02.08'),
(88, 79, '18.07'),
(89, 80, '18.07'),
(119, 110, '12.07'),
(120, 110, '13.07'),
(121, 111, '14.07'),
(122, 111, '15.07'),
(123, 112, '19.07'),
(124, 113, '20.07'),
(151, 142, '13.07'),
(152, 142, '14.07'),
(153, 143, '15.07'),
(154, 144, '16.07'),
(155, 144, '17.07'),
(156, 145, '15.07'),
(157, 145, '30.07'),
(158, 146, '21.07'),
(159, 147, '13.07'),
(191, 179, '23.07'),
(192, 180, '15.08'),
(224, 212, '29.07'),
(225, 213, '29.07'),
(256, 244, '30.07'),
(257, 244, '08.08'),
(258, 245, '04.08'),
(259, 245, '14.08'),
(260, 246, '30.07'),
(261, 246, '08.08'),
(262, 246, '13.08'),
(263, 247, '30.07'),
(264, 247, '27.07'),
(265, 248, '29.07'),
(266, 248, '30.07'),
(267, 248, '02.08'),
(268, 249, '07.08'),
(269, 250, '30.07'),
(270, 250, '29.07'),
(271, 251, '29.07'),
(272, 252, '30.07'),
(273, 252, '08.08'),
(274, 253, '07.08'),
(276, 253, '01.08'),
(291, 253, '11.08'),
(292, 253, '10.08'),
(293, 252, '17.08'),
(294, 276, '02.08'),
(295, 277, '01.08');
CREATE CACHED TABLE PUBLIC.CARS(
    ID INT DEFAULT (NEXT VALUE FOR PUBLIC.SYSTEM_SEQUENCE_EEDB880B_D82A_4C9E_B2D2_EDCA6F409462) NOT NULL NULL_TO_DEFAULT SEQUENCE PUBLIC.SYSTEM_SEQUENCE_EEDB880B_D82A_4C9E_B2D2_EDCA6F409462,
    NAME TEXT,
    USER_ID INT,
    STOCK_ID INT
);
ALTER TABLE PUBLIC.CARS ADD CONSTRAINT PUBLIC.CONSTRAINT_1 PRIMARY KEY(ID);
-- 0 +/- SELECT COUNT(*) FROM PUBLIC.CARS;
CREATE CACHED TABLE PUBLIC.FAMILY_RATE(
    ID INT DEFAULT (NEXT VALUE FOR PUBLIC.SYSTEM_SEQUENCE_0524FAD8_9D75_4A6B_9AFF_D049FDA104FC) NOT NULL NULL_TO_DEFAULT SEQUENCE PUBLIC.SYSTEM_SEQUENCE_0524FAD8_9D75_4A6B_9AFF_D049FDA104FC,
    FAMILY_ID INT,
    USER_ID INT,
    TYPE SMALLINT,
    COMMENT TEXT
);
ALTER TABLE PUBLIC.FAMILY_RATE ADD CONSTRAINT PUBLIC.CONSTRAINT_46 PRIMARY KEY(ID);
-- 30 +/- SELECT COUNT(*) FROM PUBLIC.FAMILY_RATE;
INSERT INTO PUBLIC.FAMILY_RATE(ID, FAMILY_ID, USER_ID, TYPE, COMMENT) VALUES
(33, 9485, 133, 0, NULL),
(34, 9484, 133, 0, NULL),
(35, 9487, 133, 1, NULL),
(36, 9484, 133, 1, NULL),
(37, 9490, 133, 1, NULL),
(38, 9485, 133, 3, STRINGDECODE('\u041a\u043e\u043c\u043c\u0435\u043d\u0442')),
(39, 9485, 133, 0, NULL),
(40, 9487, 133, 0, NULL),
(41, 9500, 133, 0, NULL),
(42, 9502, 133, 0, NULL),
(43, 9494, 133, 0, NULL),
(44, 9484, 133, 0, NULL),
(45, 9494, 133, 0, NULL),
(46, 9485, 133, 1, NULL),
(47, 9499, 133, 1, NULL),
(48, 9502, 133, 1, NULL),
(49, 9494, 133, 1, NULL),
(50, 9487, 133, 1, NULL),
(51, 9509, 133, 1, NULL),
(52, 9500, 133, 1, NULL),
(53, 9490, 133, 1, NULL),
(54, 9484, 133, 2, NULL),
(55, 9490, 133, 2, NULL),
(56, 9485, 133, 3, STRINGDECODE('\u041a\u043e\u043c\u043c\u0435\u043d\u0442')),
(57, 9485, 133, 3, '9484'),
(58, 9484, 133, 3, STRINGDECODE('\u044b\u0444\u0432\u0439\u0446\u0443')),
(59, 9485, 133, 3, STRINGDECODE('\u0444\u044b\u0432\u0439\u0446\u0443')),
(60, 9551, 133, 1, NULL),
(61, 9556, 133, 0, NULL),
(62, 9554, 133, 0, NULL);
CREATE CACHED TABLE PUBLIC.FAMILY_GROUPS(
    ID INT DEFAULT (NEXT VALUE FOR PUBLIC.SYSTEM_SEQUENCE_342916C7_DD52_4664_A2EF_8F2919812BCF) NOT NULL NULL_TO_DEFAULT SEQUENCE PUBLIC.SYSTEM_SEQUENCE_342916C7_DD52_4664_A2EF_8F2919812BCF,
    GROUP_ID INT,
    FAMILY_GROUP_ID INT,
    STOCK_ID INT
);
ALTER TABLE PUBLIC.FAMILY_GROUPS ADD CONSTRAINT PUBLIC.CONSTRAINT_DE PRIMARY KEY(ID);
-- 5 +/- SELECT COUNT(*) FROM PUBLIC.FAMILY_GROUPS;
INSERT INTO PUBLIC.FAMILY_GROUPS(ID, GROUP_ID, FAMILY_GROUP_ID, STOCK_ID) VALUES
(191, 35, 3, 5),
(192, 35, 3, 6),
(193, 133, 3, 7),
(194, 35, 2, 8),
(195, 133, 5, 8);
CREATE CACHED TABLE PUBLIC.FAMILIES(
    ID INT DEFAULT (NEXT VALUE FOR PUBLIC.SYSTEM_SEQUENCE_ED1E2B59_BC22_4678_8842_74D5E3A638B4) NOT NULL NULL_TO_DEFAULT SEQUENCE PUBLIC.SYSTEM_SEQUENCE_ED1E2B59_BC22_4678_8842_74D5E3A638B4 SELECTIVITY 100,
    NAME TEXT,
    PHONE_NUMBER TEXT,
    ADDRESS TEXT,
    LONGITUDE FLOAT SELECTIVITY 10,
    LATITUDE FLOAT SELECTIVITY 9,
    CAR_ID INT DEFAULT 0 SELECTIVITY 1,
    GROUP_ID INT SELECTIVITY 1,
    STOCK_ID INT SELECTIVITY 1,
    STATUS INT DEFAULT 0,
    REPORT TEXT,
    VOLUNTEERS_GROUP_ID INT
);
ALTER TABLE PUBLIC.FAMILIES ADD CONSTRAINT PUBLIC.CONSTRAINT_5 PRIMARY KEY(ID);
-- 145 +/- SELECT COUNT(*) FROM PUBLIC.FAMILIES;
INSERT INTO PUBLIC.FAMILIES(ID, NAME, PHONE_NUMBER, ADDRESS, LONGITUDE, LATITUDE, CAR_ID, GROUP_ID, STOCK_ID, STATUS, REPORT, VOLUNTEERS_GROUP_ID) VALUES
(9777, STRINGDECODE('\u0424\u0438\u043e 1'), STRINGDECODE('\u041d\u043e\u043c\u0435\u0440 1'), STRINGDECODE('\u0410\u0434\u0440\u0435\u0441 1'), 12.23156, 45.121265, 0, 3, 5, 0, NULL, NULL),
(9778, STRINGDECODE('\u0424\u0438\u043e 2'), STRINGDECODE('\u041d\u043e\u043c\u0435\u0440 2'), STRINGDECODE('\u0410\u0434\u0440\u0435\u0441 2'), 12.23159, 45.121268, 0, 3, 5, 0, NULL, NULL),
(9779, STRINGDECODE('\u0424\u0438\u043e 3'), STRINGDECODE('\u041d\u043e\u043c\u0435\u0440 3'), STRINGDECODE('\u0410\u0434\u0440\u0435\u0441 3'), 12.23164, 45.121273, 0, 3, 5, 0, NULL, NULL),
(9780, STRINGDECODE('\u0424\u0438\u043e 7'), STRINGDECODE('\u041d\u043e\u043c\u0435\u0440 7'), STRINGDECODE('\u0410\u0434\u0440\u0435\u0441 7'), 12.23168, 45.121277, 0, 3, 5, 0, NULL, NULL),
(9781, STRINGDECODE('\u0424\u0438\u043e 10'), STRINGDECODE('\u041d\u043e\u043c\u0435\u0440 10'), STRINGDECODE('\u0410\u0434\u0440\u0435\u0441 10'), 12.23171, 45.12128, 0, 3, 5, 0, NULL, NULL),
(9782, STRINGDECODE('\u0424\u0438\u043e 11'), STRINGDECODE('\u041d\u043e\u043c\u0435\u0440 11'), STRINGDECODE('\u0410\u0434\u0440\u0435\u0441 11'), 12.23172, 45.121281, 0, 3, 5, 0, NULL, NULL),
(9783, STRINGDECODE('\u0424\u0438\u043e 14'), STRINGDECODE('\u041d\u043e\u043c\u0435\u0440 14'), STRINGDECODE('\u0410\u0434\u0440\u0435\u0441 14'), 12.23175, 45.121284, 0, 3, 5, 0, NULL, NULL),
(9784, STRINGDECODE('\u0424\u0438\u043e 15'), STRINGDECODE('\u041d\u043e\u043c\u0435\u0440 15'), STRINGDECODE('\u0410\u0434\u0440\u0435\u0441 15'), 12.23176, 45.121285, 0, 3, 5, 0, NULL, NULL),
(9785, STRINGDECODE('\u0424\u0438\u043e 16'), STRINGDECODE('\u041d\u043e\u043c\u0435\u0440 16'), STRINGDECODE('\u0410\u0434\u0440\u0435\u0441 16'), 12.23177, 45.121286, 0, 3, 5, 0, NULL, NULL),
(9786, STRINGDECODE('\u0424\u0438\u043e 19'), STRINGDECODE('\u041d\u043e\u043c\u0435\u0440 19'), STRINGDECODE('\u0410\u0434\u0440\u0435\u0441 19'), 12.231470108032227, 45.12125778198242, 0, 3, 5, 0, NULL, NULL),
(9787, STRINGDECODE('\u0424\u0438\u043e 1'), STRINGDECODE('\u041d\u043e\u043c\u0435\u0440 1'), STRINGDECODE('\u0410\u0434\u0440\u0435\u0441 1'), 12.23156, 45.121265, 0, 3, 5, 0, NULL, NULL),
(9788, STRINGDECODE('\u0424\u0438\u043e 2'), STRINGDECODE('\u041d\u043e\u043c\u0435\u0440 2'), STRINGDECODE('\u0410\u0434\u0440\u0435\u0441 2'), 12.23159, 45.121268, 0, 3, 5, 0, NULL, NULL),
(9789, STRINGDECODE('\u0424\u0438\u043e 3'), STRINGDECODE('\u041d\u043e\u043c\u0435\u0440 3'), STRINGDECODE('\u0410\u0434\u0440\u0435\u0441 3'), 12.23164, 45.121273, 0, 3, 5, 0, NULL, NULL),
(9790, STRINGDECODE('\u0424\u0438\u043e 7'), STRINGDECODE('\u041d\u043e\u043c\u0435\u0440 7'), STRINGDECODE('\u0410\u0434\u0440\u0435\u0441 7'), 12.23168, 45.121277, 0, 3, 5, 0, NULL, NULL),
(9791, STRINGDECODE('\u0424\u0438\u043e 10'), STRINGDECODE('\u041d\u043e\u043c\u0435\u0440 10'), STRINGDECODE('\u0410\u0434\u0440\u0435\u0441 10'), 12.23171, 45.12128, 0, 3, 5, 0, NULL, NULL),
(9792, STRINGDECODE('\u0424\u0438\u043e 11'), STRINGDECODE('\u041d\u043e\u043c\u0435\u0440 11'), STRINGDECODE('\u0410\u0434\u0440\u0435\u0441 11'), 12.23172, 45.121281, 0, 3, 5, 0, NULL, NULL),
(9793, STRINGDECODE('\u0424\u0438\u043e 14'), STRINGDECODE('\u041d\u043e\u043c\u0435\u0440 14'), STRINGDECODE('\u0410\u0434\u0440\u0435\u0441 14'), 12.23175, 45.121284, 0, 3, 5, 0, NULL, NULL),
(9794, STRINGDECODE('\u0424\u0438\u043e 15'), STRINGDECODE('\u041d\u043e\u043c\u0435\u0440 15'), STRINGDECODE('\u0410\u0434\u0440\u0435\u0441 15'), 12.23176, 45.121285, 0, 3, 5, 0, NULL, NULL),
(9795, STRINGDECODE('\u0424\u0438\u043e 16'), STRINGDECODE('\u041d\u043e\u043c\u0435\u0440 16'), STRINGDECODE('\u0410\u0434\u0440\u0435\u0441 16'), 12.23177, 45.121286, 0, 3, 5, 0, NULL, NULL),
(9796, STRINGDECODE('\u0424\u0438\u043e 19'), STRINGDECODE('\u041d\u043e\u043c\u0435\u0440 19'), STRINGDECODE('\u0410\u0434\u0440\u0435\u0441 19'), 12.231470108032227, 45.12125778198242, 0, 3, 5, 0, NULL, NULL),
(9797, STRINGDECODE('\u0424\u0438\u043e 20'), STRINGDECODE('\u041d\u043e\u043c\u0435\u0440 20'), STRINGDECODE('\u0410\u0434\u0440\u0435\u0441 20'), 12.2318, 45.121289, 0, 3, 5, 0, NULL, NULL);
INSERT INTO PUBLIC.FAMILIES(ID, NAME, PHONE_NUMBER, ADDRESS, LONGITUDE, LATITUDE, CAR_ID, GROUP_ID, STOCK_ID, STATUS, REPORT, VOLUNTEERS_GROUP_ID) VALUES
(9798, STRINGDECODE('\u0424\u0438\u043e 17'), STRINGDECODE('\u041d\u043e\u043c\u0435\u0440 17'), STRINGDECODE('\u0410\u0434\u0440\u0435\u0441 17'), 12.23178, 45.121287, 0, 3, 5, 0, NULL, NULL),
(9799, STRINGDECODE('\u0424\u0438\u043e 8'), STRINGDECODE('\u041d\u043e\u043c\u0435\u0440 8'), STRINGDECODE('\u0410\u0434\u0440\u0435\u0441 8'), 12.23169, 45.121278, 0, 3, 5, 0, NULL, NULL),
(9800, STRINGDECODE('\u0424\u0438\u043e 12'), STRINGDECODE('\u041d\u043e\u043c\u0435\u0440 12'), STRINGDECODE('\u0410\u0434\u0440\u0435\u0441 12'), 12.23173, 45.121282, 0, 3, 5, 0, NULL, NULL),
(9801, STRINGDECODE('\u0424\u0438\u043e 20'), STRINGDECODE('\u041d\u043e\u043c\u0435\u0440 20'), STRINGDECODE('\u0410\u0434\u0440\u0435\u0441 20'), 12.2318, 45.121289, 0, 3, 5, 0, NULL, NULL),
(9802, STRINGDECODE('\u0424\u0438\u043e 4'), STRINGDECODE('\u041d\u043e\u043c\u0435\u0440 4'), STRINGDECODE('\u0410\u0434\u0440\u0435\u0441 4'), 12.23165, 45.121274, 0, 3, 5, 0, NULL, NULL),
(9803, STRINGDECODE('\u0424\u0438\u043e 17'), STRINGDECODE('\u041d\u043e\u043c\u0435\u0440 17'), STRINGDECODE('\u0410\u0434\u0440\u0435\u0441 17'), 12.23178, 45.121287, 0, 3, 5, 0, NULL, NULL),
(9804, STRINGDECODE('\u0424\u0438\u043e 12'), STRINGDECODE('\u041d\u043e\u043c\u0435\u0440 12'), STRINGDECODE('\u0410\u0434\u0440\u0435\u0441 12'), 12.23173, 45.121282, 0, 3, 5, 0, NULL, NULL),
(9805, STRINGDECODE('\u0424\u0438\u043e 8'), STRINGDECODE('\u041d\u043e\u043c\u0435\u0440 8'), STRINGDECODE('\u0410\u0434\u0440\u0435\u0441 8'), 12.23169, 45.121278, 0, 3, 5, 0, NULL, NULL),
(9816, STRINGDECODE('\u0424\u0438\u043e 9'), STRINGDECODE('\u041d\u043e\u043c\u0435\u0440 9'), STRINGDECODE('\u0410\u0434\u0440\u0435\u0441 9'), 12.2317, 45.121279, 0, 3, 5, 3, NULL, 0),
(9815, STRINGDECODE('\u0424\u0438\u043e 5'), STRINGDECODE('\u041d\u043e\u043c\u0435\u0440 5'), STRINGDECODE('\u0410\u0434\u0440\u0435\u0441 5'), 12.23166, 45.121275, 0, 3, 5, 1, NULL, 0),
(9814, STRINGDECODE('\u0424\u0438\u043e 6'), STRINGDECODE('\u041d\u043e\u043c\u0435\u0440 6'), STRINGDECODE('\u0410\u0434\u0440\u0435\u0441 6'), 12.23167, 45.121276, 0, 3, 5, 1, NULL, 0),
(9813, STRINGDECODE('\u0424\u0438\u043e 18'), STRINGDECODE('\u041d\u043e\u043c\u0435\u0440 18'), STRINGDECODE('\u0410\u0434\u0440\u0435\u0441 18'), 12.23179, 45.121288, 0, 3, 5, 1, NULL, 0),
(9812, STRINGDECODE('\u0424\u0438\u043e 5'), STRINGDECODE('\u041d\u043e\u043c\u0435\u0440 5'), STRINGDECODE('\u0410\u0434\u0440\u0435\u0441 5'), 12.23166, 45.121275, 0, 3, 5, 2, NULL, 0),
(9810, STRINGDECODE('\u0424\u0438\u043e 13'), STRINGDECODE('\u041d\u043e\u043c\u0435\u0440 13'), STRINGDECODE('\u0410\u0434\u0440\u0435\u0441 13'), 12.23174, 45.121283, 0, 3, 5, 1, NULL, 0),
(9808, STRINGDECODE('\u0424\u0438\u043e 9'), STRINGDECODE('\u041d\u043e\u043c\u0435\u0440 9'), STRINGDECODE('\u0410\u0434\u0440\u0435\u0441 9'), 12.2317, 45.121279, 0, 3, 5, 1, NULL, 0),
(9807, STRINGDECODE('\u0424\u0438\u043e 18'), STRINGDECODE('\u041d\u043e\u043c\u0435\u0440 18'), STRINGDECODE('\u0410\u0434\u0440\u0435\u0441 18'), 12.23179, 45.121288, 0, 3, 5, 1, NULL, 0),
(9806, STRINGDECODE('\u0424\u0438\u043e 4'), STRINGDECODE('\u041d\u043e\u043c\u0435\u0440 4'), STRINGDECODE('\u0410\u0434\u0440\u0435\u0441 4'), 12.23165, 45.121274, 0, 3, 5, 0, NULL, 0),
(9811, STRINGDECODE('\u0424\u0438\u043e 6'), STRINGDECODE('\u041d\u043e\u043c\u0435\u0440 6'), STRINGDECODE('\u0410\u0434\u0440\u0435\u0441 6'), 12.23167, 45.121276, 0, 3, 5, 1, NULL, 0),
(9817, STRINGDECODE('\u0424\u0438\u043e 1'), STRINGDECODE('\u041d\u043e\u043c\u0435\u0440 1'), STRINGDECODE('\u0410\u0434\u0440\u0435\u0441 1'), 12.23156, 45.121265, 0, 3, 6, 0, NULL, NULL),
(9818, STRINGDECODE('\u0424\u0438\u043e 2'), STRINGDECODE('\u041d\u043e\u043c\u0435\u0440 2'), STRINGDECODE('\u0410\u0434\u0440\u0435\u0441 2'), 12.23159, 45.121268, 0, 3, 6, 0, NULL, NULL),
(9819, STRINGDECODE('\u0424\u0438\u043e 3'), STRINGDECODE('\u041d\u043e\u043c\u0435\u0440 3'), STRINGDECODE('\u0410\u0434\u0440\u0435\u0441 3'), 12.23164, 45.121273, 0, 3, 6, 0, NULL, NULL);
INSERT INTO PUBLIC.FAMILIES(ID, NAME, PHONE_NUMBER, ADDRESS, LONGITUDE, LATITUDE, CAR_ID, GROUP_ID, STOCK_ID, STATUS, REPORT, VOLUNTEERS_GROUP_ID) VALUES
(9820, STRINGDECODE('\u0424\u0438\u043e 7'), STRINGDECODE('\u041d\u043e\u043c\u0435\u0440 7'), STRINGDECODE('\u0410\u0434\u0440\u0435\u0441 7'), 12.23168, 45.121277, 0, 3, 6, 0, NULL, NULL),
(9821, STRINGDECODE('\u0424\u0438\u043e 10'), STRINGDECODE('\u041d\u043e\u043c\u0435\u0440 10'), STRINGDECODE('\u0410\u0434\u0440\u0435\u0441 10'), 12.23171, 45.12128, 0, 3, 6, 0, NULL, NULL),
(9822, STRINGDECODE('\u0424\u0438\u043e 11'), STRINGDECODE('\u041d\u043e\u043c\u0435\u0440 11'), STRINGDECODE('\u0410\u0434\u0440\u0435\u0441 11'), 12.23172, 45.121281, 0, 3, 6, 0, NULL, NULL),
(9823, STRINGDECODE('\u0424\u0438\u043e 14'), STRINGDECODE('\u041d\u043e\u043c\u0435\u0440 14'), STRINGDECODE('\u0410\u0434\u0440\u0435\u0441 14'), 12.23175, 45.121284, 0, 3, 6, 0, NULL, NULL),
(9824, STRINGDECODE('\u0424\u0438\u043e 15'), STRINGDECODE('\u041d\u043e\u043c\u0435\u0440 15'), STRINGDECODE('\u0410\u0434\u0440\u0435\u0441 15'), 12.23176, 45.121285, 0, 3, 6, 0, NULL, NULL),
(9825, STRINGDECODE('\u0424\u0438\u043e 16'), STRINGDECODE('\u041d\u043e\u043c\u0435\u0440 16'), STRINGDECODE('\u0410\u0434\u0440\u0435\u0441 16'), 12.23177, 45.121286, 0, 3, 6, 0, NULL, NULL),
(9826, STRINGDECODE('\u0424\u0438\u043e 19'), STRINGDECODE('\u041d\u043e\u043c\u0435\u0440 19'), STRINGDECODE('\u0410\u0434\u0440\u0435\u0441 19'), 12.231470108032227, 45.12125778198242, 0, 3, 6, 0, NULL, NULL),
(9827, STRINGDECODE('\u0424\u0438\u043e 1'), STRINGDECODE('\u041d\u043e\u043c\u0435\u0440 1'), STRINGDECODE('\u0410\u0434\u0440\u0435\u0441 1'), 12.23156, 45.121265, 0, 3, 6, 0, NULL, NULL),
(9828, STRINGDECODE('\u0424\u0438\u043e 2'), STRINGDECODE('\u041d\u043e\u043c\u0435\u0440 2'), STRINGDECODE('\u0410\u0434\u0440\u0435\u0441 2'), 12.23159, 45.121268, 0, 3, 6, 0, NULL, NULL),
(9829, STRINGDECODE('\u0424\u0438\u043e 3'), STRINGDECODE('\u041d\u043e\u043c\u0435\u0440 3'), STRINGDECODE('\u0410\u0434\u0440\u0435\u0441 3'), 12.23164, 45.121273, 0, 3, 6, 0, NULL, NULL),
(9830, STRINGDECODE('\u0424\u0438\u043e 7'), STRINGDECODE('\u041d\u043e\u043c\u0435\u0440 7'), STRINGDECODE('\u0410\u0434\u0440\u0435\u0441 7'), 12.23168, 45.121277, 0, 3, 6, 0, NULL, NULL),
(9831, STRINGDECODE('\u0424\u0438\u043e 10'), STRINGDECODE('\u041d\u043e\u043c\u0435\u0440 10'), STRINGDECODE('\u0410\u0434\u0440\u0435\u0441 10'), 12.23171, 45.12128, 0, 3, 6, 0, NULL, NULL),
(9832, STRINGDECODE('\u0424\u0438\u043e 11'), STRINGDECODE('\u041d\u043e\u043c\u0435\u0440 11'), STRINGDECODE('\u0410\u0434\u0440\u0435\u0441 11'), 12.23172, 45.121281, 0, 3, 6, 0, NULL, NULL),
(9833, STRINGDECODE('\u0424\u0438\u043e 14'), STRINGDECODE('\u041d\u043e\u043c\u0435\u0440 14'), STRINGDECODE('\u0410\u0434\u0440\u0435\u0441 14'), 12.23175, 45.121284, 0, 3, 6, 0, NULL, NULL),
(9834, STRINGDECODE('\u0424\u0438\u043e 15'), STRINGDECODE('\u041d\u043e\u043c\u0435\u0440 15'), STRINGDECODE('\u0410\u0434\u0440\u0435\u0441 15'), 12.23176, 45.121285, 0, 3, 6, 0, NULL, NULL),
(9835, STRINGDECODE('\u0424\u0438\u043e 16'), STRINGDECODE('\u041d\u043e\u043c\u0435\u0440 16'), STRINGDECODE('\u0410\u0434\u0440\u0435\u0441 16'), 12.23177, 45.121286, 0, 3, 6, 0, NULL, NULL),
(9836, STRINGDECODE('\u0424\u0438\u043e 19'), STRINGDECODE('\u041d\u043e\u043c\u0435\u0440 19'), STRINGDECODE('\u0410\u0434\u0440\u0435\u0441 19'), 12.231470108032227, 45.12125778198242, 0, 3, 6, 0, NULL, NULL),
(9837, STRINGDECODE('\u0424\u0438\u043e 20'), STRINGDECODE('\u041d\u043e\u043c\u0435\u0440 20'), STRINGDECODE('\u0410\u0434\u0440\u0435\u0441 20'), 12.2318, 45.121289, 0, 3, 6, 0, NULL, NULL),
(9838, STRINGDECODE('\u0424\u0438\u043e 17'), STRINGDECODE('\u041d\u043e\u043c\u0435\u0440 17'), STRINGDECODE('\u0410\u0434\u0440\u0435\u0441 17'), 12.23178, 45.121287, 0, 3, 6, 0, NULL, NULL),
(9839, STRINGDECODE('\u0424\u0438\u043e 8'), STRINGDECODE('\u041d\u043e\u043c\u0435\u0440 8'), STRINGDECODE('\u0410\u0434\u0440\u0435\u0441 8'), 12.23169, 45.121278, 0, 3, 6, 0, NULL, NULL),
(9840, STRINGDECODE('\u0424\u0438\u043e 12'), STRINGDECODE('\u041d\u043e\u043c\u0435\u0440 12'), STRINGDECODE('\u0410\u0434\u0440\u0435\u0441 12'), 12.23173, 45.121282, 0, 3, 6, 0, NULL, NULL);
INSERT INTO PUBLIC.FAMILIES(ID, NAME, PHONE_NUMBER, ADDRESS, LONGITUDE, LATITUDE, CAR_ID, GROUP_ID, STOCK_ID, STATUS, REPORT, VOLUNTEERS_GROUP_ID) VALUES
(9841, STRINGDECODE('\u0424\u0438\u043e 20'), STRINGDECODE('\u041d\u043e\u043c\u0435\u0440 20'), STRINGDECODE('\u0410\u0434\u0440\u0435\u0441 20'), 12.2318, 45.121289, 0, 3, 6, 0, NULL, NULL),
(9842, STRINGDECODE('\u0424\u0438\u043e 4'), STRINGDECODE('\u041d\u043e\u043c\u0435\u0440 4'), STRINGDECODE('\u0410\u0434\u0440\u0435\u0441 4'), 12.23165, 45.121274, 0, 3, 6, 0, NULL, NULL),
(9843, STRINGDECODE('\u0424\u0438\u043e 17'), STRINGDECODE('\u041d\u043e\u043c\u0435\u0440 17'), STRINGDECODE('\u0410\u0434\u0440\u0435\u0441 17'), 12.23178, 45.121287, 0, 3, 6, 0, NULL, NULL),
(9844, STRINGDECODE('\u0424\u0438\u043e 12'), STRINGDECODE('\u041d\u043e\u043c\u0435\u0440 12'), STRINGDECODE('\u0410\u0434\u0440\u0435\u0441 12'), 12.23173, 45.121282, 0, 3, 6, 0, NULL, NULL),
(9845, STRINGDECODE('\u0424\u0438\u043e 8'), STRINGDECODE('\u041d\u043e\u043c\u0435\u0440 8'), STRINGDECODE('\u0410\u0434\u0440\u0435\u0441 8'), 12.23169, 45.121278, 0, 3, 6, 0, NULL, NULL),
(9846, STRINGDECODE('\u0424\u0438\u043e 4'), STRINGDECODE('\u041d\u043e\u043c\u0435\u0440 4'), STRINGDECODE('\u0410\u0434\u0440\u0435\u0441 4'), 12.23165, 45.121274, 0, 3, 6, 0, NULL, NULL),
(9847, STRINGDECODE('\u0424\u0438\u043e 18'), STRINGDECODE('\u041d\u043e\u043c\u0435\u0440 18'), STRINGDECODE('\u0410\u0434\u0440\u0435\u0441 18'), 12.23179, 45.121288, 0, 3, 6, 0, NULL, NULL),
(9848, STRINGDECODE('\u0424\u0438\u043e 9'), STRINGDECODE('\u041d\u043e\u043c\u0435\u0440 9'), STRINGDECODE('\u0410\u0434\u0440\u0435\u0441 9'), 12.2317, 45.121279, 0, 3, 6, 0, NULL, NULL),
(9849, STRINGDECODE('\u0424\u0438\u043e 13'), STRINGDECODE('\u041d\u043e\u043c\u0435\u0440 13'), STRINGDECODE('\u0410\u0434\u0440\u0435\u0441 13'), 12.23174, 45.121283, 0, 3, 6, 0, NULL, NULL),
(9850, STRINGDECODE('\u0424\u0438\u043e 13'), STRINGDECODE('\u041d\u043e\u043c\u0435\u0440 13'), STRINGDECODE('\u0410\u0434\u0440\u0435\u0441 13'), 12.23174, 45.121283, 0, 3, 6, 0, NULL, NULL),
(9851, STRINGDECODE('\u0424\u0438\u043e 6'), STRINGDECODE('\u041d\u043e\u043c\u0435\u0440 6'), STRINGDECODE('\u0410\u0434\u0440\u0435\u0441 6'), 12.23167, 45.121276, 0, 3, 6, 0, NULL, NULL),
(9852, STRINGDECODE('\u0424\u0438\u043e 5'), STRINGDECODE('\u041d\u043e\u043c\u0435\u0440 5'), STRINGDECODE('\u0410\u0434\u0440\u0435\u0441 5'), 12.23166, 45.121275, 0, 3, 6, 0, NULL, NULL),
(9853, STRINGDECODE('\u0424\u0438\u043e 18'), STRINGDECODE('\u041d\u043e\u043c\u0435\u0440 18'), STRINGDECODE('\u0410\u0434\u0440\u0435\u0441 18'), 12.23179, 45.121288, 0, 3, 6, 0, NULL, NULL),
(9854, STRINGDECODE('\u0424\u0438\u043e 6'), STRINGDECODE('\u041d\u043e\u043c\u0435\u0440 6'), STRINGDECODE('\u0410\u0434\u0440\u0435\u0441 6'), 12.23167, 45.121276, 0, 3, 6, 0, NULL, NULL),
(9855, STRINGDECODE('\u0424\u0438\u043e 5'), STRINGDECODE('\u041d\u043e\u043c\u0435\u0440 5'), STRINGDECODE('\u0410\u0434\u0440\u0435\u0441 5'), 12.23166, 45.121275, 0, 3, 6, 0, NULL, NULL),
(9856, STRINGDECODE('\u0424\u0438\u043e 9'), STRINGDECODE('\u041d\u043e\u043c\u0435\u0440 9'), STRINGDECODE('\u0410\u0434\u0440\u0435\u0441 9'), 12.2317, 45.121279, 0, 3, 6, 0, NULL, NULL),
(9857, STRINGDECODE('\u0424\u0438\u043e 1'), STRINGDECODE('\u041d\u043e\u043c\u0435\u0440 1'), STRINGDECODE('\u0410\u0434\u0440\u0435\u0441 1'), 12.23156, 45.121265, 0, 3, 7, 0, NULL, NULL),
(9858, STRINGDECODE('\u0424\u0438\u043e 2'), STRINGDECODE('\u041d\u043e\u043c\u0435\u0440 2'), STRINGDECODE('\u0410\u0434\u0440\u0435\u0441 2'), 12.23159, 45.121268, 0, 3, 7, 0, NULL, NULL),
(9859, STRINGDECODE('\u0424\u0438\u043e 3'), STRINGDECODE('\u041d\u043e\u043c\u0435\u0440 3'), STRINGDECODE('\u0410\u0434\u0440\u0435\u0441 3'), 12.23164, 45.121273, 0, 3, 7, 0, NULL, NULL),
(9860, STRINGDECODE('\u0424\u0438\u043e 7'), STRINGDECODE('\u041d\u043e\u043c\u0435\u0440 7'), STRINGDECODE('\u0410\u0434\u0440\u0435\u0441 7'), 12.23168, 45.121277, 0, 3, 7, 0, NULL, NULL),
(9861, STRINGDECODE('\u0424\u0438\u043e 10'), STRINGDECODE('\u041d\u043e\u043c\u0435\u0440 10'), STRINGDECODE('\u0410\u0434\u0440\u0435\u0441 10'), 12.23171, 45.12128, 0, 3, 7, 0, NULL, NULL);
INSERT INTO PUBLIC.FAMILIES(ID, NAME, PHONE_NUMBER, ADDRESS, LONGITUDE, LATITUDE, CAR_ID, GROUP_ID, STOCK_ID, STATUS, REPORT, VOLUNTEERS_GROUP_ID) VALUES
(9862, STRINGDECODE('\u0424\u0438\u043e 11'), STRINGDECODE('\u041d\u043e\u043c\u0435\u0440 11'), STRINGDECODE('\u0410\u0434\u0440\u0435\u0441 11'), 12.23172, 45.121281, 0, 3, 7, 0, NULL, NULL),
(9863, STRINGDECODE('\u0424\u0438\u043e 14'), STRINGDECODE('\u041d\u043e\u043c\u0435\u0440 14'), STRINGDECODE('\u0410\u0434\u0440\u0435\u0441 14'), 12.23175, 45.121284, 0, 3, 7, 0, NULL, NULL),
(9864, STRINGDECODE('\u0424\u0438\u043e 15'), STRINGDECODE('\u041d\u043e\u043c\u0435\u0440 15'), STRINGDECODE('\u0410\u0434\u0440\u0435\u0441 15'), 12.23176, 45.121285, 0, 3, 7, 0, NULL, NULL),
(9865, STRINGDECODE('\u0424\u0438\u043e 16'), STRINGDECODE('\u041d\u043e\u043c\u0435\u0440 16'), STRINGDECODE('\u0410\u0434\u0440\u0435\u0441 16'), 12.23177, 45.121286, 0, 3, 7, 0, NULL, NULL),
(9866, STRINGDECODE('\u0424\u0438\u043e 19'), STRINGDECODE('\u041d\u043e\u043c\u0435\u0440 19'), STRINGDECODE('\u0410\u0434\u0440\u0435\u0441 19'), 12.231470108032227, 45.12125778198242, 0, 3, 7, 0, NULL, NULL),
(9867, STRINGDECODE('\u0424\u0438\u043e 1'), STRINGDECODE('\u041d\u043e\u043c\u0435\u0440 1'), STRINGDECODE('\u0410\u0434\u0440\u0435\u0441 1'), 12.23156, 45.121265, 0, 3, 7, 0, NULL, NULL),
(9868, STRINGDECODE('\u0424\u0438\u043e 2'), STRINGDECODE('\u041d\u043e\u043c\u0435\u0440 2'), STRINGDECODE('\u0410\u0434\u0440\u0435\u0441 2'), 12.23159, 45.121268, 0, 3, 7, 0, NULL, NULL),
(9869, STRINGDECODE('\u0424\u0438\u043e 3'), STRINGDECODE('\u041d\u043e\u043c\u0435\u0440 3'), STRINGDECODE('\u0410\u0434\u0440\u0435\u0441 3'), 12.23164, 45.121273, 0, 3, 7, 0, NULL, NULL),
(9870, STRINGDECODE('\u0424\u0438\u043e 7'), STRINGDECODE('\u041d\u043e\u043c\u0435\u0440 7'), STRINGDECODE('\u0410\u0434\u0440\u0435\u0441 7'), 12.23168, 45.121277, 0, 3, 7, 0, NULL, NULL),
(9871, STRINGDECODE('\u0424\u0438\u043e 10'), STRINGDECODE('\u041d\u043e\u043c\u0435\u0440 10'), STRINGDECODE('\u0410\u0434\u0440\u0435\u0441 10'), 12.23171, 45.12128, 0, 3, 7, 0, NULL, NULL),
(9872, STRINGDECODE('\u0424\u0438\u043e 11'), STRINGDECODE('\u041d\u043e\u043c\u0435\u0440 11'), STRINGDECODE('\u0410\u0434\u0440\u0435\u0441 11'), 12.23172, 45.121281, 0, 3, 7, 0, NULL, NULL),
(9873, STRINGDECODE('\u0424\u0438\u043e 14'), STRINGDECODE('\u041d\u043e\u043c\u0435\u0440 14'), STRINGDECODE('\u0410\u0434\u0440\u0435\u0441 14'), 12.23175, 45.121284, 0, 3, 7, 0, NULL, NULL),
(9874, STRINGDECODE('\u0424\u0438\u043e 15'), STRINGDECODE('\u041d\u043e\u043c\u0435\u0440 15'), STRINGDECODE('\u0410\u0434\u0440\u0435\u0441 15'), 12.23176, 45.121285, 0, 3, 7, 0, NULL, NULL),
(9875, STRINGDECODE('\u0424\u0438\u043e 16'), STRINGDECODE('\u041d\u043e\u043c\u0435\u0440 16'), STRINGDECODE('\u0410\u0434\u0440\u0435\u0441 16'), 12.23177, 45.121286, 0, 3, 7, 0, NULL, NULL),
(9876, STRINGDECODE('\u0424\u0438\u043e 19'), STRINGDECODE('\u041d\u043e\u043c\u0435\u0440 19'), STRINGDECODE('\u0410\u0434\u0440\u0435\u0441 19'), 12.231470108032227, 45.12125778198242, 0, 3, 7, 0, NULL, NULL),
(9877, STRINGDECODE('\u0424\u0438\u043e 20'), STRINGDECODE('\u041d\u043e\u043c\u0435\u0440 20'), STRINGDECODE('\u0410\u0434\u0440\u0435\u0441 20'), 12.2318, 45.121289, 0, 3, 7, 0, NULL, NULL),
(9878, STRINGDECODE('\u0424\u0438\u043e 17'), STRINGDECODE('\u041d\u043e\u043c\u0435\u0440 17'), STRINGDECODE('\u0410\u0434\u0440\u0435\u0441 17'), 12.23178, 45.121287, 0, 3, 7, 0, NULL, NULL),
(9879, STRINGDECODE('\u0424\u0438\u043e 8'), STRINGDECODE('\u041d\u043e\u043c\u0435\u0440 8'), STRINGDECODE('\u0410\u0434\u0440\u0435\u0441 8'), 12.23169, 45.121278, 0, 3, 7, 0, NULL, NULL),
(9880, STRINGDECODE('\u0424\u0438\u043e 12'), STRINGDECODE('\u041d\u043e\u043c\u0435\u0440 12'), STRINGDECODE('\u0410\u0434\u0440\u0435\u0441 12'), 12.23173, 45.121282, 0, 3, 7, 0, NULL, NULL),
(9881, STRINGDECODE('\u0424\u0438\u043e 20'), STRINGDECODE('\u041d\u043e\u043c\u0435\u0440 20'), STRINGDECODE('\u0410\u0434\u0440\u0435\u0441 20'), 12.2318, 45.121289, 0, 3, 7, 0, NULL, NULL),
(9882, STRINGDECODE('\u0424\u0438\u043e 4'), STRINGDECODE('\u041d\u043e\u043c\u0435\u0440 4'), STRINGDECODE('\u0410\u0434\u0440\u0435\u0441 4'), 12.23165, 45.121274, 0, 3, 7, 0, NULL, NULL);
INSERT INTO PUBLIC.FAMILIES(ID, NAME, PHONE_NUMBER, ADDRESS, LONGITUDE, LATITUDE, CAR_ID, GROUP_ID, STOCK_ID, STATUS, REPORT, VOLUNTEERS_GROUP_ID) VALUES
(9883, STRINGDECODE('\u0424\u0438\u043e 17'), STRINGDECODE('\u041d\u043e\u043c\u0435\u0440 17'), STRINGDECODE('\u0410\u0434\u0440\u0435\u0441 17'), 12.23178, 45.121287, 0, 3, 7, 0, NULL, NULL),
(9884, STRINGDECODE('\u0424\u0438\u043e 12'), STRINGDECODE('\u041d\u043e\u043c\u0435\u0440 12'), STRINGDECODE('\u0410\u0434\u0440\u0435\u0441 12'), 12.23173, 45.121282, 0, 3, 7, 0, NULL, NULL),
(9885, STRINGDECODE('\u0424\u0438\u043e 8'), STRINGDECODE('\u041d\u043e\u043c\u0435\u0440 8'), STRINGDECODE('\u0410\u0434\u0440\u0435\u0441 8'), 12.23169, 45.121278, 0, 3, 7, 0, NULL, NULL),
(9886, STRINGDECODE('\u0424\u0438\u043e 4'), STRINGDECODE('\u041d\u043e\u043c\u0435\u0440 4'), STRINGDECODE('\u0410\u0434\u0440\u0435\u0441 4'), 12.23165, 45.121274, 0, 3, 7, 0, NULL, NULL),
(9887, STRINGDECODE('\u0424\u0438\u043e 18'), STRINGDECODE('\u041d\u043e\u043c\u0435\u0440 18'), STRINGDECODE('\u0410\u0434\u0440\u0435\u0441 18'), 12.23179, 45.121288, 0, 3, 7, 0, NULL, NULL),
(9888, STRINGDECODE('\u0424\u0438\u043e 9'), STRINGDECODE('\u041d\u043e\u043c\u0435\u0440 9'), STRINGDECODE('\u0410\u0434\u0440\u0435\u0441 9'), 12.2317, 45.121279, 0, 3, 7, 0, NULL, NULL),
(9889, STRINGDECODE('\u0424\u0438\u043e 13'), STRINGDECODE('\u041d\u043e\u043c\u0435\u0440 13'), STRINGDECODE('\u0410\u0434\u0440\u0435\u0441 13'), 12.23174, 45.121283, 0, 3, 7, 0, NULL, NULL),
(9890, STRINGDECODE('\u0424\u0438\u043e 13'), STRINGDECODE('\u041d\u043e\u043c\u0435\u0440 13'), STRINGDECODE('\u0410\u0434\u0440\u0435\u0441 13'), 12.23174, 45.121283, 0, 3, 7, 0, NULL, NULL),
(9891, STRINGDECODE('\u0424\u0438\u043e 6'), STRINGDECODE('\u041d\u043e\u043c\u0435\u0440 6'), STRINGDECODE('\u0410\u0434\u0440\u0435\u0441 6'), 12.23167, 45.121276, 0, 3, 7, 0, NULL, NULL),
(9895, STRINGDECODE('\u0424\u0438\u043e 5'), STRINGDECODE('\u041d\u043e\u043c\u0435\u0440 5'), STRINGDECODE('\u0410\u0434\u0440\u0435\u0441 5'), 12.23166, 45.121275, 0, 3, 7, 1, NULL, 0),
(9894, STRINGDECODE('\u0424\u0438\u043e 6'), STRINGDECODE('\u041d\u043e\u043c\u0435\u0440 6'), STRINGDECODE('\u0410\u0434\u0440\u0435\u0441 6'), 12.23167, 45.121276, 0, 3, 7, 3, NULL, 0),
(9893, STRINGDECODE('\u0424\u0438\u043e 18'), STRINGDECODE('\u041d\u043e\u043c\u0435\u0440 18'), STRINGDECODE('\u0410\u0434\u0440\u0435\u0441 18'), 12.23179, 45.121288, 0, 3, 7, 2, NULL, 0),
(9892, STRINGDECODE('\u0424\u0438\u043e 5'), STRINGDECODE('\u041d\u043e\u043c\u0435\u0440 5'), STRINGDECODE('\u0410\u0434\u0440\u0435\u0441 5'), 12.23166, 45.121275, 0, 3, 7, 1, NULL, 0),
(9897, STRINGDECODE('\u0424\u0438\u043e 1'), STRINGDECODE('\u041d\u043e\u043c\u0435\u0440 1'), STRINGDECODE('\u0410\u0434\u0440\u0435\u0441 1'), 12.23156, 45.121265, 0, 3, 8, 0, NULL, NULL),
(9898, STRINGDECODE('\u0424\u0438\u043e 2'), STRINGDECODE('\u041d\u043e\u043c\u0435\u0440 2'), STRINGDECODE('\u0410\u0434\u0440\u0435\u0441 2'), 12.23159, 45.121268, 0, 3, 8, 0, NULL, NULL),
(9899, STRINGDECODE('\u0424\u0438\u043e 3'), STRINGDECODE('\u041d\u043e\u043c\u0435\u0440 3'), STRINGDECODE('\u0410\u0434\u0440\u0435\u0441 3'), 12.23164, 45.121273, 0, 3, 8, 0, NULL, NULL),
(9900, STRINGDECODE('\u0424\u0438\u043e 7'), STRINGDECODE('\u041d\u043e\u043c\u0435\u0440 7'), STRINGDECODE('\u0410\u0434\u0440\u0435\u0441 7'), 12.23168, 45.121277, 0, 3, 8, 0, NULL, NULL),
(9901, STRINGDECODE('\u0424\u0438\u043e 10'), STRINGDECODE('\u041d\u043e\u043c\u0435\u0440 10'), STRINGDECODE('\u0410\u0434\u0440\u0435\u0441 10'), 12.23171, 45.12128, 0, 3, 8, 0, NULL, NULL),
(9902, STRINGDECODE('\u0424\u0438\u043e 11'), STRINGDECODE('\u041d\u043e\u043c\u0435\u0440 11'), STRINGDECODE('\u0410\u0434\u0440\u0435\u0441 11'), 12.23172, 45.121281, 0, 1, 8, 0, NULL, NULL),
(9903, STRINGDECODE('\u0424\u0438\u043e 14'), STRINGDECODE('\u041d\u043e\u043c\u0435\u0440 14'), STRINGDECODE('\u0410\u0434\u0440\u0435\u0441 14'), 12.23175, 45.121284, 0, 1, 8, 0, NULL, NULL),
(9904, STRINGDECODE('\u0424\u0438\u043e 15'), STRINGDECODE('\u041d\u043e\u043c\u0435\u0440 15'), STRINGDECODE('\u0410\u0434\u0440\u0435\u0441 15'), 12.23176, 45.121285, 0, 1, 8, 0, NULL, NULL);
INSERT INTO PUBLIC.FAMILIES(ID, NAME, PHONE_NUMBER, ADDRESS, LONGITUDE, LATITUDE, CAR_ID, GROUP_ID, STOCK_ID, STATUS, REPORT, VOLUNTEERS_GROUP_ID) VALUES
(9905, STRINGDECODE('\u0424\u0438\u043e 16'), STRINGDECODE('\u041d\u043e\u043c\u0435\u0440 16'), STRINGDECODE('\u0410\u0434\u0440\u0435\u0441 16'), 12.23177, 45.121286, 0, 1, 8, 0, NULL, NULL),
(9906, STRINGDECODE('\u0424\u0438\u043e 19'), STRINGDECODE('\u041d\u043e\u043c\u0435\u0440 19'), STRINGDECODE('\u0410\u0434\u0440\u0435\u0441 19'), 12.231470108032227, 45.12125778198242, 0, 1, 8, 0, NULL, NULL),
(9907, STRINGDECODE('\u0424\u0438\u043e 1'), STRINGDECODE('\u041d\u043e\u043c\u0435\u0440 1'), STRINGDECODE('\u0410\u0434\u0440\u0435\u0441 1'), 12.23156, 45.121265, 0, 2, 8, 0, NULL, NULL),
(9912, STRINGDECODE('\u0424\u0438\u043e 11'), STRINGDECODE('\u041d\u043e\u043c\u0435\u0440 11'), STRINGDECODE('\u0410\u0434\u0440\u0435\u0441 11'), 12.23172, 45.121281, 0, 4, 8, 0, NULL, NULL),
(9913, STRINGDECODE('\u0424\u0438\u043e 14'), STRINGDECODE('\u041d\u043e\u043c\u0435\u0440 14'), STRINGDECODE('\u0410\u0434\u0440\u0435\u0441 14'), 12.23175, 45.121284, 0, 4, 8, 0, NULL, NULL),
(9914, STRINGDECODE('\u0424\u0438\u043e 15'), STRINGDECODE('\u041d\u043e\u043c\u0435\u0440 15'), STRINGDECODE('\u0410\u0434\u0440\u0435\u0441 15'), 12.23176, 45.121285, 0, 4, 8, 0, NULL, NULL),
(9915, STRINGDECODE('\u0424\u0438\u043e 16'), STRINGDECODE('\u041d\u043e\u043c\u0435\u0440 16'), STRINGDECODE('\u0410\u0434\u0440\u0435\u0441 16'), 12.23177, 45.121286, 0, 4, 8, 0, NULL, NULL),
(9916, STRINGDECODE('\u0424\u0438\u043e 19'), STRINGDECODE('\u041d\u043e\u043c\u0435\u0440 19'), STRINGDECODE('\u0410\u0434\u0440\u0435\u0441 19'), 12.231470108032227, 45.12125778198242, 0, 4, 8, 0, NULL, NULL),
(9917, STRINGDECODE('\u0424\u0438\u043e 20'), STRINGDECODE('\u041d\u043e\u043c\u0435\u0440 20'), STRINGDECODE('\u0410\u0434\u0440\u0435\u0441 20'), 12.2318, 45.121289, 0, 5, 8, 0, NULL, NULL),
(9918, STRINGDECODE('\u0424\u0438\u043e 17'), STRINGDECODE('\u041d\u043e\u043c\u0435\u0440 17'), STRINGDECODE('\u0410\u0434\u0440\u0435\u0441 17'), 12.23178, 45.121287, 0, 5, 8, 0, NULL, NULL),
(9919, STRINGDECODE('\u0424\u0438\u043e 8'), STRINGDECODE('\u041d\u043e\u043c\u0435\u0440 8'), STRINGDECODE('\u0410\u0434\u0440\u0435\u0441 8'), 12.23169, 45.121278, 0, 5, 8, 0, NULL, NULL),
(9920, STRINGDECODE('\u0424\u0438\u043e 12'), STRINGDECODE('\u041d\u043e\u043c\u0435\u0440 12'), STRINGDECODE('\u0410\u0434\u0440\u0435\u0441 12'), 12.23173, 45.121282, 0, 5, 8, 0, NULL, NULL),
(9921, STRINGDECODE('\u0424\u0438\u043e 20'), STRINGDECODE('\u041d\u043e\u043c\u0435\u0440 20'), STRINGDECODE('\u0410\u0434\u0440\u0435\u0441 20'), 12.2318, 45.121289, 0, 5, 8, 0, NULL, NULL),
(9910, STRINGDECODE('\u0424\u0438\u043e 7'), STRINGDECODE('\u041d\u043e\u043c\u0435\u0440 7'), STRINGDECODE('\u0410\u0434\u0440\u0435\u0441 7'), 12.23168, 45.121277, 0, 2, 8, 1, NULL, 0),
(9909, STRINGDECODE('\u0424\u0438\u043e 3'), STRINGDECODE('\u041d\u043e\u043c\u0435\u0440 3'), STRINGDECODE('\u0410\u0434\u0440\u0435\u0441 3'), 12.23164, 45.121273, 0, 2, 8, 3, NULL, 0),
(9911, STRINGDECODE('\u0424\u0438\u043e 10'), STRINGDECODE('\u041d\u043e\u043c\u0435\u0440 10'), STRINGDECODE('\u0410\u0434\u0440\u0435\u0441 10'), 12.23171, 45.12128, 0, 2, 8, 4, NULL, 35),
(9809, STRINGDECODE('\u0424\u0438\u043e 13'), STRINGDECODE('\u041d\u043e\u043c\u0435\u0440 13'), STRINGDECODE('\u0410\u0434\u0440\u0435\u0441 13'), 12.23174, 45.121283, 0, 3, 5, 4, NULL, 35),
(9896, STRINGDECODE('\u0424\u0438\u043e 9'), STRINGDECODE('\u041d\u043e\u043c\u0435\u0440 9'), STRINGDECODE('\u0410\u0434\u0440\u0435\u0441 9'), 12.2317, 45.121279, 0, 3, 7, 4, NULL, 35),
(9908, STRINGDECODE('\u0424\u0438\u043e 2'), STRINGDECODE('\u041d\u043e\u043c\u0435\u0440 2'), STRINGDECODE('\u0410\u0434\u0440\u0435\u0441 2'), 12.23159, 45.121268, 0, 2, 8, 4, NULL, 0);
CREATE CACHED TABLE PUBLIC.STOCK_TEMPLATE(
    ID INT DEFAULT (NEXT VALUE FOR PUBLIC.SYSTEM_SEQUENCE_CAA373AC_8CD6_465B_9E65_277A7F18B915) NOT NULL NULL_TO_DEFAULT SEQUENCE PUBLIC.SYSTEM_SEQUENCE_CAA373AC_8CD6_465B_9E65_277A7F18B915,
    TITLE TEXT,
    TITLE_FOR_ADMIN TEXT,
    DESCRIPTION TEXT,
    REPORT TEXT,
    STATUS INT DEFAULT 0,
    ADDED_BY INT,
    CTA BOOLEAN DEFAULT TRUE
);
-- 7 +/- SELECT COUNT(*) FROM PUBLIC.STOCK_TEMPLATE;
INSERT INTO PUBLIC.STOCK_TEMPLATE(ID, TITLE, TITLE_FOR_ADMIN, DESCRIPTION, REPORT, STATUS, ADDED_BY, CTA) VALUES
(204, STRINGDECODE('\u0410\u043a\u0446\u0438\u044f 1'), STRINGDECODE('\u0410\u043a\u0446\u0438\u044f 1.2'), STRINGDECODE('\u041e\u043f\u0438\u0441\u0430\u043d\u0438\u0435'), 'Jnxtn', 4, 43394658, TRUE),
(236, STRINGDECODE('\u0410\u043a\u0446\u0438\u044f 2'), STRINGDECODE('\u0410\u043a\u0446\u0438\u044f 2 22.07'), STRINGDECODE('\u041e\u043f\u0438\u0441\u0430\u043d\u0438\u0435'), 'asdqwe', 4, 43394658, TRUE),
(237, STRINGDECODE('\u0410\u043a\u0446\u0438\u044f'), STRINGDECODE('\u0410\u041a\u0446\u0438\u044f'), STRINGDECODE('\u0444\u044b\u0432\u0439\u0446\u0443'), 'asdqwe', 4, 43394658, TRUE),
(238, STRINGDECODE('\u041d\u0430\u0437\u0432\u0430\u043d\u0438\u0435'), STRINGDECODE('\u041d\u0430\u0437\u0432\u0430\u043d\u0438\u0435 \u0434\u043b\u044f \u0430\u0434\u043c\u0438\u043d\u0430'), STRINGDECODE('\u041e\u043f\u0438\u0441\u0430\u043d\u0438\u0435'), NULL, 0, 43394658, TRUE),
(239, 'qwewqeqwe', 'weqwqe', 'qweqweqweqwe', NULL, 0, 43394658, TRUE),
(240, STRINGDECODE('\u0410\u0430\u0430'), STRINGDECODE('\u0411\u0431\u0431'), STRINGDECODE('\u041a\u043a\u043a'), NULL, 0, 43394658, TRUE),
(268, STRINGDECODE('\u041d\u0430\u0437\u0432\u0430\u043d\u0438\u0435 23.07.2017'), STRINGDECODE('\u041d\u0430\u0437\u0432\u0430\u043d\u0438\u0435 23.07.2017'), STRINGDECODE('\u041e\u043f\u0438\u0441\u0430\u043d\u0438\u0435'), NULL, 0, 43394658, FALSE);
CREATE CACHED TABLE PUBLIC.DATES(
    ID INT DEFAULT (NEXT VALUE FOR PUBLIC.SYSTEM_SEQUENCE_1A0F05EF_1E5A_4916_9601_072FDC3ECC56) NOT NULL NULL_TO_DEFAULT SEQUENCE PUBLIC.SYSTEM_SEQUENCE_1A0F05EF_1E5A_4916_9601_072FDC3ECC56,
    TYPE_OF_WORK_ID INT,
    DATE TEXT
);
ALTER TABLE PUBLIC.DATES ADD CONSTRAINT PUBLIC.CONSTRAINT_3 PRIMARY KEY(ID);
-- 27 +/- SELECT COUNT(*) FROM PUBLIC.DATES;
INSERT INTO PUBLIC.DATES(ID, TYPE_OF_WORK_ID, DATE) VALUES
(1, 1, '30.07'),
(2, 1, '29.07'),
(3, 2, '29.07'),
(4, 3, '30.07'),
(5, 3, '08.08'),
(6, 4, '07.08'),
(7, 4, '08.08'),
(8, 4, '13.08'),
(9, 5, '30.07'),
(10, 5, '08.08'),
(11, 6, '07.08'),
(12, 6, '08.08'),
(13, 6, '13.08'),
(14, 7, '30.07'),
(15, 7, '08.08'),
(16, 8, '07.08'),
(17, 8, '08.08'),
(18, 8, '13.08'),
(19, 9, '30.07'),
(20, 9, '27.07'),
(21, 10, '29.07'),
(22, 10, '30.07'),
(23, 10, '02.08'),
(24, 11, '07.08'),
(25, 12, '30.07'),
(26, 12, '29.07'),
(27, 13, '29.07');
CREATE CACHED TABLE PUBLIC.TYPE_OF_WORK(
    ID INT DEFAULT (NEXT VALUE FOR PUBLIC.SYSTEM_SEQUENCE_9DDE50AF_3F00_45FD_886C_8CDF46B1D878) NOT NULL NULL_TO_DEFAULT SEQUENCE PUBLIC.SYSTEM_SEQUENCE_9DDE50AF_3F00_45FD_886C_8CDF46B1D878,
    STOCK_ID INT,
    NAME TEXT,
    FINISHED BOOLEAN DEFAULT FALSE
);
ALTER TABLE PUBLIC.TYPE_OF_WORK ADD CONSTRAINT PUBLIC.CONSTRAINT_F PRIMARY KEY(ID);
-- 13 +/- SELECT COUNT(*) FROM PUBLIC.TYPE_OF_WORK;
INSERT INTO PUBLIC.TYPE_OF_WORK(ID, STOCK_ID, NAME, FINISHED) VALUES
(1, 3, '1', FALSE),
(2, 3, '2', FALSE),
(3, 4, '1', FALSE),
(4, 4, '2', FALSE),
(5, 5, '1', FALSE),
(6, 5, '2', FALSE),
(7, 6, '1', FALSE),
(8, 6, '2', FALSE),
(9, 7, STRINGDECODE('\u0420\u0430\u0431\u043e\u0442\u0430 1'), FALSE),
(10, 7, STRINGDECODE('\u0410\u0430\u0430\u0430'), FALSE),
(11, 7, STRINGDECODE('\u0420\u0430\u0431\u043e\u0442\u0430 3'), FALSE),
(12, 8, '1', FALSE),
(13, 8, '2', FALSE);
CREATE CACHED TABLE PUBLIC.GROUPS_OF_VOLUNTEERS(
    ID INT DEFAULT (NEXT VALUE FOR PUBLIC.SYSTEM_SEQUENCE_799DBAA1_7E85_4B40_9C90_7F6BBF19501F) NOT NULL NULL_TO_DEFAULT SEQUENCE PUBLIC.SYSTEM_SEQUENCE_799DBAA1_7E85_4B40_9C90_7F6BBF19501F,
    USER_ID INT,
    GROUP_ID INT,
    STOCK_ID INT
);
ALTER TABLE PUBLIC.GROUPS_OF_VOLUNTEERS ADD CONSTRAINT PUBLIC.CONSTRAINT_B PRIMARY KEY(ID);
-- 11 +/- SELECT COUNT(*) FROM PUBLIC.GROUPS_OF_VOLUNTEERS;
INSERT INTO PUBLIC.GROUPS_OF_VOLUNTEERS(ID, USER_ID, GROUP_ID, STOCK_ID) VALUES
(208, 133, 133, 3),
(209, 35, 35, 4),
(210, 133, 35, 4),
(211, 35, 35, 5),
(212, 133, 35, 5),
(213, 35, 35, 6),
(214, 133, 35, 6),
(215, 133, 133, 7),
(216, 35, 133, 7),
(217, 35, 35, 8),
(218, 133, 133, 8);
CREATE CACHED TABLE PUBLIC.USER_OF_LIST(
    ID INT DEFAULT (NEXT VALUE FOR PUBLIC.SYSTEM_SEQUENCE_1D102FBC_B346_46E0_92D8_0FCB56690D20) NOT NULL NULL_TO_DEFAULT SEQUENCE PUBLIC.SYSTEM_SEQUENCE_1D102FBC_B346_46E0_92D8_0FCB56690D20,
    NAME TEXT
);
ALTER TABLE PUBLIC.USER_OF_LIST ADD CONSTRAINT PUBLIC.CONSTRAINT_8 PRIMARY KEY(ID);
-- 5 +/- SELECT COUNT(*) FROM PUBLIC.USER_OF_LIST;
INSERT INTO PUBLIC.USER_OF_LIST(ID, NAME) VALUES
(1, STRINGDECODE('\u0421\u043f\u0438\u0441\u043e\u043a 1')),
(2, STRINGDECODE('\u0421\u043f\u0438\u0441\u043e\u043a 2')),
(3, STRINGDECODE('\u0421\u043f\u0438\u0441\u043e\u043a 3')),
(4, STRINGDECODE('\u0421\u043f\u0438\u0441\u043e\u043a')),
(5, 'Test');
CREATE CACHED TABLE PUBLIC.PARTICIPANT_USER_OF_LIST(
    ID INT DEFAULT (NEXT VALUE FOR PUBLIC.SYSTEM_SEQUENCE_EFC136C0_CBAC_45A0_94A8_64AD9B64488B) NOT NULL NULL_TO_DEFAULT SEQUENCE PUBLIC.SYSTEM_SEQUENCE_EFC136C0_CBAC_45A0_94A8_64AD9B64488B,
    USER_OF_LIST_ID INT,
    USER_ID INT
);
ALTER TABLE PUBLIC.PARTICIPANT_USER_OF_LIST ADD CONSTRAINT PUBLIC.CONSTRAINT_C PRIMARY KEY(ID);
-- 11 +/- SELECT COUNT(*) FROM PUBLIC.PARTICIPANT_USER_OF_LIST;
INSERT INTO PUBLIC.PARTICIPANT_USER_OF_LIST(ID, USER_OF_LIST_ID, USER_ID) VALUES
(1, 1, 133),
(2, 1, 35),
(3, 1, 35),
(4, 2, 133),
(5, 2, 67),
(6, 3, 133),
(7, 3, 67),
(8, 4, 133),
(9, 4, 102),
(10, 5, 133),
(11, 5, 35);
CREATE CACHED TABLE PUBLIC.STOCK(
    ID INT DEFAULT (NEXT VALUE FOR PUBLIC.SYSTEM_SEQUENCE_643CB524_47CA_47F0_9093_20A5C4DA98AE) NOT NULL NULL_TO_DEFAULT SEQUENCE PUBLIC.SYSTEM_SEQUENCE_643CB524_47CA_47F0_9093_20A5C4DA98AE,
    TITLE TEXT,
    TITLE_FOR_ADMIN TEXT,
    DESCRIPTION TEXT,
    REPORT TEXT,
    STATUS INT DEFAULT 0,
    ADDED_BY INT,
    CTA BOOLEAN DEFAULT TRUE
);
ALTER TABLE PUBLIC.STOCK ADD CONSTRAINT PUBLIC.CONSTRAINT_4B PRIMARY KEY(ID);
-- 4 +/- SELECT COUNT(*) FROM PUBLIC.STOCK;
INSERT INTO PUBLIC.STOCK(ID, TITLE, TITLE_FOR_ADMIN, DESCRIPTION, REPORT, STATUS, ADDED_BY, CTA) VALUES
(5, STRINGDECODE('\u0410\u0430\u0430'), STRINGDECODE('\u0411\u0431\u0431'), STRINGDECODE('\u041a\u043a\u043a'), NULL, 3, 43394658, TRUE),
(6, STRINGDECODE('\u0410\u0430\u0430'), STRINGDECODE('\u0411\u0431\u0431'), STRINGDECODE('\u041a\u043a\u043a'), NULL, 3, 43394658, TRUE),
(7, STRINGDECODE('\u041d\u0430\u0437\u0432\u0430\u043d\u0438\u0435'), STRINGDECODE('\u041d\u0430\u0437\u0432\u0430\u043d\u0438\u0435 \u0434\u043b\u044f \u0430\u0434\u043c\u0438\u043d\u0430'), STRINGDECODE('\u041e\u043f\u0438\u0441\u0430\u043d\u0438\u0435'), NULL, 3, 43394658, TRUE),
(8, 'qwewqeqwe', 'weqwqe', 'qweqweqweqwe', NULL, 3, 43394658, TRUE);