;              
CREATE USER IF NOT EXISTS USER SALT '887232d069cef144' HASH '48e4c6366cef99fb4e14856c18f5f0208d3c4a2fdfebdf14248dcd6c14214da2' ADMIN;          
CREATE USER IF NOT EXISTS SA SALT '35c43b30292bf35d' HASH '53b0bfde24f11e6c7a9f6597224fb7e18131787b22a569855668d5fb9c7a7a0e' ADMIN;
CREATE SEQUENCE PUBLIC.SYSTEM_SEQUENCE_8B856B3E_3A5B_4310_A36D_E523A74E75DF START WITH 132 BELONGS_TO_TABLE;
CREATE SEQUENCE PUBLIC.SYSTEM_SEQUENCE_ED1E2B59_BC22_4678_8842_74D5E3A638B4 START WITH 10805 BELONGS_TO_TABLE;
CREATE SEQUENCE PUBLIC.SYSTEM_SEQUENCE_AE29084E_DB11_4EAB_BC31_46E099B9D021 START WITH 2 BELONGS_TO_TABLE;
CREATE SEQUENCE PUBLIC.SYSTEM_SEQUENCE_4DC0278E_3498_45AA_95F2_9FD33A0AD873 START WITH 101 BELONGS_TO_TABLE;
CREATE SEQUENCE PUBLIC.SYSTEM_SEQUENCE_643CB524_47CA_47F0_9093_20A5C4DA98AE START WITH 179 BELONGS_TO_TABLE;
CREATE SEQUENCE PUBLIC.SYSTEM_SEQUENCE_1D102FBC_B346_46E0_92D8_0FCB56690D20 START WITH 138 BELONGS_TO_TABLE;
CREATE SEQUENCE PUBLIC.SYSTEM_SEQUENCE_342916C7_DD52_4664_A2EF_8F2919812BCF START WITH 340 BELONGS_TO_TABLE;
CREATE SEQUENCE PUBLIC.SYSTEM_SEQUENCE_799DBAA1_7E85_4B40_9C90_7F6BBF19501F START WITH 361 BELONGS_TO_TABLE;
CREATE SEQUENCE PUBLIC.SYSTEM_SEQUENCE_B0F0E7DA_72BD_4771_9CE5_01662CA4AC90 START WITH 413 BELONGS_TO_TABLE;
CREATE SEQUENCE PUBLIC.SYSTEM_SEQUENCE_B73E50AC_EAB2_41DD_B7B6_FD875CBE7A18 START WITH 65 BELONGS_TO_TABLE;
CREATE SEQUENCE PUBLIC.SYSTEM_SEQUENCE_5A7C955A_0390_4B75_B30B_05F484C409B3 START WITH 70 BELONGS_TO_TABLE;
CREATE SEQUENCE PUBLIC.SYSTEM_SEQUENCE_CAA373AC_8CD6_465B_9E65_277A7F18B915 START WITH 370 BELONGS_TO_TABLE;
CREATE SEQUENCE PUBLIC.SYSTEM_SEQUENCE_0524FAD8_9D75_4A6B_9AFF_D049FDA104FC START WITH 107 BELONGS_TO_TABLE;
CREATE SEQUENCE PUBLIC.SYSTEM_SEQUENCE_1A0F05EF_1E5A_4916_9601_072FDC3ECC56 START WITH 220 BELONGS_TO_TABLE;
CREATE SEQUENCE PUBLIC.SYSTEM_SEQUENCE_EFC136C0_CBAC_45A0_94A8_64AD9B64488B START WITH 150 BELONGS_TO_TABLE;
CREATE SEQUENCE PUBLIC.SYSTEM_SEQUENCE_59D277BC_F30F_4E65_8858_B9102BF39191 START WITH 615 BELONGS_TO_TABLE;
CREATE SEQUENCE PUBLIC.SYSTEM_SEQUENCE_BB0B9982_D725_4149_BAEB_B2AC571A334D START WITH 144 BELONGS_TO_TABLE;
CREATE SEQUENCE PUBLIC.SYSTEM_SEQUENCE_57F40813_8FF7_4177_8219_C3252CC204FC START WITH 74 BELONGS_TO_TABLE;
CREATE SEQUENCE PUBLIC.SYSTEM_SEQUENCE_14E438B1_012E_41EB_82FD_B81521F40C9B START WITH 431 BELONGS_TO_TABLE;
CREATE SEQUENCE PUBLIC.SYSTEM_SEQUENCE_EEDB880B_D82A_4C9E_B2D2_EDCA6F409462 START WITH 139 BELONGS_TO_TABLE;
CREATE SEQUENCE PUBLIC.SYSTEM_SEQUENCE_EDEB0ADB_3272_44BE_B5FB_D1F8A8B5D2C6 START WITH 65 BELONGS_TO_TABLE;
CREATE SEQUENCE PUBLIC.SYSTEM_SEQUENCE_B4702A03_183D_4D90_8B45_591BB62B42D0 START WITH 239 BELONGS_TO_TABLE;
CREATE SEQUENCE PUBLIC.SYSTEM_SEQUENCE_80B2E35D_DD11_4B44_86BE_160B5DB5AF2B START WITH 8 BELONGS_TO_TABLE;
CREATE SEQUENCE PUBLIC.SYSTEM_SEQUENCE_9DDE50AF_3F00_45FD_886C_8CDF46B1D878 START WITH 195 BELONGS_TO_TABLE;
CREATE CACHED TABLE PUBLIC.VOLUNTEERS_GROUP(
    ID INT DEFAULT (NEXT VALUE FOR PUBLIC.SYSTEM_SEQUENCE_BB0B9982_D725_4149_BAEB_B2AC571A334D) NOT NULL NULL_TO_DEFAULT SEQUENCE PUBLIC.SYSTEM_SEQUENCE_BB0B9982_D725_4149_BAEB_B2AC571A334D,
    USER_ID INT,
    CARS_ID INT,
    STOCK_ID INT
);
ALTER TABLE PUBLIC.VOLUNTEERS_GROUP ADD CONSTRAINT PUBLIC.CONSTRAINT_D PRIMARY KEY(ID);
-- 0 +/- SELECT COUNT(*) FROM PUBLIC.VOLUNTEERS_GROUP;
CREATE CACHED TABLE PUBLIC.USER(
    ID INT DEFAULT (NEXT VALUE FOR PUBLIC.SYSTEM_SEQUENCE_B4702A03_183D_4D90_8B45_591BB62B42D0) NOT NULL NULL_TO_DEFAULT SEQUENCE PUBLIC.SYSTEM_SEQUENCE_B4702A03_183D_4D90_8B45_591BB62B42D0,
    CHAT_ID INT NOT NULL,
    NAME TEXT NOT NULL,
    PHONE_NUMBER TEXT NOT NULL,
    CITY TEXT NOT NULL,
    SEX BOOLEAN NOT NULL,
    BIRTHDAY TEXT NOT NULL,
    RULES INT DEFAULT 0
);
ALTER TABLE PUBLIC.USER ADD CONSTRAINT PUBLIC.CONSTRAINT_2 PRIMARY KEY(ID);
-- 35 +/- SELECT COUNT(*) FROM PUBLIC.USER;
INSERT INTO PUBLIC.USER(ID, CHAT_ID, NAME, PHONE_NUMBER, CITY, SEX, BIRTHDAY, RULES) VALUES
(134, 43394658, STRINGDECODE('\u0422\u0443\u0441\u0443\u043f\u0431\u0435\u043a\u043e\u0432 \u0414\u0430\u043d\u0438\u043a'), '77011222339', STRINGDECODE('\u041a\u0430\u0440\u0430\u0433\u0430\u043d\u0434\u0430'), TRUE, '13.02.1997', 2),
(169, 336243307, STRINGDECODE('\u0421\u043e\u0432\u0435\u0442\u0445\u0430\u043d\u0443\u043b\u044b \u0421\u0430\u0431\u044b\u0440'), '77000200408', STRINGDECODE('\u041a\u0430\u0440\u0430\u0433\u0430\u043d\u0434\u0430'), TRUE, '09.02.1989', 3),
(170, 327014630, STRINGDECODE('\u0416\u0430\u043a\u0441\u0438\u043c\u0430\u043d\u043e\u0432 \u0410\u043d\u0443\u0430\u0440'), '87478747608', STRINGDECODE('\u0410\u043a\u043c\u043e\u043b\u0438\u043d\u0441\u043a\u0430\u044f \u043e\u0431\u043b.'), TRUE, '06.12.1998', 1),
(202, 192490984, STRINGDECODE('\u0421\u0430\u0433\u0438\u043d\u043e\u0432\u0430 \u0410\u0441\u0445\u0430\u0442'), '+77781115521', STRINGDECODE('\u041a\u0430\u0440\u0430\u0433\u0430\u043d\u0434\u0430'), TRUE, '17.08.1988', 1),
(203, 352330071, STRINGDECODE('\u041a\u0443\u0440\u0431\u0430\u043d\u043e\u0432 \u0424\u0430\u0440\u0443\u0445'), '77012881880', STRINGDECODE('\u0410\u0441\u0442\u0430\u043d\u0430'), TRUE, '02.02.1985', 1),
(204, 125446702, STRINGDECODE('\u0422\u0443\u0445\u0442\u0430\u0435\u0432 \u0421\u0430\u0438\u0434'), '7717774132', STRINGDECODE('\u041a\u0430\u0440\u0430\u0433\u0430\u043d\u0434\u0430'), TRUE, '18.06.1983', 1),
(205, 342099830, STRINGDECODE('\u0418\u0433\u0438\u043c\u0431\u0430\u0435\u0432 \u0422\u0438\u043c\u0443\u0440'), '77003048586', STRINGDECODE('\u041a\u0430\u0440\u0430\u0433\u0430\u043d\u0434\u0430'), TRUE, '04.10.1975', 1),
(206, 373912843, STRINGDECODE('\u0420\u043e\u043c\u0430\u043d\u043e\u0432 \u0418\u0433\u043e\u0440\u044c'), '87019514927', STRINGDECODE('\u041a\u0430\u0440\u0430\u0433\u0430\u043d\u0434\u0430'), TRUE, '27.10.1983', 1),
(207, 382068121, STRINGDECODE('\u041a\u0430\u0440\u0436\u0430\u0443\u0431\u0435\u043a\u043e\u0432 \u0410\u0441\u043b\u0430\u043d'), '+77017055896', STRINGDECODE('\u041a\u0430\u0440\u0430\u0433\u0430\u043d\u0434\u0430'), TRUE, '29.10.1984', 1),
(208, 397385324, STRINGDECODE('\u041f\u0430\u043a \u0413\u0430\u043b\u0438\u043d\u0430'), '+77089129208', STRINGDECODE('\u041a\u0430\u0440\u0430\u0433\u0430\u043d\u0434\u0430'), FALSE, '31.03.1984', 1),
(209, 258586026, STRINGDECODE('\u041a\u0443\u0430\u043d\u043e\u0432 \u0418\u0441\u0430'), '87756001136', STRINGDECODE('\u041a\u0430\u0440\u0430\u0433\u0430\u043d\u0434\u0430'), TRUE, '26.04.1994', 1),
(210, 430995019, 'Aukenov Askar', '87004831819', STRINGDECODE('\u041a\u0430\u0440\u0430\u0433\u0430\u043d\u0434\u0430'), TRUE, '07.08.1982', 1),
(211, 378893144, STRINGDECODE('\u041c\u0443\u0440\u0430\u0442\u043e\u0432 \u0414\u0430\u043c\u0438\u0440'), '+77012271931', STRINGDECODE('\u041a\u0430\u0440\u0430\u0433\u0430\u043d\u0434\u0430'), TRUE, '06.05.1986', 1),
(212, 441747410, STRINGDECODE('\u0410\u0445\u043c\u0435\u0442\u043e\u0432\u0430 \u0418\u0441\u043b\u0430\u043c'), '87752079999', STRINGDECODE('\u041a\u0430\u0440\u0430\u0433\u0430\u043d\u0434\u0430'), TRUE, '17.08.1988', 1),
(213, 302655165, STRINGDECODE('\u0410\u043c\u0440\u0435\u043d\u043e\u0432 \u0421\u0435\u0440\u0438\u043a'), '77713009927', STRINGDECODE('\u041a\u0430\u0440\u0430\u0433\u0430\u043d\u0434\u0430'), TRUE, '15.02.1985', 1),
(214, 208400897, STRINGDECODE('\u0414\u044e\u0441\u0435\u043c\u0431\u0438\u043d \u0410\u043d\u0443\u0430\u0440'), '+79872386250', STRINGDECODE('\u041a\u0430\u0440\u0430\u0433\u0430\u043d\u0434\u0430'), TRUE, '23.04.1985', 1),
(215, 354224825, STRINGDECODE('Salo \u0414\u044b\u0440\u044c\u044f'), '+77021913078', STRINGDECODE('\u041a\u0430\u0440\u0430\u0433\u0430\u043d\u0434\u0430'), FALSE, '24.06.1988', 1),
(216, 382565827, STRINGDECODE('\u0421\u0438\u043b\u044e\u043a\u043e\u0432 \u0412\u0438\u0442\u0430\u043b\u0438\u0439'), '77053323116', STRINGDECODE('\u041a\u0430\u0440\u0430\u0433\u0430\u043d\u0434\u0430'), TRUE, '04.04.1984', 1),
(217, 153777335, 'Zhumatay Bolat', '87023331117', STRINGDECODE('\u041a\u0430\u0440\u0430\u0433\u0430\u043d\u0434\u0430'), TRUE, '04.06.1976', 1);
INSERT INTO PUBLIC.USER(ID, CHAT_ID, NAME, PHONE_NUMBER, CITY, SEX, BIRTHDAY, RULES) VALUES
(219, 337872547, STRINGDECODE('\u0410\u043c\u0430\u043d\u0433\u0435\u043b\u044c\u0434\u044b \u0418\u0441\u043b\u0430\u043c'), '+77028362990', STRINGDECODE('\u041a\u0430\u0440\u0430\u0433\u0430\u043d\u0434\u0430'), TRUE, '20.12.1990', 1),
(220, 243809642, STRINGDECODE('\u0410\u0431\u0438\u043b\u043a\u0430\u0439\u0440\u043e\u0432 \u0410\u0434\u0438\u043b\u0435\u0442'), '87760490404', STRINGDECODE('\u041a\u0430\u0440\u0430\u0433\u0430\u043d\u0434\u0430'), TRUE, '09.09.1991', 1),
(221, 380278129, STRINGDECODE('\u0428\u0430\u043a\u0430\u0431\u0430\u0435\u0432 \u041c\u0435\u0439\u0440\u0430\u043c'), '87003748897', STRINGDECODE('\u041a\u0430\u0440\u0430\u0433\u0430\u043d\u0434\u0430'), TRUE, '06.11.1977', 1),
(222, 392292240, STRINGDECODE('\u0423\u0440\u0438\u043a\u0431\u0430\u0435\u0432 \u0414\u0430\u0443\u043b\u0435\u0442\u0436\u0430\u043d'), '87017958880', STRINGDECODE('\u041a\u0430\u0440\u0430\u0433\u0430\u043d\u0434\u0430'), TRUE, '29.10.1979', 1),
(223, 381920191, 'Apeis Asanali', '+77771347649', STRINGDECODE('\u041a\u0430\u0440\u0430\u0433\u0430\u043d\u0434\u0430'), TRUE, '12.12.1978', 1),
(224, 446709311, STRINGDECODE('\u0418\u0433\u0435\u043d\u0431\u0430\u0435\u0432 \u0422\u0438\u043c\u0443\u0440\u043b\u0430\u043d'), '87019761179', STRINGDECODE('\u041a\u0430\u0440\u0430\u0433\u0430\u043d\u0434\u0430'), TRUE, '27.04.1979', 1),
(225, 353613313, STRINGDECODE('\u041c\u0430\u0441\u043b\u0438\u0445\u043e\u0432\u0430 \u0410\u043d\u0430\u0441\u0442\u0430\u0441\u0438\u044f'), '87028607118', STRINGDECODE('\u041a\u0430\u0440\u0430\u0433\u0430\u043d\u0434\u0430'), FALSE, '26.11.1988', 1),
(226, 269408107, STRINGDECODE('\u0421\u0430\u0434\u044b\u043a\u043e\u0432 \u0410\u0441\u044b\u043b\u0445\u0430\u043d'), '87074223101', STRINGDECODE('\u041a\u0430\u0440\u0430\u0433\u0430\u043d\u0434\u0430'), TRUE, '23.05.1985', 1),
(227, 329521252, STRINGDECODE('\u018f\u0440\u0456\u043d \u0415\u0440\u0436\u0430\u043d'), '87019084620', STRINGDECODE('\u041a\u0430\u0440\u0430\u0433\u0430\u043d\u0434\u0430'), TRUE, '17.09.1979', 1),
(228, 310233243, STRINGDECODE('\u0410\u043c\u0438\u0440\u043e\u0432 \u041a\u0443\u0434\u0430\u0439\u0431\u0435\u0440\u0433\u0435\u043d'), '87075451474', STRINGDECODE('\u041a\u0430\u0440\u0430\u0433\u0430\u043d\u0434\u0430'), TRUE, '19.08.1974', 1),
(229, 438127493, 'Makash Daryn', '+77783088608', STRINGDECODE('\u041a\u0430\u0440\u0430\u0433\u0430\u043d\u0434\u0430'), TRUE, '16.03.1981', 1),
(234, 58557431, 'Mukashev Eldar', '+77076478830', STRINGDECODE('\u041a\u0430\u0440\u0430\u0433\u0430\u043d\u0434\u0430'), TRUE, '08.1990.1990', 1),
(235, 275557968, STRINGDECODE('\u0410\u0433\u044b\u043d\u0431\u0430\u0439 \u0410\u0439\u0431\u0430\u0440'), '87073029654', STRINGDECODE('\u041a\u0430\u0440\u0430\u0433\u0430\u043d\u0434\u0430'), TRUE, '27.10.1992', 1),
(236, 405490455, STRINGDECODE('\u0425\u0430\u0441\u0435\u043d\u043e\u0432 \u0422\u0430\u043b\u0433\u0430\u0442'), '77785482226', STRINGDECODE('\u041a\u0430\u0440\u0430\u0433\u0430\u043d\u0434\u0430'), TRUE, '13.10.1970', 1),
(237, 369279846, STRINGDECODE('\u041c\u0443\u043a\u0430\u0448\u0435\u0432\u0430 \u0421\u0430\u0443\u043b\u0435'), '+77003328290', STRINGDECODE('\u0422\u0435\u043c\u0438\u0440\u0442\u0430\u0443'), FALSE, '03.03.1982', 1),
(238, 245208262, STRINGDECODE('\u0417\u0430\u0432\u0430\u0434\u0441\u043a\u0430\u044f \u042e\u043b\u0438\u044f'), '77711926466', STRINGDECODE('\u041a\u0430\u0440\u0430\u0433\u0430\u043d\u0434\u0430'), FALSE, '10.10.1975', 1);
CREATE CACHED TABLE PUBLIC.PARTICIPANTS_OF_STOCK(
    ID INT DEFAULT (NEXT VALUE FOR PUBLIC.SYSTEM_SEQUENCE_59D277BC_F30F_4E65_8858_B9102BF39191) NOT NULL NULL_TO_DEFAULT SEQUENCE PUBLIC.SYSTEM_SEQUENCE_59D277BC_F30F_4E65_8858_B9102BF39191,
    TYPE_OF_WORK_ID INT,
    USER_ID INT,
    DATES_ID INT,
    FINISHED BOOLEAN DEFAULT FALSE
);
-- 9 +/- SELECT COUNT(*) FROM PUBLIC.PARTICIPANTS_OF_STOCK;
INSERT INTO PUBLIC.PARTICIPANTS_OF_STOCK(ID, TYPE_OF_WORK_ID, USER_ID, DATES_ID, FINISHED) VALUES
(535, 153, 373912843, 167, FALSE),
(536, 152, 380278129, 165, FALSE),
(537, 153, 302655165, 166, FALSE),
(538, 154, 373912843, 168, FALSE),
(567, 184, 373912843, 199, FALSE),
(568, 185, 373912843, 201, FALSE),
(569, 184, 302655165, 197, FALSE),
(570, 185, 336243307, 200, FALSE),
(571, 184, 43394658, 198, FALSE);
CREATE CACHED TABLE PUBLIC.MESSAGE(
    ID INT NOT NULL,
    TEXT TEXT,
    PHOTO TEXT,
    KEYBOARD_ID INT
);
ALTER TABLE PUBLIC.MESSAGE ADD CONSTRAINT PUBLIC.CONSTRAINT_63 PRIMARY KEY(ID);
-- 158 +/- SELECT COUNT(*) FROM PUBLIC.MESSAGE;
INSERT INTO PUBLIC.MESSAGE(ID, TEXT, PHOTO, KEYBOARD_ID) VALUES
(1, STRINGDECODE('\u0427\u0442\u043e\u0431\u044b \u043f\u0440\u043e\u0434\u043e\u043b\u0436\u0438\u0442\u044c \u043d\u0443\u0436\u043d\u043e \u0437\u0430\u0440\u0435\u0433\u0438\u0441\u0442\u0440\u0438\u0440\u043e\u0432\u0430\u0442\u044c\u0441\u044f'), NULL, 1),
(2, STRINGDECODE('\u0413\u043b\u0430\u0432\u043d\u043e\u0435 \u043c\u0435\u043d\u044e'), NULL, 3),
(3, STRINGDECODE('\u0421\u043b\u0435\u0434\u0438\u0442\u0435 \u0437\u0430 \u043d\u0430\u0448\u0438\u043c\u0438 \u043d\u043e\u0432\u043e\u0441\u0442\u044f\u043c\u0438 \u0432 \u0441\u043e\u0446\u0438\u0430\u043b\u044c\u043d\u044b\u0445 \u0441\u0435\u0442\u044f\u0445!'), NULL, 12),
(4, STRINGDECODE('\u041f\u043e \u0440\u043d\u0440\u043b\u0448\u043e'), NULL, 0),
(5, STRINGDECODE('Hi! \ud83d\udc4b\ud83d\udc4b\ud83d\udc4b\ud83d\udc4b'), NULL, 0),
(6, STRINGDECODE('\u0413\u043b\u0430\u0432\u043d\u043e\u0435 \u043c\u0435\u043d\u044e'), NULL, 3),
(7, STRINGDECODE('\u041c\u0435\u043d\u044e \u0430\u0434\u043c\u0438\u043d\u0438\u0441\u0442\u0440\u0430\u0442\u043e\u0440\u0430'), NULL, 7),
(10, STRINGDECODE('\u0412\u044b\u0431\u0435\u0440\u0438\u0442\u0435 \u043f\u043e\u043b'), NULL, 2),
(11, STRINGDECODE('\u041f\u043e\u0436\u0430\u043b\u0443\u0439\u0441\u0442\u0430, \u0432\u0432\u0435\u0434\u0438\u0442\u0435 \u0412\u0430\u0448\u0443 \u0444\u0430\u043c\u0438\u043b\u0438\u044e \u043d\u0430 \u043a\u0438\u0440\u0438\u043b\u043b\u0438\u0446\u0435'), NULL, 10),
(12, STRINGDECODE('\u0412\u044b\u0431\u0435\u0440\u0438\u0442\u0435 \u0433\u043e\u0434 \u0440\u043e\u0436\u0434\u0435\u043d\u0438\u044f (\u0434\u0435\u0441\u044f\u0442\u0438\u043b\u0435\u0442\u0438\u0435)'), NULL, 10),
(13, STRINGDECODE('\u0413\u0434\u0435 \u0432\u044b \u043f\u0440\u043e\u0436\u0438\u0432\u0430\u0435\u0442\u0435?'), NULL, 37),
(14, STRINGDECODE('\u041e\u0442\u043f\u0440\u0430\u0432\u044c\u0442\u0435 \u0441\u0432\u043e\u0439 \u043d\u043e\u043c\u0435\u0440 \u0442\u0435\u043b\u0435\u0444\u043e\u043d\u0430'), NULL, 27),
(15, STRINGDECODE('\u0412\u0430\u0448\u0430 \u043a\u0430\u043d\u0434\u0438\u0434\u0430\u0442\u0443\u0440\u0430 \u043e\u0434\u043e\u0431\u0440\u0435\u043d\u0430! \u0427\u0442\u043e\u0431\u044b \u0432\u043e\u0439\u0442\u0438 \u0432 \u0433\u043b\u0430\u0432\u043d\u043e\u0435 \u043c\u0435\u043d\u044e, \u043d\u0430\u043f\u0438\u0448\u0438\u0442\u0435 /start'), NULL, 0),
(16, STRINGDECODE('\u041f\u043e\u0436\u0430\u043b\u0443\u0439\u0441\u0442\u0430, \u0432\u0432\u0435\u0434\u0438\u0442\u0435 \u0412\u0430\u0448\u0435 \u0438\u043c\u044f \u043d\u0430 \u043a\u0438\u0440\u0438\u043b\u043b\u0438\u0446\u0435'), NULL, 10),
(18, STRINGDECODE('\u0412\u044b\u0431\u0435\u0440\u0438\u0442\u0435 \u043c\u0435\u0441\u044f\u0446'), NULL, 0),
(19, STRINGDECODE('\u0412\u044b\u0431\u0435\u0440\u0438\u0442\u0435 \u0434\u0435\u043d\u044c'), NULL, 0),
(20, STRINGDECODE('\u041b\u0438\u0447\u043d\u044b\u0439 \u043a\u0430\u0431\u0438\u043d\u0435\u0442'), NULL, 4),
(21, STRINGDECODE('\u0417\u0430\u0434\u0430\u043d\u0438\u0438 \u043d\u0435\u0442'), NULL, 0),
(22, STRINGDECODE('\u0412\u044b\u0431\u0435\u0440\u0438\u0442\u0435 \u0437\u0430\u0434\u0430\u043d\u0438\u044f'), NULL, 5),
(23, STRINGDECODE('\u041d\u0430\u043f\u0438\u0448\u0438\u0442\u0435 \u043e\u0442\u0447\u0435\u0442'), NULL, 10),
(24, STRINGDECODE('\u041d\u043e\u0432\u0430\u044f \u0430\u043a\u0446\u0438\u044f'), NULL, 9),
(25, STRINGDECODE('\u0414\u0430\u043d\u043d\u044b\u0435 \u0443\u0441\u043f\u0435\u0448\u043d\u043e \u043e\u0431\u043d\u043e\u0432\u043b\u0435\u043d\u044b'), NULL, 0),
(30, STRINGDECODE('\u0412\u0432\u0435\u0434\u0438\u0442\u0435 \u043d\u0430\u0437\u0432\u0430\u043d\u0438\u0435 \u0430\u043a\u0446\u0438\u0438'), NULL, 10),
(31, STRINGDECODE('\u0412\u0432\u0435\u0434\u0438\u0442\u0435 \u043d\u0430\u0437\u0432\u0430\u043d\u0438\u0435 \u0430\u043a\u0446\u0438\u0438 \u0434\u043b\u044f \u0430\u0434\u043c\u0438\u043d\u0430'), NULL, 0),
(32, STRINGDECODE('\u0412\u0432\u0435\u0434\u0438\u0442\u0435 \u043e\u043f\u0438\u0441\u0430\u043d\u0438\u0435'), NULL, 0),
(33, STRINGDECODE('\u0412\u0432\u0435\u0434\u0438\u0442\u0435 \u0432\u0438\u0434 \u0440\u0430\u0431\u043e\u0442\u044b'), NULL, 0);
INSERT INTO PUBLIC.MESSAGE(ID, TEXT, PHOTO, KEYBOARD_ID) VALUES
(34, STRINGDECODE('\u0412\u0432\u0435\u0434\u0438\u0442\u0435 \u0434\u0430\u0442\u0443'), NULL, 0),
(35, STRINGDECODE('\u0412\u044b\u0431\u0435\u0440\u0438\u0442\u0435 \u043a\u043e\u043c\u0430\u043d\u0434\u0443'), NULL, 8),
(36, STRINGDECODE('\u0417\u0430\u0433\u0440\u0443\u0436\u0430\u044e...'), NULL, 0),
(37, STRINGDECODE('\u0412\u044b\u0431\u0435\u0440\u0438\u0442\u0435 \u0430\u043a\u0446\u0438\u044e'), NULL, 0),
(38, STRINGDECODE('\u0412\u044b\u0431\u0435\u0440\u0438\u0442\u0435 \u0434\u0430\u0442\u0443'), NULL, 0),
(39, STRINGDECODE('\u0413\u043e\u0442\u043e\u0432\u043e!'), NULL, 7),
(40, STRINGDECODE('\u0413\u043e\u0442\u043e\u0432\u043e'), NULL, 0),
(41, STRINGDECODE('\u0412\u044b\u0431\u0435\u0440\u0438\u0442\u0435 \u0437\u0430\u0434\u0430\u043d\u0438\u0435'), NULL, 0),
(42, STRINGDECODE('\u0414\u043b\u044f \u043a\u043e\u0433\u043e \u0440\u0430\u0441\u0441\u044b\u043b\u043a\u0430'), NULL, 13),
(43, STRINGDECODE('\u0420\u0430\u0441\u0441\u044b\u043b\u043a\u0430 \u043e\u0442 \u0430\u0434\u043c\u0438\u043d\u0430'), NULL, 0),
(44, STRINGDECODE('\u0412\u0432\u0435\u0434\u0438\u0442\u0435 \u0441\u043e\u043e\u0431\u0449\u0435\u043d\u0438\u0435'), NULL, 0),
(45, STRINGDECODE('\u041d\u0435\u0442 \u0434\u0435\u0439\u0441\u0442\u0432\u0443\u044e\u0449\u0438\u0445 \u0430\u043a\u0446\u0438\u0438'), NULL, 0),
(46, STRINGDECODE('\u0412\u044b\u0431\u0435\u0440\u0438\u0442\u0435 \u0430\u043a\u0446\u0438\u044e'), NULL, 0),
(47, STRINGDECODE('\u0410\u043a\u0446\u0438\u044f'), NULL, 0),
(48, STRINGDECODE('\u0412\u044b\u0431\u0435\u0440\u0438\u0442\u0435 \u0440\u0430\u0431\u043e\u0442\u0443'), NULL, 0),
(49, STRINGDECODE('\u041d\u0435\u0442 \u0432\u043e\u043b\u043e\u043d\u0442\u0435\u0440\u043e\u0432, \u0443\u0447\u0430\u0441\u0442\u0432\u0443\u044e\u0449\u0438\u0445 \u0432 \u0434\u0430\u043d\u043d\u043e\u043c \u0437\u0430\u0434\u0430\u043d\u0438\u0438'), NULL, 0),
(50, STRINGDECODE('\u041d\u0430\u0447\u0438\u043d\u0430\u044e \u0440\u0430\u0441\u0441\u044b\u043b\u043a\u0443...'), NULL, 0),
(51, STRINGDECODE('\u0420\u0430\u0441\u0441\u044b\u043b\u043a\u0430 \u0437\u0430\u043a\u043e\u043d\u0447\u0435\u043d\u0430!'), NULL, 7),
(52, STRINGDECODE('\u041d\u0435\u0442 \u0432\u043e\u043b\u043e\u043d\u0442\u0435\u0440\u043e\u0432, \u0443\u0447\u0430\u0441\u0442\u0432\u0443\u044e\u0449\u0438\u0445 \u0432 \u0430\u043a\u0446\u0438\u0438'), NULL, 0),
(53, STRINGDECODE('\u041c\u0435\u043d\u044e \u0430\u043a\u0446\u0438\u0438'), NULL, 14),
(54, STRINGDECODE('\u0427\u0442\u043e \u0431\u0443\u0434\u0435\u043c \u0440\u0435\u0434\u0430\u043a\u0442\u0438\u0440\u043e\u0432\u0430\u0442\u044c?'), NULL, 17),
(55, STRINGDECODE('\u0412\u0432\u0435\u0434\u0438\u0442\u0435 \u0442\u0435\u043a\u0441\u0442'), NULL, 0),
(56, STRINGDECODE('\u0412\u0432\u0435\u0434\u0438\u0442\u0435 \u0441\u0441\u044b\u043b\u043a\u0443'), NULL, 0),
(57, STRINGDECODE('\u0412\u044b \u0443\u0436\u0435 \u0443\u0447\u0430\u0441\u0442\u0432\u0443\u0435\u0442\u0435 \u0432 \u0434\u0430\u043d\u043d\u043e\u0439 \u0440\u0430\u0431\u043e\u0442\u0435'), NULL, 0),
(58, STRINGDECODE('\u0410\u043a\u0446\u0438\u044f \u043d\u0430\u0447\u0430\u043b\u0430\u0441\u044c!'), NULL, 18),
(59, STRINGDECODE('\u0412\u044b \u043d\u0430 \u043c\u0430\u0448\u0438\u043d\u0435?'), NULL, 19),
(60, STRINGDECODE('\u0412\u0432\u0435\u0434\u0438\u0442\u0435 \u043d\u043e\u043c\u0435\u0440 \u0438 \u043c\u0430\u0440\u043a\u0443 \u043c\u0430\u0448\u0438\u043d\u044b'), NULL, 0),
(61, STRINGDECODE('\u041e\u0436\u0438\u0434\u0430\u0439\u0442\u0435...'), NULL, 0),
(62, STRINGDECODE('\u0420\u0430\u0437\u0434\u0430\u0442\u044c \u0441\u043f\u0438\u0441\u043e\u043a \u043c\u0430\u0448\u0438\u043d?'), NULL, 20),
(63, STRINGDECODE('\u0412\u044b\u0431\u0435\u0440\u0438\u0442\u0435 \u043c\u0430\u0448\u0438\u043d\u0443'), NULL, 21),
(64, STRINGDECODE('\u0421\u043f\u0438\u0441\u043a\u0438 \u0441\u0435\u043c\u0435\u0439'), NULL, 22),
(65, STRINGDECODE('\u0421\u043a\u043e\u043b\u044c\u043a\u043e \u0441\u0435\u043c\u0435\u0439 \u0432\u044b \u0445\u043e\u0442\u0438\u0442\u0435?'), NULL, 0);
INSERT INTO PUBLIC.MESSAGE(ID, TEXT, PHOTO, KEYBOARD_ID) VALUES
(66, STRINGDECODE('\u0420\u0430\u0437\u0434\u0430\u0442\u044c \u0441\u043f\u0438\u0441\u043e\u043a \u0441\u0435\u043c\u0435\u0439?'), NULL, 24),
(67, STRINGDECODE('\u0417\u0430\u0432\u0435\u0440\u0448\u0438\u0442\u044c \u0430\u043a\u0446\u0438\u044e?'), NULL, 25),
(68, STRINGDECODE('\u041a\u0430\u043b\u0435\u043d\u0434\u0430\u0440\u044c \u0441\u043e\u0431\u044b\u0442\u0438\u0439'), NULL, 26),
(69, STRINGDECODE('\u041d\u0435\u0447\u0435\u0433\u043e \u043f\u043e\u043a\u0430\u0437\u044b\u0432\u0430\u0442\u044c'), NULL, 0),
(70, STRINGDECODE('\u0412\u044b\u0431\u0435\u0440\u0438\u0442\u0435 \u0432\u043e\u043b\u043e\u043d\u0442\u0435\u0440\u043e\u0432'), NULL, 28),
(71, STRINGDECODE('\u0412\u044b\u0431\u0435\u0440\u0438\u0442\u0435 \u0441\u0435\u043c\u044c\u0438'), NULL, 29),
(72, STRINGDECODE('\u0410\u0432\u0442\u043e\u043c\u0430\u0442\u0438\u0447\u0435\u0441\u043a\u0438\u0439 \u0438\u043b\u0438 \u0440\u0443\u0447\u043d\u043e\u0439 \u0440\u0435\u0436\u0438\u043c?'), NULL, 30),
(73, STRINGDECODE('\u0423\u043f\u0440\u0430\u0432\u043b\u0435\u043d\u0438\u0435 \u0430\u0434\u043c\u0438\u043d\u0430\u043c\u0438'), NULL, 31),
(74, STRINGDECODE('\u0412\u044b\u0431\u0435\u0440\u0438\u0442\u0435 \u043f\u043e\u043b\u044c\u0437\u043e\u0432\u0430\u0442\u0435\u043b\u044f'), NULL, 10),
(75, STRINGDECODE('\u041d\u0430\u043f\u0438\u0448\u0438\u0442\u0435 \u043e\u0442\u0447\u0435\u0442'), NULL, 0),
(76, STRINGDECODE('\u041d\u0430\u0447\u0438\u043d\u0430\u0435\u043c \u0430\u043a\u0446\u0438\u044e!'), NULL, 32),
(77, STRINGDECODE('\u0427\u0442\u043e \u0438\u0437\u043c\u0435\u043d\u044f\u0435\u043c?'), NULL, 34),
(78, STRINGDECODE('\u0412\u0432\u0435\u0434\u0438\u0442\u0435 \u043d\u043e\u0432\u0443\u044e \u0438\u043d\u0444\u043e\u0440\u043c\u0430\u0446\u0438\u044e'), NULL, 10),
(79, STRINGDECODE('\u041e\u043f\u0438\u0441\u0430\u043d\u0438\u0435'), NULL, 0),
(80, STRINGDECODE('\u0410\u043a\u0446\u0438\u044f \u0437\u0430\u0432\u0435\u0440\u0448\u0435\u043d\u0430'), NULL, 0),
(81, STRINGDECODE('\u0412\u0430\u043c \u043f\u043e\u043d\u0440\u0430\u0432\u0438\u043b\u0430\u0441\u044c \u0430\u043a\u0446\u0438\u044f?'), NULL, 35),
(82, STRINGDECODE('\u0412\u0430\u0448\u0438 \u043f\u043e\u0436\u0435\u043b\u0430\u043d\u0438\u044f'), NULL, 36),
(83, STRINGDECODE('\u0421\u043f\u0430\u0441\u0438\u0431\u043e \u0437\u0430 \u0432\u0430\u0448 \u043e\u0442\u0437\u044b\u0432!'), NULL, 0),
(84, STRINGDECODE('\u041d\u0435\u0442 \u0440\u0435\u0437\u0443\u043b\u044c\u0442\u0430\u0442\u043e\u0432'), NULL, 0),
(85, STRINGDECODE('\u0420\u0435\u0439\u0442\u0438\u043d\u0433: '), NULL, 0),
(86, STRINGDECODE('\u0412\u044b\u0431\u0435\u0440\u0438\u0442\u0435 \u043c\u0438\u043d\u0438\u043c\u0443\u043c 1 \u0432\u043e\u043b\u043e\u043d\u0442\u0435\u0440\u0430'), NULL, 0),
(87, STRINGDECODE('\u0412\u044b\u0431\u0435\u0440\u0438\u0442\u0435 \u043c\u0438\u043d\u0438\u043c\u0443\u043c 1 \u0441\u0435\u043c\u044c\u044e'), NULL, 0),
(88, STRINGDECODE('\u041e\u0442\u0447\u0435\u0442\u044b'), NULL, 0),
(89, STRINGDECODE('\u0417\u0430\u0434\u0430\u043d\u0438\u0435'), NULL, 0),
(90, STRINGDECODE('\u041e\u0442\u0447\u0435\u0442'), NULL, 0),
(91, STRINGDECODE('\u0420\u0430\u0441\u0441\u044b\u043b\u0430\u0435\u043c \u043e\u043f\u0440\u043e\u0441...'), NULL, 0),
(92, STRINGDECODE('\u0412\u044b \u0432\u044b\u043f\u043e\u043b\u043d\u0438\u043b\u0438 \u0437\u0430\u0434\u0430\u043d\u0438\u0435!'), NULL, 0),
(93, STRINGDECODE('\u0412\u044b\u0431\u0435\u0440\u0438\u0442\u0435 \u043c\u0430\u0448\u0438\u043d\u0443'), NULL, 0),
(94, STRINGDECODE('\u041e\u0434\u0438\u043d \u0438\u0437 \u0443\u0447\u0430\u0441\u0442\u043d\u0438\u043a\u043e\u0432 \u0433\u0440\u0443\u043f\u043f\u044b \u0443\u0436\u0435 \u0432\u044b\u0431\u0440\u0430\u043b \u043a\u043e\u043b\u0438\u0447\u0435\u0441\u0442\u0432\u043e \u0441\u0435\u043c\u0435\u0439 - '), NULL, 0),
(95, STRINGDECODE('\u0441\u0435\u043c\u0435\u0439 \u0435\u0449\u0435 \u043e\u0441\u0442\u0430\u043b\u043e\u0441\u044c'), NULL, 0),
(96, STRINGDECODE('\u0410\u0434\u0440\u0435\u0441: '), NULL, 0),
(97, STRINGDECODE('\u0422\u0435\u043b\u0435\u0444\u043e\u043d: '), NULL, 0);
INSERT INTO PUBLIC.MESSAGE(ID, TEXT, PHOTO, KEYBOARD_ID) VALUES
(98, STRINGDECODE('\u0410\u043a\u0446\u0438\u044f \u0443\u0436\u0435 \u043d\u0430\u0447\u0430\u043b\u0430\u0441\u044c, \u0447\u0442\u043e\u0431\u044b \u0435\u0435 \u0437\u0430\u0432\u0435\u0440\u0448\u0438\u0442\u044c, \u043d\u0430\u0436\u043c\u0438\u0442\u0435 \u043a\u043d\u043e\u043f\u043a\u0443 \"\u0417\u0430\u0432\u0435\u0440\u0448\u0438\u0442\u044c \u0430\u043a\u0446\u0438\u044e\"'), NULL, 0),
(99, STRINGDECODE('\u0418\u043c\u0435\u043d\u043d\u043e \u043a\u0430\u043a\u043e\u0439 \u0433\u043e\u0434?'), NULL, 0),
(100, STRINGDECODE('\u0412\u044b\u0431\u0435\u0440\u0438\u0442\u0435 \u043c\u0435\u0441\u044f\u0446'), NULL, 0),
(101, STRINGDECODE('\u0412\u044b\u0431\u0435\u0440\u0438\u0442\u0435 \u0434\u0435\u043d\u044c'), NULL, 0),
(102, STRINGDECODE('\u0412\u044b\u0431\u0435\u0440\u0438\u0442\u0435 \u0442\u0438\u043f'), NULL, 39),
(103, STRINGDECODE('\u0412\u0432\u0435\u0434\u0438\u0442\u0435 \u043d\u0430\u0437\u0432\u0430\u043d\u0438\u0435'), NULL, 10),
(104, STRINGDECODE('\u0412\u044b \u0437\u0430\u043f\u0438\u0441\u0430\u043b\u0438\u0441\u044c \u043d\u0430 \u0430\u043a\u0446\u0438\u044e: '), NULL, 0),
(105, STRINGDECODE('\u0414\u0430\u0442\u0430: '), NULL, 0),
(106, STRINGDECODE('\u041a\u0430\u043a \u0432\u044b \u0434\u0443\u043c\u0430\u0435\u0442\u0435, \u0435\u0441\u0442\u044c \u043b\u0438 \u0441\u0440\u0435\u0434\u0438 \u0442\u0435\u0445 \u0441\u0435\u043c\u0435\u0439, \u043a\u043e\u0442\u043e\u0440\u044b\u043c \u0412\u044b \u043f\u043e\u043c\u043e\u0433\u043b\u0438, \u0443 \u043a\u043e\u0433\u043e \u0441\u043e\u0441\u0442\u043e\u044f\u043d\u0438\u0435 \u0434\u043e\u0432\u043e\u043b\u044c\u043d\u043e \u043d\u0435\u043f\u043b\u043e\u0445\u043e\u0435 - \u043d\u0435 \u043d\u0443\u0436\u0434\u0430\u044e\u0442\u0441\u044f \u0432 \u043d\u0430\u0448\u0435\u0439 \u043f\u043e\u043c\u043e\u0449\u0438?'), NULL, 19),
(107, STRINGDECODE('\u0415\u0441\u0442\u044c \u043b\u0438 \u0441\u0435\u043c\u044c\u0438, \u043a\u043e\u0442\u043e\u0440\u044b\u0435 \u0412\u0430\u043c \u0441\u0438\u043b\u044c\u043d\u043e \u043f\u043e\u043d\u0440\u0430\u0432\u0438\u043b\u0438\u0441\u044c? \u0421\u0435\u043c\u044c\u0438, \u043a\u043e\u0442\u043e\u0440\u044b\u0435, \u043f\u043e \u0432\u0430\u0448\u0435\u043c\u0443 \u043c\u043d\u0435\u043d\u0438\u044e, \u043d\u0435 \u043e\u043f\u0443\u0441\u0442\u0438\u043b\u0438 \u0440\u0443\u043a\u0438 \u0438 \u0441\u0442\u0430\u0440\u0430\u044e\u0442\u0441\u044f \u0438\u0437\u043c\u0435\u043d\u0438\u0442\u044c \u043f\u043e\u043b\u043e\u0436\u0435\u043d\u0438\u0435 \u0434\u0435\u043b?'), NULL, 19),
(108, STRINGDECODE('\u0415\u0441\u0442\u044c \u043b\u0438 \u0441\u0435\u043c\u044c\u0438, \u043a\u043e\u0442\u043e\u0440\u044b\u0435 \u0412\u0430\u043c \u041d\u0415 \u043f\u043e\u043d\u0440\u0430\u0432\u0438\u043b\u0438\u0441\u044c, \u0441\u0435\u043c\u044c\u0438, \u043a\u043e\u0442\u043e\u0440\u044b\u0435, \u043f\u043e \u0432\u0430\u0448\u0435\u043c\u0443 \u043c\u043d\u0435\u043d\u0438\u044e, \u0431\u0435\u0437\u0434\u0435\u0439\u0441\u0442\u0432\u0443\u044e\u0442 \u0438 \u043d\u0435 \u0441\u0442\u0430\u0440\u0430\u044e\u0442\u0441\u044f \u0438\u0437\u043c\u0435\u043d\u0438\u0442\u044c \u043f\u043e\u043b\u043e\u0436\u0435\u043d\u0438\u0435 \u0434\u0435\u043b?'), NULL, 19),
(109, STRINGDECODE('\u0425\u043e\u0442\u0435\u043b\u0438 \u0431\u044b \u0412\u044b \u043e\u0442\u043f\u0440\u0430\u0432\u0438\u0442\u044c \u043a\u043e\u043c\u0435\u043d\u0442\u0430\u0440\u0438\u0438 \u043a \u043e\u043f\u0440\u0435\u0434\u0435\u043b\u0435\u043d\u043d\u043e\u0439 \u0441\u0435\u043c\u044c\u0435?'), NULL, 19),
(110, STRINGDECODE('\u0421\u043f\u0430\u0441\u0438\u0431\u043e! \u041d\u0430\u043c \u0432\u0430\u0436\u043d\u043e \u0412\u0430\u0448\u0435 \u043c\u043d\u0435\u043d\u0438\u0435!'), NULL, 3),
(111, STRINGDECODE('\u0412\u0432\u0435\u0434\u0438\u0442\u0435 \u043d\u0430\u0437\u0432\u0430\u043d\u0438\u0435 \u0441\u043f\u0438\u0441\u043a\u0430'), NULL, 0),
(112, STRINGDECODE('\u041d\u0430\u043f\u0438\u0448\u0438\u0442\u0435 \u043a\u043e\u043c\u043c\u0435\u043d\u0442\u0430\u0440\u0438\u0439'), NULL, 0);
INSERT INTO PUBLIC.MESSAGE(ID, TEXT, PHOTO, KEYBOARD_ID) VALUES
(113, STRINGDECODE('\u0421\u0435\u043c\u0435\u0439 \u0431\u043e\u043b\u044c\u0448\u0435 \u043d\u0435\u0442'), NULL, 3),
(114, STRINGDECODE('\u0412\u043e\u043b\u043e\u043d\u0442\u0435\u0440\u044b: '), NULL, 0),
(115, STRINGDECODE('\u0421\u0435\u043c\u044c\u0438: '), NULL, 0),
(116, STRINGDECODE('\u0412\u044b\u0431\u0435\u0440\u0438\u0442\u0435 \u0441\u043f\u0438\u0441\u043e\u043a'), NULL, 0),
(117, STRINGDECODE('\u0412\u044b\u0431\u0435\u0440\u0438\u0442\u0435'), NULL, 42),
(118, STRINGDECODE('\u0412\u044b\u0431\u0435\u0440\u0438\u0442\u0435 \u0442\u0438\u043f \u0441\u043a\u0440\u0438\u043f\u0442\u0430'), NULL, 43),
(119, STRINGDECODE('\u0412\u044b\u0431\u0435\u0440\u0438\u0442\u0435 \u0441\u043a\u0440\u0438\u043f\u0442'), NULL, 0),
(120, STRINGDECODE('\u041f\u0440\u0438\u043c\u0438\u0442\u0435 \u0443\u0447\u0430\u0441\u0442\u0438\u0435 \u0432 \u0430\u043a\u0446\u0438\u0438?'), NULL, 45),
(121, STRINGDECODE('\u0416\u0434\u0435\u043c \u0412\u0430\u0441 \u0432 \u0431\u0443\u0434\u0443\u0449\u0438\u0445 \u0430\u043a\u0446\u0438\u044f\u0445!'), NULL, 3),
(122, STRINGDECODE('\u0412\u044b \u043f\u043e\u0434\u0442\u0432\u0435\u0440\u0436\u0434\u0430\u0435\u0442\u0435, \u0447\u0442\u043e \u0441\u0435\u043c\u044c\u0435 \u0431\u044b\u043b\u0430 \u043e\u043a\u0430\u0437\u0430\u043d\u0430 \u043f\u043e\u043c\u043e\u0449\u044c?'), NULL, 46),
(123, STRINGDECODE('\u0425\u043e\u0442\u0438\u0442\u0435 \u043e\u0442\u043f\u0440\u0430\u0432\u0438\u0442\u044c \u043e\u0442\u0447\u0435\u0442?'), NULL, 47),
(124, STRINGDECODE('\u041f\u0440\u0438\u0447\u0438\u043d\u0430 \u043e\u0442\u043a\u0430\u0437\u0430'), NULL, 48),
(125, STRINGDECODE('\u041d\u0435 \u0437\u0430\u0432\u0435\u0440\u0448\u0435\u043d'), NULL, 0),
(126, STRINGDECODE('\u0417\u0430\u0432\u0435\u0440\u0448\u0435\u043d'), NULL, 0),
(127, STRINGDECODE('\u0418\u0445 \u043d\u0435\u0442 \u0434\u043e\u043c\u0430'), NULL, 0),
(128, STRINGDECODE('\u041d\u0435\u0432\u0435\u0440\u043d\u044b\u0439 \u0430\u0434\u0440\u0435\u0441'), NULL, 0),
(129, STRINGDECODE('\u041d\u0435\u0442 \u0432\u0440\u0435\u043c\u0435\u043d\u0438'), NULL, 0),
(130, STRINGDECODE('\u0411\u044b\u043b\u0438 \u0434\u043e\u0431\u0430\u0432\u043b\u0435\u043d\u044b \u043d\u043e\u0432\u044b\u0435 \u0441\u0435\u043c\u044c\u0438'), NULL, 0),
(131, STRINGDECODE('\u0412\u044b\u0431\u0435\u0440\u0438\u0442\u0435 \u0430\u043a\u0446\u0438\u044e'), NULL, 0),
(132, STRINGDECODE('\u0412\u044b \u043d\u0435 \u0443\u0447\u0430\u0441\u0442\u0432\u0443\u0435\u0442\u0435 \u0432 \u0434\u0430\u043d\u043d\u043e\u0439 \u0430\u043a\u0446\u0438\u0438'), NULL, 3),
(133, STRINGDECODE('\u0412\u044b \u0443\u0447\u0430\u0441\u0442\u0432\u0443\u0435\u0442\u0435 \u0432\u043e \u0432\u0441\u0435\u0445 \u0440\u0430\u0431\u043e\u0442\u0430\u0445 \u0434\u0430\u043d\u043d\u043e\u0439 \u0430\u043a\u0446\u0438\u0438'), NULL, 3),
(134, STRINGDECODE('\u0417\u0430\u0440\u0435\u0433\u0438\u0441\u0442\u0440\u0438\u0440\u043e\u0432\u0430\u043d'), NULL, 0),
(135, STRINGDECODE('\u0423\u0447\u0430\u0441\u0442\u0432\u043e\u0432\u0430\u043b'), NULL, 0),
(136, STRINGDECODE('\u041d\u0435\u0443\u0447\u0430\u0441\u0442\u0432\u043e\u0432\u0430\u043b'), NULL, 0),
(137, STRINGDECODE('\u041f\u043e\u0434\u0442\u0432\u0435\u0440\u0434\u0438\u0442\u0435 \u0440\u0435\u0433\u0438\u0441\u0442\u0440\u0430\u0446\u0438\u044e \u0432\u043e\u043b\u043e\u043d\u0442\u0435\u0440\u0430'), NULL, 54),
(138, STRINGDECODE('\u0412\u044b \u043f\u043e\u0434\u0442\u0432\u0435\u0440\u0436\u0434\u0430\u0435\u0442\u0435, \u0447\u0442\u043e \u0437\u043d\u0430\u0435\u0442\u0435 \u0434\u0430\u043d\u043d\u043e\u0433\u043e \u043f\u043e\u043b\u044c\u0437\u043e\u0432\u0430\u0442\u0435\u043b\u044f?'), NULL, 55),
(139, STRINGDECODE('\u0412\u044b \u0443\u0432\u0435\u0440\u0435\u043d\u044b?'), NULL, 19),
(140, STRINGDECODE('\u0412\u044b \u0442\u043e\u0447\u043d\u043e \u0443\u0432\u0435\u0440\u0435\u043d\u044b?'), NULL, 19),
(141, STRINGDECODE('\u041f\u0440\u0435\u0434\u043b\u043e\u0436\u0435\u043d\u0438\u0435 \u043e\u0442\u043a\u043b\u043e\u043d\u0435\u043d\u043e'), NULL, 7);
INSERT INTO PUBLIC.MESSAGE(ID, TEXT, PHOTO, KEYBOARD_ID) VALUES
(142, STRINGDECODE('\u0412\u044b\u0431\u0435\u0440\u0438\u0442\u0435 \u0432\u043e\u043b\u043e\u043d\u0442\u0435\u0440\u043e\u0432'), NULL, 0),
(143, STRINGDECODE('\u0412\u0430\u0448\u0430 \u043a\u0430\u043d\u0434\u0438\u0434\u0430\u0442\u0443\u0440\u0430 \u043f\u043e\u0434\u0430\u043d\u0430 \u043d\u0430 \u0440\u0430\u0441\u0441\u043c\u043e\u0442\u0440\u0435\u043d\u0438\u0435'), NULL, 0),
(144, STRINGDECODE('\u0412\u0430\u0448\u0430 \u043a\u0430\u043d\u0434\u0438\u0434\u0430\u0442\u0443\u0440\u0430 \u043d\u0430 \u0440\u0430\u0441\u0441\u043c\u043e\u0442\u0440\u0435\u043d\u0438\u0438'), NULL, 0),
(145, STRINGDECODE('\u041e\u0434\u043e\u0431\u0440\u0438\u043b\u0438'), NULL, 0),
(146, STRINGDECODE('\u0412\u044b\u0431\u0435\u0440\u0438\u0442\u0435 \u0433\u0440\u0443\u043f\u043f\u0443'), NULL, 0),
(147, STRINGDECODE('\u0412\u0430\u0448\u0430 \u043a\u0430\u043d\u0434\u0438\u0434\u0430\u0442\u0443\u0440\u0430 \u0431\u044b\u043b\u0430 \u043e\u0442\u043a\u043b\u043e\u043d\u0435\u043d\u0430'), NULL, 0),
(148, STRINGDECODE('\u0421\u043e\u0441\u0442\u043e\u044f\u043d\u0438\u0435 \u0434\u043e\u0432\u043e\u043b\u044c\u043d\u043e \u0445\u043e\u0440\u043e\u0448\u0435\u0435'), NULL, 0),
(149, STRINGDECODE('\u0421\u0435\u043c\u044c\u044f \u043f\u043e\u043d\u0440\u0430\u0432\u0438\u043b\u0430\u0441\u044c'), NULL, 0),
(150, STRINGDECODE('\u0421\u0435\u043c\u044c\u044f \u043d\u0435\u043f\u043e\u043d\u0440\u0430\u0432\u0438\u043b\u0430\u0441\u044c'), NULL, 0),
(151, STRINGDECODE('\u041a\u043e\u043c\u043c\u0435\u043d\u0442\u0430\u0440\u0438\u0438: '), NULL, 0),
(152, STRINGDECODE('\u041a\u043e\u043b\u0438\u0447\u0435\u0441\u0442\u0432\u043e \u0432\u043e\u043b\u043e\u043d\u0442\u0435\u0440\u043e\u0432: '), NULL, 0),
(153, STRINGDECODE('\u041c\u0443\u0436\u0447\u0438\u043d: '), NULL, 0),
(154, STRINGDECODE('\u0416\u0435\u043d\u0449\u0438\u043d: '), NULL, 0),
(155, STRINGDECODE('\u0423\u0447\u0430\u0441\u0442\u0432\u043e\u0432\u0430\u043b'), NULL, 0),
(156, STRINGDECODE('\u041d\u0435 \u0443\u0447\u0430\u0441\u0442\u0432\u043e\u0432\u0430\u043b'), NULL, 0),
(157, STRINGDECODE('\u0412\u043e\u043b\u043e\u043d\u0442\u0435\u0440\u043e\u0432 \u0431\u043e\u043b\u044c\u0448\u0435 \u043d\u0435\u0442'), NULL, 0),
(158, STRINGDECODE('\u0421\u0435\u043c\u0435\u0439 \u0431\u043e\u043b\u044c\u0448\u0435 \u043d\u0435\u0442'), NULL, 0),
(159, STRINGDECODE('\u0427\u0442\u043e \u0431\u0443\u0434\u0435\u043c \u0440\u0435\u0434\u0430\u043a\u0442\u0438\u0440\u043e\u0432\u0430\u0442\u044c?'), NULL, 58),
(160, STRINGDECODE('\u0427\u0442\u043e\u0431\u044b \u043f\u0440\u0438\u043d\u044f\u0442\u044c \u0443\u0447\u0430\u0442\u0438\u0435 \u0432 \u0430\u043a\u0446\u0438\u0438, \u0432\u043e\u0439\u0434\u0438\u0442\u0435 \u0432 \u043b\u0438\u0447\u043d\u044b\u0439 \u043a\u0430\u0431\u0438\u043d\u0435\u0442'), NULL, 0),
(161, STRINGDECODE('\u0425\u043e\u0442\u0438\u0442\u0435 \u0434\u043e\u0431\u0430\u0432\u0438\u0442\u044c \u0444\u043e\u0442\u043e?'), NULL, 59),
(162, STRINGDECODE('\u041e\u0442\u043f\u0440\u0430\u0432\u044c\u0442\u0435 \u0444\u043e\u0442\u043e'), NULL, 0),
(163, STRINGDECODE('\u0437\u043d\u0430\u044e\u0442:'), NULL, 0),
(164, STRINGDECODE('\u0415\u0441\u043b\u0438 \u043d\u0435 \u0437\u043d\u0430\u0435\u0442\u0435, \u043d\u0435 \u043d\u0430\u0436\u0438\u043c\u0430\u0439\u0442\u0435 \u043a\u043d\u043e\u043f\u043a\u0443'), NULL, 0),
(165, STRINGDECODE('\u041f\u0440\u0438\u0432\u0435\u0442!'), NULL, 0);
CREATE CACHED TABLE PUBLIC.GROUPS(
    ID INT DEFAULT (NEXT VALUE FOR PUBLIC.SYSTEM_SEQUENCE_AE29084E_DB11_4EAB_BC31_46E099B9D021) NOT NULL NULL_TO_DEFAULT SEQUENCE PUBLIC.SYSTEM_SEQUENCE_AE29084E_DB11_4EAB_BC31_46E099B9D021,
    GROUP_ID INT NOT NULL,
    GROUP_LINK TEXT NOT NULL,
    NAME TEXT
);
-- 2 +/- SELECT COUNT(*) FROM PUBLIC.GROUPS;
INSERT INTO PUBLIC.GROUPS(ID, GROUP_ID, GROUP_LINK, NAME) VALUES
(1, -180777328, 'https://t.me/joinchat/AAAAAArGcXCx9NlWdIhvvw', 'Ardaiym Group'),
(1, -180777328, 'https://t.me/joinchat/AAAAAArGcXCx9NlWdIhvvw', 'Ardaiym Group');
CREATE CACHED TABLE PUBLIC.BUTTON(
    ID INT NOT NULL,
    TEXT TEXT,
    COMMAND_ID INT,
    URL TEXT,
    REQUEST_CONTACT BOOLEAN
);
ALTER TABLE PUBLIC.BUTTON ADD CONSTRAINT PUBLIC.CONSTRAINT_7 PRIMARY KEY(ID);
-- 139 +/- SELECT COUNT(*) FROM PUBLIC.BUTTON;
INSERT INTO PUBLIC.BUTTON(ID, TEXT, COMMAND_ID, URL, REQUEST_CONTACT) VALUES
(1, '/start', 1, NULL, FALSE),
(2, '/admin', 6, NULL, FALSE),
(3, STRINGDECODE('\u0417\u0430\u0440\u0435\u0433\u0438\u0441\u0442\u0440\u0438\u0440\u043e\u0432\u0430\u0442\u044c\u0441\u044f'), 2, NULL, FALSE),
(7, STRINGDECODE('\u041e\u0442\u043f\u0440\u0430\u0432\u0438\u0442\u044c \u043a\u043e\u043d\u0442\u0430\u043a\u0442'), 0, NULL, TRUE),
(10, STRINGDECODE('\u21a9\ufe0f \u041d\u0430\u0437\u0430\u0434'), 0, NULL, FALSE),
(11, STRINGDECODE('\u041c\u0443\u0436\u0447\u0438\u043d\u0430'), 0, NULL, FALSE),
(12, STRINGDECODE('\u0416\u0435\u043d\u0449\u0438\u043d\u0430'), 0, NULL, FALSE),
(13, STRINGDECODE('\u0412\u0432\u0435\u0434\u0438\u0442\u0435 \u0432\u0430\u0448 \u0433\u043e\u0440\u043e\u0434'), 0, NULL, FALSE),
(14, STRINGDECODE('\u0413\u043e\u0442\u043e\u0432\u043e! \u0427\u0442\u043e\u0431\u044b \u0432\u043e\u0439\u0442\u0438 \u0432 \u0433\u043b\u0430\u0432\u043d\u043e\u0435 \u043c\u0435\u043d\u044e, \u043d\u0430\u043f\u0438\u0448\u0438\u0442\u0435 /start'), 0, NULL, FALSE),
(15, STRINGDECODE('\u041d\u043e\u0432\u043e\u0441\u0442\u0438 \ud83d\udcdd'), 8, NULL, FALSE),
(16, STRINGDECODE('\u041a\u0430\u043b\u0435\u043d\u0434\u0430\u0440\u044c \ud83d\uddd3'), 17, NULL, FALSE),
(17, STRINGDECODE('\u041b\u0438\u0447\u043d\u044b\u0439 \u043a\u0430\u0431\u0438\u043d\u0435\u0442 \ud83d\udcc2'), 4, NULL, FALSE),
(18, STRINGDECODE('\u041a\u043e\u043d\u0442\u0430\u043a\u0442\u044b \ud83d\udcde'), 15, NULL, FALSE),
(19, STRINGDECODE('\u041e \u0444\u043e\u043d\u0434\u0435 \ud83c\udfe2'), 16, NULL, FALSE),
(20, STRINGDECODE('\u041f\u0440\u0438\u0441\u043e\u0435\u0434\u0438\u043d\u0438\u0442\u044c\u0441\u044f \u043a \u0430\u043a\u0446\u0438\u0438 \u2795'), 7, NULL, FALSE),
(21, STRINGDECODE('\u041c\u043e\u0438 \u0437\u0430\u0434\u0430\u043d\u0438\u044f \ud83d\udcdd'), 0, NULL, FALSE),
(22, STRINGDECODE('\u0420\u0435\u0434\u0430\u043a\u0442\u0438\u0440\u043e\u0432\u0430\u0442\u044c \u043f\u0440\u043e\u0444\u0438\u043b\u044c'), 0, NULL, FALSE),
(23, STRINGDECODE('\u041d\u0435\u0432\u044b\u043f\u043e\u043b\u043d\u0435\u043d\u043d\u044b\u0435 \u0437\u0430\u0434\u0430\u043d\u0438\u044f \u274c'), 0, NULL, FALSE),
(24, STRINGDECODE('\u0412\u044b\u043f\u043e\u043b\u043d\u0435\u043d\u043d\u044b\u0435 \u0437\u0430\u0434\u0430\u043d\u0438\u044f \u2705'), 0, NULL, FALSE),
(25, STRINGDECODE('\u0412\u044b\u043f\u043e\u043b\u043d\u0435\u043d\u043e \u2705'), 0, NULL, FALSE),
(26, STRINGDECODE('\u0414\u043e\u0431\u0430\u0432\u0438\u0442\u044c \u043e\u0442\u0447\u0435\u0442 \u2795'), 0, NULL, FALSE),
(30, 'CTA', 5, NULL, FALSE),
(31, STRINGDECODE('\u041d\u043e\u0432\u0430\u044f \u0440\u0430\u0441\u0441\u044b\u043b\u043a\u0430 \ud83d\udce3'), 9, NULL, FALSE),
(32, STRINGDECODE('\u0410\u043a\u0446\u0438\u0438 \ud83c\udf89'), 10, NULL, FALSE),
(33, STRINGDECODE('\u0420\u0435\u0434\u0430\u043a\u0442\u0438\u0440\u043e\u0432\u0430\u0442\u044c \u043e\u043f\u0438\u0441\u0430\u043d\u0438\u0435 \u270f\ufe0f'), 11, NULL, FALSE),
(34, STRINGDECODE('\u0423\u043f\u0440\u0430\u0432\u043b\u0435\u043d\u0438\u0435 \u0430\u0434\u043c\u0438\u043d\u0430\u043c\u0438 \ud83d\udd10'), 18, NULL, FALSE),
(35, STRINGDECODE('\u041d\u043e\u0432\u044b\u0439 \u0442\u0435\u043a\u0441\u0442 \ud83d\udcdd'), 21, NULL, FALSE),
(36, 'NONE', 0, NULL, FALSE),
(40, STRINGDECODE('\u041d\u043e\u0432\u043e\u0435 \u0437\u0430\u0434\u0430\u043d\u0438\u0435'), 0, NULL, FALSE),
(41, STRINGDECODE('\u0414\u0430\u0442\u0443'), 0, NULL, FALSE),
(42, STRINGDECODE('\u0413\u043e\u0442\u043e\u0432\u043e'), 0, NULL, FALSE),
(43, STRINGDECODE('\u0425\u043e\u0447\u0443 \u0443\u0447\u0430\u0441\u0442\u0432\u043e\u0432\u0430\u0442\u044c \u0432 \u0430\u043a\u0446\u0438\u0438'), 7, NULL, FALSE),
(44, 'Facebook', 0, 'http://facebook.com/mrtusup', FALSE),
(45, 'Instagram', 0, 'http://instagram.com/LisiiOgr', FALSE),
(46, 'Telegram', 0, 'http://t.me/', FALSE),
(47, STRINGDECODE('\u0414\u043b\u044f \u0432\u0441\u0435\u0445 \u0432\u043e\u043b\u043e\u043d\u0442\u0435\u0440\u043e\u0432'), 0, NULL, FALSE),
(48, STRINGDECODE('\u0414\u043b\u044f \u0432\u043e\u043b\u043e\u043d\u0442\u0435\u0440\u043e\u0432 \u0430\u043a\u0446\u0438\u0438'), 0, NULL, FALSE);
INSERT INTO PUBLIC.BUTTON(ID, TEXT, COMMAND_ID, URL, REQUEST_CONTACT) VALUES
(50, STRINGDECODE('\u0417\u0430\u043a\u043e\u043d\u0447\u0435\u043d\u043d\u044b\u0435 \u0430\u043a\u0446\u0438\u0438'), 0, NULL, FALSE),
(51, STRINGDECODE('\u041d\u0435\u0437\u0430\u043a\u043e\u043d\u0447\u0435\u043d\u043d\u044b\u0435 \u0430\u043a\u0446\u0438\u0438'), 0, NULL, FALSE),
(52, STRINGDECODE('\u0420\u0435\u0434\u0430\u043a\u0442\u0438\u0440\u043e\u0432\u0430\u0442\u044c \u043e\u0442\u0447\u0435\u0442'), 0, NULL, FALSE),
(53, STRINGDECODE('\u041d\u0430\u0447\u0430\u0442\u044c \u0430\u043a\u0446\u0438\u044e'), 0, NULL, FALSE),
(54, STRINGDECODE('\u0417\u0430\u043a\u043e\u043d\u0447\u0438\u0442\u044c \u0430\u043a\u0446\u0438\u044e'), 0, NULL, FALSE),
(55, STRINGDECODE('\u0417\u0430\u0440\u0435\u0433\u0438\u0441\u0442\u0440\u0438\u0440\u043e\u0432\u0430\u0442\u044c\u0441\u044f \u0432 \u0430\u043a\u0446\u0438\u0438'), 14, NULL, FALSE),
(56, STRINGDECODE('\u0414\u0430'), 0, NULL, FALSE),
(57, STRINGDECODE('\u041d\u0435\u0442'), 0, NULL, FALSE),
(58, STRINGDECODE('\u0420\u0430\u0437\u0434\u0430\u0442\u044c \u0441\u043f\u0438\u0441\u043e\u043a \u043c\u0430\u0448\u0438\u043d'), 0, NULL, FALSE),
(59, STRINGDECODE('\u0420\u0430\u0437\u0434\u0430\u0442\u044c \u0441\u043f\u0438\u0441\u043e\u043a \u0441\u0435\u043c\u0435\u0439'), 0, NULL, FALSE),
(60, STRINGDECODE('\u0412\u044b\u0431\u0440\u0430\u0442\u044c \u043c\u0430\u0448\u0438\u043d\u0443'), 12, NULL, FALSE),
(61, STRINGDECODE('\u041f\u043e\u043b\u0443\u0447\u0438\u0442\u044c \u0441\u043f\u0438\u0441\u043a\u0438 \u0441\u0435\u043c\u0435\u0439'), 13, NULL, FALSE),
(62, STRINGDECODE('\u0410\u0440\u0445\u0438\u0432'), 0, NULL, FALSE),
(63, STRINGDECODE('\u041f\u0440\u0435\u0434\u0441\u0442\u043e\u044f\u0449\u0438\u0435 \u043c\u0435\u0440\u043e\u043f\u0440\u0438\u044f\u0442\u0438\u044f'), 0, NULL, FALSE),
(64, STRINGDECODE('\u0412\u044b\u0431\u0440\u0430\u0442\u044c \u0441\u043f\u0438\u0441\u043e\u043a \u0441\u0435\u043c\u0435\u0439'), 0, NULL, FALSE),
(65, STRINGDECODE('\u0410\u0432\u0442\u043e\u043c\u0430\u0442\u0438\u0447\u0435\u0441\u043a\u0438\u0439'), 0, NULL, FALSE),
(66, STRINGDECODE('\u0420\u0443\u0447\u043d\u043e\u0439'), 0, NULL, FALSE),
(67, STRINGDECODE('\u0421\u043e\u0437\u0434\u0430\u0442\u044c \u043d\u043e\u0432\u0443\u044e \u0433\u0440\u0443\u043f\u043f\u0443'), 0, NULL, FALSE),
(68, STRINGDECODE('\u0417\u0430\u043a\u043e\u043d\u0447\u0438\u0442\u044c \u0438 \u043d\u0430\u0447\u0430\u0442\u044c \u0430\u043a\u0446\u0438\u044e'), 0, NULL, FALSE),
(69, STRINGDECODE('\u0414\u043e\u0431\u0430\u0432\u0438\u0442\u044c \u0430\u0434\u043c\u0438\u043d\u0430 \ud83d\udd11'), 0, NULL, FALSE),
(70, STRINGDECODE('\u0423\u0434\u0430\u043b\u0438\u0442\u044c \u0430\u0434\u043c\u0438\u043d\u0430 \u274c'), 0, NULL, FALSE),
(71, STRINGDECODE('\u041e\u0442\u0434\u0430\u0442\u044c \u043f\u0440\u0430\u0432\u0430 \u0441\u0443\u043f\u0435\u0440\u0430\u0434\u043c\u0438\u043d\u0430 \ud83d\udd12'), 0, NULL, FALSE),
(72, STRINGDECODE('\u041f\u043e\u043b\u0443\u0447\u0438\u0442\u044c \u0441\u043f\u0438\u0441\u043e\u043a \u0441\u0435\u043c\u0435\u0439'), 19, NULL, FALSE),
(73, STRINGDECODE('\u0418\u0437\u043c\u0435\u043d\u0438\u0442\u044c \u0438\u043d\u0444\u043e\u0440\u043c\u0430\u0446\u0438\u044e'), 0, NULL, FALSE),
(74, STRINGDECODE('\u0412\u044b\u0431\u0440\u0430\u0442\u044c \u0441\u0435\u043c\u044c\u044e'), 0, NULL, FALSE),
(75, STRINGDECODE('\u0413\u043e\u0442\u043e\u0432\u043e'), 0, NULL, FALSE),
(76, STRINGDECODE('\u0424\u0418\u041e'), 0, NULL, FALSE),
(77, STRINGDECODE('\u041d\u043e\u043c\u0435\u0440 \u0442\u0435\u043b\u0435\u0444\u043e\u043d\u0430'), 0, NULL, FALSE),
(78, STRINGDECODE('\u0410\u0434\u0440\u0435\u0441'), 0, NULL, FALSE),
(79, STRINGDECODE('\u041f\u043e\u043b\u043e\u0436\u0435\u043d\u0438\u0435 \u043d\u0430 \u043a\u0430\u0440\u0442\u0435'), 0, NULL, FALSE),
(80, STRINGDECODE('\u041f\u0440\u043e\u0439\u0442\u0438 \u043e\u043f\u0440\u043e\u0441'), 20, NULL, FALSE),
(81, STRINGDECODE('\u0414\u0430'), 0, NULL, FALSE),
(82, STRINGDECODE('\u041d\u0435\u0442'), 0, NULL, FALSE),
(83, STRINGDECODE('\u041d\u0435\u0442 \u043f\u043e\u0436\u0435\u043b\u0430\u043d\u0438\u0438'), 0, NULL, FALSE);
INSERT INTO PUBLIC.BUTTON(ID, TEXT, COMMAND_ID, URL, REQUEST_CONTACT) VALUES
(84, STRINGDECODE('\u0420\u0435\u0437\u0443\u043b\u044c\u0442\u0430\u0442\u044b \u043e\u043f\u0440\u043e\u0441\u043e\u0432'), 0, NULL, FALSE),
(85, STRINGDECODE('\u0420\u0435\u0437\u0443\u043b\u044c\u0442\u0430\u0442\u044b: '), 0, NULL, FALSE),
(86, STRINGDECODE('\u041d\u0435\u0432\u044b\u043f\u043e\u043b\u043d\u0435\u043d\u043e'), 0, NULL, FALSE),
(87, STRINGDECODE('\u0410\u0441\u0442\u0430\u043d\u0430'), 0, NULL, FALSE),
(88, STRINGDECODE('\u0410\u043b\u043c\u0430\u0442\u044b'), 0, NULL, FALSE),
(89, STRINGDECODE('\u0410\u043a\u043c\u043e\u043b\u0438\u043d\u0441\u043a\u0430\u044f \u043e\u0431\u043b.'), 0, NULL, FALSE),
(90, STRINGDECODE('\u0410\u043a\u0442\u044e\u0431\u0438\u043d\u0441\u043a\u0430\u044f \u043e\u0431\u043b.'), 0, NULL, FALSE),
(91, STRINGDECODE('\u0410\u043b\u043c\u0430\u0442\u0438\u043d\u0441\u043a\u0430\u044f \u043e\u0431\u043b.'), 0, NULL, FALSE),
(92, STRINGDECODE('\u0410\u0442\u044b\u0440\u0430\u0443\u0441\u043a\u0430\u044f \u043e\u0431\u043b.'), 0, NULL, FALSE),
(93, STRINGDECODE('\u0412\u043e\u0441\u0442\u043e\u0447\u043d\u043e-\u041a\u0430\u0437\u0430\u0445\u0441\u0442\u0430\u043d\u0441\u043a\u0430\u044f \u043e\u0431\u043b.'), 0, NULL, FALSE),
(94, STRINGDECODE('\u0416\u0430\u043c\u0431\u044b\u043b\u0441\u043a\u0430\u044f \u043e\u0431\u043b.'), 0, NULL, FALSE),
(95, STRINGDECODE('\u0417\u0430\u0440\u0430\u0434\u043d\u043e-\u041a\u0430\u0437\u0430\u0445\u0441\u0442\u0430\u043d\u0441\u043a\u0430\u044f \u043e\u0431\u043b.'), 0, NULL, FALSE),
(96, STRINGDECODE('\u041a\u0430\u0440\u0430\u0433\u0430\u043d\u0434\u0438\u043d\u0441\u043a\u0430\u044f \u043e\u0431\u043b.'), 0, NULL, FALSE),
(97, STRINGDECODE('\u041a\u043e\u0441\u0442\u0430\u043d\u0430\u0439\u0441\u043a\u0430\u044f \u043e\u0431\u043b.'), 0, NULL, FALSE),
(98, STRINGDECODE('\u041a\u044b\u0437\u044b\u043b\u043e\u043f\u0434\u0438\u043d\u0441\u043a\u0430\u044f \u043e\u0431\u043b.'), 0, NULL, FALSE),
(99, STRINGDECODE('\u041c\u0430\u043d\u0433\u0438\u0441\u0442\u0430\u0443\u0441\u043a\u0430\u044f \u043e\u0431\u043b.'), 0, NULL, FALSE),
(100, STRINGDECODE('\u041f\u0430\u0432\u043b\u043e\u0434\u0430\u0440\u0441\u043a\u0430\u044f \u043e\u0431\u043b.'), 0, NULL, FALSE),
(101, STRINGDECODE('\u0421\u0435\u0432\u0435\u0440\u043e-\u041a\u0430\u0437\u0430\u0445\u0441\u0442\u0430\u043d\u0441\u043a\u0430\u044f \u043e\u0431\u043b.'), 0, NULL, FALSE),
(102, STRINGDECODE('\u042e\u0436\u043d\u043e-\u041a\u0430\u0437\u0430\u0445\u0441\u0442\u0430\u043d\u0441\u043a\u0430\u044f \u043e\u0431\u043b.'), 0, NULL, FALSE),
(103, STRINGDECODE('\u041a\u0430\u0440\u0430\u0433\u0430\u043d\u0434\u0430'), 0, NULL, FALSE),
(104, STRINGDECODE('\u0422\u0435\u043c\u0438\u0440\u0442\u0430\u0443'), 0, NULL, FALSE),
(105, STRINGDECODE('\u0416\u0435\u0437\u043a\u0430\u0437\u0433\u0430\u043d'), 0, NULL, FALSE),
(106, STRINGDECODE('\u0421\u0430\u0442\u043f\u0430\u0435\u0432'), 0, NULL, FALSE),
(107, STRINGDECODE('\u0411\u0430\u043b\u0445\u0430\u0448'), 0, NULL, FALSE),
(108, STRINGDECODE('\u0428\u0430\u0445\u0442\u0438\u043d\u0441\u043a'), 0, NULL, FALSE),
(109, STRINGDECODE('\u0410\u0431\u0430\u0439'), 0, NULL, FALSE),
(110, STRINGDECODE('\u0421\u0430\u0440\u0430\u043d\u044c'), 0, NULL, FALSE),
(111, STRINGDECODE('\u0412\u044b\u0431\u0440\u0430\u0442\u044c \u0435\u0449\u0435 \u0437\u0430\u0434\u0430\u043d\u0438\u044f!'), 0, NULL, FALSE),
(112, STRINGDECODE('\u041c\u043d\u0435 \u0434\u043e\u0441\u0442\u0430\u0442\u043e\u0447\u043d\u043e'), 0, NULL, FALSE),
(113, STRINGDECODE('\u0421\u043e\u0437\u0434\u0430\u0442\u044c \u0441\u043f\u0438\u0441\u043e\u043a'), 0, NULL, FALSE),
(114, STRINGDECODE('\u0421\u043f\u0438\u0441\u043a\u0438'), 0, NULL, FALSE),
(115, STRINGDECODE('\u041f\u043e\u0434\u0435\u043b\u0438\u0442\u044c\u0441\u044f \u0441\u0442\u0430\u0442\u0438\u0441\u0442\u0438\u043a\u043e\u0439'), 22, NULL, FALSE),
(116, STRINGDECODE('\u0412\u0432\u0435\u0434\u0438\u0442\u0435 \u0442\u0435\u043a\u0441\u0442'), 0, NULL, FALSE),
(117, STRINGDECODE('\u0421\u043a\u0440\u0438\u043f\u0442'), 0, NULL, FALSE),
(118, STRINGDECODE('CTA \u0441\u043a\u0440\u0438\u043f\u0442'), 0, NULL, FALSE);
INSERT INTO PUBLIC.BUTTON(ID, TEXT, COMMAND_ID, URL, REQUEST_CONTACT) VALUES
(119, STRINGDECODE('NONE \u0441\u043a\u0440\u0438\u043f\u0442'), 0, NULL, FALSE),
(120, STRINGDECODE('\u041e\u0442\u043f\u0440\u0430\u0432\u0438\u0442\u044c'), 0, NULL, FALSE),
(121, STRINGDECODE('\u0420\u0435\u0434\u0430\u043a\u0442\u0438\u0440\u043e\u0432\u0430\u0442\u044c'), 0, NULL, FALSE),
(122, STRINGDECODE('\u041f\u0440\u0438\u043d\u044f\u0442\u044c'), 0, NULL, FALSE),
(123, STRINGDECODE('\u041e\u0442\u043a\u0430\u0437\u0430\u0442\u044c\u0441\u044f'), 0, NULL, FALSE),
(124, STRINGDECODE('\u0418\u0445 \u043d\u0435\u0442 \u0434\u043e\u043c\u0430'), 0, NULL, FALSE),
(125, STRINGDECODE('\u041d\u0435\u0432\u0435\u0440\u043d\u044b\u0439 \u0430\u0434\u0440\u0435\u0441'), 0, NULL, FALSE),
(126, STRINGDECODE('\u041d\u0435\u0442 \u0432\u0440\u0435\u043c\u0435\u043d\u0438'), 0, NULL, FALSE),
(127, STRINGDECODE('\u0421\u043f\u0438\u0441\u043e\u043a \u043e\u0442\u043a\u0430\u0437\u043d\u0438\u043a\u043e\u0432'), 23, NULL, FALSE),
(128, STRINGDECODE('\u0421\u0444\u043e\u0440\u043c\u0438\u0440\u043e\u0432\u0430\u0442\u044c \u0441\u0442\u0430\u0442\u0438\u0441\u0442\u0438\u043a\u0443'), 24, NULL, FALSE),
(129, STRINGDECODE('\u041d\u0430\u0437\u0432\u0430\u043d\u0438\u0435'), 0, NULL, FALSE),
(130, STRINGDECODE('\u041e\u043f\u0438\u0441\u0430\u043d\u0438\u0435'), 0, NULL, FALSE),
(131, STRINGDECODE('\u041d\u0430\u0437\u0432\u0430\u043d\u0438\u0435 \u0434\u043b\u044f \u0430\u0434\u043c\u0438\u043d\u0430'), 0, NULL, FALSE),
(132, STRINGDECODE('\u0412\u0438\u0434\u044b \u0440\u0430\u0431\u043e\u0442'), 0, NULL, FALSE),
(133, STRINGDECODE('\u0414\u0430\u0442\u0430'), 0, NULL, FALSE),
(134, STRINGDECODE('\u0418\u0437\u043c\u0435\u043d\u0438\u0442\u044c'), 0, NULL, FALSE),
(135, STRINGDECODE('\u0423\u0434\u0430\u043b\u0438\u0442\u044c'), 0, NULL, FALSE),
(136, STRINGDECODE('\u041d\u043e\u0432\u043e\u0435 \u0437\u0430\u0434\u0430\u043d\u0438\u0435'), 0, NULL, FALSE),
(137, STRINGDECODE('\u041f\u043e\u043c\u043e\u0433\u043b\u0438 \u0441\u0435\u043c\u044c\u044f\u043c'), 0, NULL, FALSE),
(138, STRINGDECODE('\u041f\u043e\u0434\u0442\u0432\u0435\u0440\u0434\u0438\u0442\u044c \u0440\u0435\u0433\u0438\u0441\u0442\u0440\u0430\u0446\u0438\u044e'), 25, NULL, FALSE),
(139, STRINGDECODE('\u041f\u043e\u0434\u0442\u0432\u0435\u0440\u0434\u0438\u0442\u044c'), 0, NULL, FALSE),
(140, STRINGDECODE('\u0421\u043f\u0440\u043e\u0441\u0438\u0442\u044c \u0443 \u0432\u043e\u043b\u043e\u043d\u0442\u0435\u0440\u043e\u0432'), 0, NULL, FALSE),
(141, STRINGDECODE('\u041e\u0442\u043a\u0430\u0437\u0430\u0442\u044c'), 0, NULL, FALSE),
(142, STRINGDECODE('\u042f \u0437\u043d\u0430\u044e, \u043c\u043e\u044f \u0440\u0435\u043a\u043e\u043c\u0435\u043d\u0434\u0430\u0446\u0438\u044f'), 26, NULL, FALSE),
(143, STRINGDECODE('\u0412\u043e\u043b\u043e\u043d\u0442\u0435\u0440\u044b'), 0, NULL, FALSE),
(144, STRINGDECODE('\u041c\u0443\u0436\u0447\u0438\u043d\u044b'), 0, NULL, FALSE),
(145, STRINGDECODE('\u0416\u0435\u043d\u0449\u0438\u043d\u044b'), 0, NULL, FALSE),
(146, STRINGDECODE('\u0418\u0437 \u041a\u0430\u0440\u0430\u0433\u0430\u043d\u0434\u044b'), 0, NULL, FALSE),
(147, STRINGDECODE('\u041d\u0435 \u0438\u0437 \u041a\u0430\u0440\u0430\u0433\u0430\u043d\u0434\u044b'), 0, NULL, FALSE),
(148, STRINGDECODE('\u0410\u043a\u0446\u0438\u0438'), 0, NULL, FALSE),
(149, STRINGDECODE('\u0417\u0430\u0433\u0440\u0443\u0437\u0438\u0442\u044c \u0441\u0442\u0430\u0442\u0438\u0441\u0442\u0438\u043a\u0443 \u0432 \u043e\u0431\u043b\u0430\u043a\u043e'), 0, NULL, FALSE),
(150, STRINGDECODE('\u0421\u043f\u0438\u0441\u043e\u043a \u043e\u0442\u043a\u0430\u0437\u043d\u0438\u043a\u043e\u0432 \u274c'), 0, NULL, FALSE),
(151, STRINGDECODE('\u041f\u0440\u0438\u0432\u0435\u0442\u0441\u0442\u0432\u0435\u043d\u043d\u043e\u0435 \u0441\u043b\u043e\u0432\u043e'), 0, NULL, FALSE);
CREATE CACHED TABLE PUBLIC.COMMAND(
    ID INT NOT NULL,
    COMMAND_TYPE_ID INT,
    MESSAGE_ID INT
);
ALTER TABLE PUBLIC.COMMAND ADD CONSTRAINT PUBLIC.CONSTRAINT_6 PRIMARY KEY(ID);
-- 26 +/- SELECT COUNT(*) FROM PUBLIC.COMMAND;
INSERT INTO PUBLIC.COMMAND(ID, COMMAND_TYPE_ID, MESSAGE_ID) VALUES
(1, 1, 0),
(2, 2, 0),
(3, 3, 0),
(4, 4, 0),
(5, 5, 0),
(6, 6, 0),
(7, 7, 0),
(8, 8, 0),
(9, 9, 0),
(10, 10, 0),
(11, 11, 0),
(12, 12, 0),
(13, 13, 0),
(14, 14, 0),
(15, 15, 0),
(16, 16, 0),
(17, 17, 0),
(18, 18, 0),
(19, 19, 0),
(20, 20, 0),
(21, 21, 0),
(22, 22, 0),
(23, 23, 0),
(24, 24, 0),
(25, 25, 0),
(26, 26, 0);
CREATE CACHED TABLE PUBLIC.KEYBOARD(
    ID INT NOT NULL,
    BUTTON_IDS TEXT,
    INLINE BOOLEAN,
    COMMENT TEXT
);
ALTER TABLE PUBLIC.KEYBOARD ADD CONSTRAINT PUBLIC.CONSTRAINT_4 PRIMARY KEY(ID);
-- 59 +/- SELECT COUNT(*) FROM PUBLIC.KEYBOARD;
INSERT INTO PUBLIC.KEYBOARD(ID, BUTTON_IDS, INLINE, COMMENT) VALUES
(1, '3', FALSE, 'Sign up'),
(2, '11,12', TRUE, 'man or woman'),
(3, '15,16;17;18,19', FALSE, 'Main menu'),
(4, '20,21;22,72;10', FALSE, 'personal area'),
(5, '23,24;10', FALSE, 'choose task type'),
(6, '25,26;10', FALSE, 'Task menu'),
(7, '35,31;32,33;34,128', FALSE, 'Admin menu'),
(8, '40,41,42', TRUE, 'add task to stock'),
(9, '43', TRUE, 'Join to stock'),
(10, '10', FALSE, 'Back'),
(11, '26;10', FALSE, 'Task menu'),
(12, '44,45,46', TRUE, 'news keyboard'),
(13, '47,48;113,114', TRUE, 'Distribution menu'),
(14, '50,51;10', FALSE, 'choose stock type'),
(15, '52,84;10', FALSE, 'Done stock menu'),
(16, '53,54;150;10', FALSE, 'Undone stock menu'),
(17, '15,16;18,19', FALSE, 'Edit description'),
(18, '55', TRUE, 'Start stock'),
(19, '56,57', TRUE, 'yes/no'),
(20, '58', FALSE, 'car list and family list'),
(21, '60', TRUE, 'Car lsit'),
(22, '61', TRUE, 'Family list'),
(23, '42;10', FALSE, 'family menu'),
(24, '59', FALSE, 'family button'),
(25, '42', FALSE, 'done button'),
(26, '62,63;10', FALSE, 'Calendar menu'),
(27, '7;10', FALSE, 'request contact'),
(28, '64', FALSE, 'Choose family'),
(29, '67,68', FALSE, 'done'),
(30, '65,66', FALSE, 'auto or manual'),
(31, '69,70;71;10', FALSE, 'admin control command'),
(32, '72', TRUE, ''),
(33, '73,75;74', FALSE, 'in stock menu'),
(34, '76,77;78,79;10', FALSE, 'Edit family info'),
(35, '81,82', TRUE, 'rating'),
(36, '83', TRUE, ''),
(37, '87;88;89;90;91;92;93;94;95;96;97;98;99;100;101;102', TRUE, 'choose obl'),
(38, '103;104;105;106;107;108;109;110', TRUE, 'choose city'),
(39, '30,36;10', FALSE, 'New Text'),
(40, '111,112', TRUE, 'want one more task'),
(41, '115', TRUE, 'send statistic to users'),
(42, '116,117;148;10', TRUE, 'choose text'),
(43, '118,119;10', TRUE, 'choose script type'),
(44, '120,121;10', TRUE, 'commad to script'),
(45, '122,123', TRUE, 'accept or deciline'),
(46, '56,57;10', FALSE, 'yes/or/back'),
(47, '56,57', FALSE, 'yes/no'),
(48, '124,125,126;10', FALSE, 'rejection reason'),
(49, '127', TRUE, 'send rejected families'),
(50, '129,131;130,132;10', TRUE, 'edit stock'),
(51, '129,133;10', TRUE, 'edit task'),
(52, '129,133;135;10', TRUE, 'choose task edit'),
(53, '134,135;10', TRUE, 'choose date parametr'),
(54, '138', TRUE, 'accept sign up'),
(55, '139;140;141', TRUE, 'accept sign up menu'),
(56, '129,130;10', TRUE, 'edit none script'),
(57, '143,144;145,146;147,148;149,10', FALSE, 'statistic menu'),
(58, '76;77,78;10', FALSE, 'edit user info'),
(59, '56,57;10', TRUE, 'yes/no/back');
CREATE CACHED TABLE PUBLIC.GROUPS_OF_VOLUNTEERS(
    ID INT DEFAULT (NEXT VALUE FOR PUBLIC.SYSTEM_SEQUENCE_799DBAA1_7E85_4B40_9C90_7F6BBF19501F) NOT NULL NULL_TO_DEFAULT SEQUENCE PUBLIC.SYSTEM_SEQUENCE_799DBAA1_7E85_4B40_9C90_7F6BBF19501F,
    USER_ID INT,
    GROUP_ID INT,
    STOCK_ID INT,
    FINISHED BOOLEAN DEFAULT FALSE
);
ALTER TABLE PUBLIC.GROUPS_OF_VOLUNTEERS ADD CONSTRAINT PUBLIC.CONSTRAINT_B PRIMARY KEY(ID);
-- 3 +/- SELECT COUNT(*) FROM PUBLIC.GROUPS_OF_VOLUNTEERS;
INSERT INTO PUBLIC.GROUPS_OF_VOLUNTEERS(ID, USER_ID, GROUP_ID, STOCK_ID, FINISHED) VALUES
(328, 134, 134, 142, TRUE),
(329, 142, 142, 142, FALSE),
(360, 202, 202, 178, TRUE);
CREATE CACHED TABLE PUBLIC.NEWS(
    ID INT DEFAULT (NEXT VALUE FOR PUBLIC.SYSTEM_SEQUENCE_80B2E35D_DD11_4B44_86BE_160B5DB5AF2B) NOT NULL NULL_TO_DEFAULT SEQUENCE PUBLIC.SYSTEM_SEQUENCE_80B2E35D_DD11_4B44_86BE_160B5DB5AF2B,
    TITLE TEXT NOT NULL,
    TEXT TEXT NOT NULL,
    DATE TEXT NOT NULL,
    PHOTO TEXT,
    SHOW BOOLEAN DEFAULT TRUE
);
-- 1 +/- SELECT COUNT(*) FROM PUBLIC.NEWS;
INSERT INTO PUBLIC.NEWS(ID, TITLE, TEXT, DATE, PHOTO, SHOW) VALUES
(7, STRINGDECODE('\u0418\u043d\u0442\u0435\u043b\u043b\u0435\u043a\u0442\u0443\u0430\u043b\u044c\u043d\u0430\u044f \u0438\u0433\u0440\u0430'), STRINGDECODE('22 \u0430\u043f\u0440\u0435\u043b\u044f 2017 \u0433\u043e\u0434\u0430 \u0432\u043e\u043b\u043e\u043d\u0442\u0451\u0440\u044b \u041c\u0411\u041e \"\u0410\u049b\u043d\u0438\u0435\u0442\" \u0441\u043e\u0432\u043c\u0435\u0441\u0442\u043d\u043e \u0441 \u0430\u043a\u0442\u0438\u0432\u0438\u0441\u0442\u0430\u043c\u0438 \u0426\u0435\u043d\u0442\u0440\u0430 \u043e\u0431\u0440\u0430\u0437\u043e\u0432\u0430\u0442\u0435\u043b\u044c\u043d\u044b\u0445 \u043f\u0440\u043e\u0435\u043a\u0442\u043e\u0432 \u0410\u0421\u041e \u041a\u0430\u0440\u0413\u0422\u0423 \"\u0416\u0430\u0441 \u041e\u0440\u0434\u0430\" \u043f\u0440\u043e\u0432\u0435\u043b\u0438 \u0434\u043b\u044f \u0434\u0435\u0442\u0435\u0439 \u0438\u0437 \u0434\u0435\u0442\u0441\u043a\u0438\u0445 \u0434\u043e\u043c\u043e\u0432 \u0438\u043d\u0442\u0435\u043b\u043b\u0435\u043a\u0442\u0443\u0430\u043b\u044c\u043d\u0443\u044e \u0438\u0433\u0440\u0443 \"\u041f\u043e\u043f\u0440\u043e\u0431\u0443\u0439 \u0443\u0433\u0430\u0434\u0430\u0439!\".\ud83d\ude47\ud83c\udffb\n\u0423\u0447\u0430\u0441\u0442\u043d\u0438\u043a\u0430\u043c\u0438 \u0434\u0430\u043d\u043d\u043e\u0439 \u0438\u0433\u0440\u044b \u0431\u044b\u043b\u0438 \u043a\u043e\u043c\u0430\u043d\u0434\u0430 \"\u0423\u043c\u043d\u0438\u043a\u0438\" \u0438\u0437 \u0434\u0435\u0442\u0441\u043a\u043e\u0433\u043e \u0434\u043e\u043c\u0430 \"\u0422\u0430\u04a3\u0448\u043e\u043b\u043f\u0430\u043d\" \u0438 \u043a\u043e\u043c\u0430\u043d\u0434\u0430 \"\u0411\u0430\u0440\u044b\u0441\" \u0438\u0437 \u0434\u0435\u0442\u0441\u043a\u043e\u0433\u043e \u0434\u043e\u043c\u0430 \"\u049a\u04b1\u043b\u044b\u043d\u0448\u0430\u049b\".\ud83c\udfe9\n\u0418\u0433\u0440\u0430 \u0441\u043e\u0441\u0442\u043e\u044f\u043b\u0430 \u0438\u0437 \u0442\u0440\u0451x \u044d\u0442\u0430\u043f\u043e\u0432, \u0433\u0434\u0435 \u043a\u0430\u0436\u0434\u043e\u0439 \u043a\u043e\u043c\u0430\u043d\u0434\u0435 \u043d\u0443\u0436\u043d\u043e \u0431\u044b\u043b\u043e \u043e\u0442\u0432\u0435\u0442\u0438\u0442\u044c \u043d\u0430 \u0432\u043e\u043f\u0440\u043e\u0441\u044b, \u0443\u0433\u0430\u0434\u0430\u0442\u044c \u043c\u0443\u043b\u044c\u0442\u0444\u0438\u043b\u044c\u043c\u044b \u0438 \u0432\u044b\u043f\u043e\u043b\u043d\u0438\u0442\u044c \u0442\u0432\u043e\u0440\u0447\u0435\u0441\u043a\u043e\u0435 \u0437\u0430\u0434\u0430\u043d\u0438\u0435.\u270d\ud83c\udffb\n\u041f\u043e \u0438\u0442\u043e\u0433\u0430\u043c \u0438\u0433\u0440\u044b \u043a\u043e\u043c\u0430\u043d\u0434\u044b \u043f\u043e\u043b\u0443\u0447\u0438\u043b\u0438 \u0446\u0435\u043d\u043d\u044b\u0435 \u043f\u0440\u0438\u0437\u044b.\ud83c\udfc6\n\u0414\u0435\u0442\u0438 \u0438 \u0433\u043e\u0441\u0442\u0438 \u043e\u0441\u0442\u0430\u043b\u0438\u0441\u044c \u043f\u043e\u0434 \u043f\u0440\u0438\u044f\u0442\u043d\u044b\u043c \u0432\u043f\u0435\u0447\u0430\u0442\u043b\u0435\u043d\u0438\u0435\u043c.\ud83e\udd17'), '08.06', 'AgADAgADGKgxG9JgyEnOfCF5OGli1rBZtw0ABML4IWVv6YhHIjoEAAEC;AgADAgADGagxG9JgyEnoOTQsEr1UQDVMtw0ABO7Oqnitk1K9TjkEAAEC;AgADAgADHagxG9JgyElDC9g2IIEHEwZatw0ABK6tVihA9TTPDz4EAAEC;', TRUE);
CREATE CACHED TABLE PUBLIC.SURVEY(
    ID INT DEFAULT (NEXT VALUE FOR PUBLIC.SYSTEM_SEQUENCE_8B856B3E_3A5B_4310_A36D_E523A74E75DF) NOT NULL NULL_TO_DEFAULT SEQUENCE PUBLIC.SYSTEM_SEQUENCE_8B856B3E_3A5B_4310_A36D_E523A74E75DF,
    STOCK_ID INT NOT NULL,
    REPORT TEXT,
    RATING INT NOT NULL
);
ALTER TABLE PUBLIC.SURVEY ADD CONSTRAINT PUBLIC.CONSTRAINT_92 PRIMARY KEY(ID);
-- 0 +/- SELECT COUNT(*) FROM PUBLIC.SURVEY;
CREATE CACHED TABLE PUBLIC.TYPE_OF_WORK_TEMPLATE(
    ID INT DEFAULT (NEXT VALUE FOR PUBLIC.SYSTEM_SEQUENCE_B0F0E7DA_72BD_4771_9CE5_01662CA4AC90) NOT NULL NULL_TO_DEFAULT SEQUENCE PUBLIC.SYSTEM_SEQUENCE_B0F0E7DA_72BD_4771_9CE5_01662CA4AC90,
    STOCK_ID INT,
    NAME TEXT,
    FINISHED BOOLEAN DEFAULT FALSE
);
-- 5 +/- SELECT COUNT(*) FROM PUBLIC.TYPE_OF_WORK_TEMPLATE;
INSERT INTO PUBLIC.TYPE_OF_WORK_TEMPLATE(ID, STOCK_ID, NAME, FINISHED) VALUES
(378, 337, STRINGDECODE('\u041f\u043e\u043c\u043e\u0433\u0443 \u0441 \u0444\u0430\u0441\u043e\u0432\u043a\u043e\u0439'), FALSE),
(379, 337, STRINGDECODE('\u041f\u043e\u043c\u043e\u0433\u0443 \u0441 \u0440\u0430\u0437\u0434\u0430\u0447\u0435\u0439'), FALSE),
(380, 338, STRINGDECODE('\u041f\u043e\u043c\u043e\u0433\u0443 \u0441 \u0440\u0430\u0437\u0434\u0430\u0447\u0435\u0439'), FALSE),
(410, 369, STRINGDECODE('\u041f\u043e\u043c\u043e\u0433\u0443 \u0441 \u0444\u0430\u0441\u043e\u0432\u043a\u043e\u0439'), FALSE),
(411, 369, STRINGDECODE('\u041f\u043e\u043c\u043e\u0433\u0443 \u0441 \u0440\u0430\u0437\u0434\u0430\u0447\u0435\u0439'), FALSE);
CREATE CACHED TABLE PUBLIC.REPORT(
    ID INT DEFAULT (NEXT VALUE FOR PUBLIC.SYSTEM_SEQUENCE_4DC0278E_3498_45AA_95F2_9FD33A0AD873) NOT NULL NULL_TO_DEFAULT SEQUENCE PUBLIC.SYSTEM_SEQUENCE_4DC0278E_3498_45AA_95F2_9FD33A0AD873,
    PARTICIPANT_ID INT,
    TEXT TEXT,
    LOCATION TEXT,
    PHOTO TEXT
);
-- 11 +/- SELECT COUNT(*) FROM PUBLIC.REPORT;
INSERT INTO PUBLIC.REPORT(ID, PARTICIPANT_ID, TEXT, LOCATION, PHOTO) VALUES
(1, 1, STRINGDECODE('\u041e\u0442\u0447\u0435\u0442 1'), NULL, NULL),
(33, 0, STRINGDECODE('\u041e\u0442\u0447\u0435\u0442 1'), NULL, NULL),
(34, 39, 'Jnxtn', NULL, NULL),
(35, 38, 'asdasd', NULL, NULL),
(36, 37, 'asdasd', NULL, NULL),
(66, 133, STRINGDECODE('\u0413\u0443\u0434'), NULL, NULL),
(67, 137, STRINGDECODE('\u0412\u0441\u043d'), NULL, NULL),
(68, 137, STRINGDECODE('\u0421\u0441\u044b\u043b\u043a\u0430'), NULL, NULL),
(69, 177, STRINGDECODE('\u21a9\ufe0f \u041d\u0430\u0437\u0430\u0434'), NULL, NULL),
(70, 0, STRINGDECODE('\u21a9\ufe0f \u041d\u0430\u0437\u0430\u0434'), NULL, NULL),
(71, 178, STRINGDECODE('\u21a9\ufe0f \u041d\u0430\u0437\u0430\u0434'), NULL, NULL);
CREATE CACHED TABLE PUBLIC.DATES_TEMPLATE(
    ID INT DEFAULT (NEXT VALUE FOR PUBLIC.SYSTEM_SEQUENCE_14E438B1_012E_41EB_82FD_B81521F40C9B) NOT NULL NULL_TO_DEFAULT SEQUENCE PUBLIC.SYSTEM_SEQUENCE_14E438B1_012E_41EB_82FD_B81521F40C9B,
    TYPE_OF_WORK_ID INT,
    DATE TEXT
);
-- 9 +/- SELECT COUNT(*) FROM PUBLIC.DATES_TEMPLATE;
INSERT INTO PUBLIC.DATES_TEMPLATE(ID, TYPE_OF_WORK_ID, DATE) VALUES
(392, 378, '10.08'),
(393, 379, '12.08'),
(394, 379, '13.08'),
(395, 380, '13.08'),
(424, 410, '15.08'),
(425, 410, '16.08'),
(426, 410, '17.08'),
(427, 411, '19.08'),
(428, 411, '20.08');
CREATE CACHED TABLE PUBLIC.CARS(
    ID INT DEFAULT (NEXT VALUE FOR PUBLIC.SYSTEM_SEQUENCE_EEDB880B_D82A_4C9E_B2D2_EDCA6F409462) NOT NULL NULL_TO_DEFAULT SEQUENCE PUBLIC.SYSTEM_SEQUENCE_EEDB880B_D82A_4C9E_B2D2_EDCA6F409462,
    NAME TEXT,
    USER_ID INT,
    STOCK_ID INT
);
ALTER TABLE PUBLIC.CARS ADD CONSTRAINT PUBLIC.CONSTRAINT_1 PRIMARY KEY(ID);
-- 0 +/- SELECT COUNT(*) FROM PUBLIC.CARS;
CREATE CACHED TABLE PUBLIC.FAMILY_RATE(
    ID INT DEFAULT (NEXT VALUE FOR PUBLIC.SYSTEM_SEQUENCE_0524FAD8_9D75_4A6B_9AFF_D049FDA104FC) NOT NULL NULL_TO_DEFAULT SEQUENCE PUBLIC.SYSTEM_SEQUENCE_0524FAD8_9D75_4A6B_9AFF_D049FDA104FC,
    FAMILY_ID INT,
    USER_ID INT,
    TYPE SMALLINT,
    COMMENT TEXT
);
ALTER TABLE PUBLIC.FAMILY_RATE ADD CONSTRAINT PUBLIC.CONSTRAINT_46 PRIMARY KEY(ID);
-- 5 +/- SELECT COUNT(*) FROM PUBLIC.FAMILY_RATE;
INSERT INTO PUBLIC.FAMILY_RATE(ID, FAMILY_ID, USER_ID, TYPE, COMMENT) VALUES
(102, 10738, 134, 0, NULL),
(103, 10727, 134, 0, NULL),
(104, 10739, 134, 1, NULL),
(105, 10740, 134, 2, NULL),
(106, 10800, 202, 1, NULL);
CREATE CACHED TABLE PUBLIC.FAMILY_GROUPS(
    ID INT DEFAULT (NEXT VALUE FOR PUBLIC.SYSTEM_SEQUENCE_342916C7_DD52_4664_A2EF_8F2919812BCF) NOT NULL NULL_TO_DEFAULT SEQUENCE PUBLIC.SYSTEM_SEQUENCE_342916C7_DD52_4664_A2EF_8F2919812BCF,
    GROUP_ID INT,
    FAMILY_GROUP_ID INT,
    STOCK_ID INT,
    FINISHED BOOLEAN DEFAULT FALSE
);
ALTER TABLE PUBLIC.FAMILY_GROUPS ADD CONSTRAINT PUBLIC.CONSTRAINT_DE PRIMARY KEY(ID);
-- 5 +/- SELECT COUNT(*) FROM PUBLIC.FAMILY_GROUPS;
INSERT INTO PUBLIC.FAMILY_GROUPS(ID, GROUP_ID, FAMILY_GROUP_ID, STOCK_ID, FINISHED) VALUES
(307, 134, 8, 142, FALSE),
(308, 134, 11, 142, FALSE),
(309, 142, 10, 142, FALSE),
(310, 142, 9, 142, FALSE),
(339, 202, 11, 178, FALSE);
CREATE CACHED TABLE PUBLIC.FRIENDS(
    ID INT DEFAULT (NEXT VALUE FOR PUBLIC.SYSTEM_SEQUENCE_5A7C955A_0390_4B75_B30B_05F484C409B3) NOT NULL NULL_TO_DEFAULT SEQUENCE PUBLIC.SYSTEM_SEQUENCE_5A7C955A_0390_4B75_B30B_05F484C409B3,
    USER_ID INT,
    FRIEND_USER_ID INT
);
ALTER TABLE PUBLIC.FRIENDS ADD CONSTRAINT PUBLIC.CONSTRAINT_70 PRIMARY KEY(ID);
-- 7 +/- SELECT COUNT(*) FROM PUBLIC.FRIENDS;
INSERT INTO PUBLIC.FRIENDS(ID, USER_ID, FRIEND_USER_ID) VALUES
(5, 338849363, 43394658),
(33, 127030179, 43394658),
(34, 336243307, 43394658),
(35, 327014630, 336243307),
(67, 127030179, 43394658),
(68, 127030179, 43394658),
(69, 127030179, 43394658);
CREATE CACHED TABLE PUBLIC.FAMILIES(
    ID INT DEFAULT (NEXT VALUE FOR PUBLIC.SYSTEM_SEQUENCE_ED1E2B59_BC22_4678_8842_74D5E3A638B4) NOT NULL NULL_TO_DEFAULT SEQUENCE PUBLIC.SYSTEM_SEQUENCE_ED1E2B59_BC22_4678_8842_74D5E3A638B4 SELECTIVITY 100,
    NAME TEXT,
    PHONE_NUMBER TEXT,
    ADDRESS TEXT,
    LONGITUDE FLOAT SELECTIVITY 10,
    LATITUDE FLOAT SELECTIVITY 9,
    CAR_ID INT DEFAULT 0 SELECTIVITY 1,
    GROUP_ID INT SELECTIVITY 1,
    STOCK_ID INT SELECTIVITY 1,
    STATUS INT DEFAULT 0,
    REPORT TEXT,
    VOLUNTEERS_GROUP_ID INT
);
ALTER TABLE PUBLIC.FAMILIES ADD CONSTRAINT PUBLIC.CONSTRAINT_5 PRIMARY KEY(ID);
-- 104 +/- SELECT COUNT(*) FROM PUBLIC.FAMILIES;
INSERT INTO PUBLIC.FAMILIES(ID, NAME, PHONE_NUMBER, ADDRESS, LONGITUDE, LATITUDE, CAR_ID, GROUP_ID, STOCK_ID, STATUS, REPORT, VOLUNTEERS_GROUP_ID) VALUES
(10689, STRINGDECODE('\u0410\u0439\u0433\u043e\u0436\u0438\u043d\u0430 \u0410\u0439\u0436\u0430\u043d \u041d\u0443\u0440\u043b\u0430\u043d\u043e\u0432\u043d\u0430'), '8-700-324-7457 8-700-150-0175', STRINGDECODE('22 \u043c\u043a\u0440\u043d \u0434.27/61 \u043a\u0432.18'), 0.4606087, 0.6031781, 0, 1, 142, 0, NULL, NULL),
(10690, STRINGDECODE('\u0412\u0438\u043d\u043d\u0438\u043a\u043e\u0432\u0430 \u0422\u0430\u0442\u044c\u044f\u043d\u0430'), '8-701-285-8530 53-74-74', STRINGDECODE('\u0443\u043b. \u0421\u0443\u0440\u0438\u043a\u043e\u0432\u0430 54'), 0.4606087, 0.6031781, 0, 1, 142, 0, NULL, NULL),
(10691, STRINGDECODE('\u0421\u0430\u0431\u0430\u0434\u043e\u0448 \u041e\u043b\u044c\u0433\u0430 \u041c\u0438\u0445\u0430\u0439\u043b\u043e\u0432\u043d\u0430'), '8-707-253-6950 53-70-65', STRINGDECODE('\u0443\u043b. \u0410\u0443\u044d\u0437\u043e\u0432\u0430 75\u0410'), 0.4606087, 0.6031781, 0, 1, 142, 0, NULL, NULL),
(10692, STRINGDECODE('\u041a\u043e\u0441\u043e\u043b\u0430\u043f\u043e\u0432\u0430 \u0415\u043b\u0435\u043d\u0430 \u0410\u043b\u0435\u043a\u0441\u0435\u0435\u0432\u043d\u0430'), '8-778-745-5453 8-700-153-6582', STRINGDECODE('\u0443\u043b. \u0421\u0432\u043e\u0434\u043d\u0430\u044f 1 \u043a\u0432.16'), 0.4606087, 0.6031781, 0, 1, 142, 0, NULL, NULL),
(10693, STRINGDECODE('\u041c\u0430\u0441\u043b\u043e\u0432\u0430 \u041e\u043b\u044c\u0433\u0430 \u0412\u0438\u043a\u0442\u043e\u0440\u043e\u0432\u043d\u0430'), '8-775-970-6215', STRINGDECODE('\u0443\u043b. \u041b\u0430\u043d\u0434\u044b\u0448\u0435\u0432\u0430 6'), 0.4606087, 0.6031781, 0, 1, 142, 0, NULL, NULL),
(10694, STRINGDECODE('\u0417\u0435\u043b\u0438\u043d \u041e\u043b\u044c\u0433\u0430 \u042e\u0440\u044c\u0435\u0432\u043d\u0430'), '8-705-248-6931', STRINGDECODE('21 \u043c\u043a\u0440\u043d \u0434.26 \u043a\u0432.42'), 0.4606087, 0.6031781, 0, 2, 142, 0, NULL, NULL),
(10695, STRINGDECODE('\u0422\u0456\u043b\u0435\u0443\u043c\u0443\u0440\u0430\u0442\u043e\u0432\u0430 \u04b0\u043b\u0431\u043e\u043b\u0441\u044b\u043d \u0421\u0435\u043c\u0435\u043d\u0434\u0435\u0440\u043e\u0432\u043d\u0430'), '8-778-944-6579 8-775-957-9865', STRINGDECODE('\u0443\u043b. \u0417\u0435\u043b\u0438\u043d\u0441\u043a\u0438\u0439 24/4 \u043a\u0432.67'), 0.4606087, 0.6031781, 0, 2, 142, 0, NULL, NULL),
(10696, STRINGDECODE('\u0427\u0435\u0440\u043d\u043e\u0432\u0430 \u0415\u043b\u0435\u043d\u0430 \u0412\u0438\u043a\u0442\u043e\u0440\u043e\u0432\u043d\u0430'), '8-702-381-3960', STRINGDECODE('21 \u043c\u043a\u0440\u043d \u0434.11 \u043a\u0432.34'), 0.4606087, 0.6031781, 0, 2, 142, 0, NULL, NULL),
(10697, STRINGDECODE('\u0422\u043e\u049b\u0442\u0430\u0440\u0431\u0430\u0435\u0432 \u0425\u0430\u0441\u0435\u043d\u0431\u0430\u0439'), '8-778-206-1015 8-775-354-2404', STRINGDECODE('21 \u043c\u043a\u0440\u043d \u0434.25 \u043a\u0432.63'), 0.4606087, 0.6031781, 0, 2, 142, 0, NULL, NULL),
(10698, STRINGDECODE('\u042f\u043a\u0443\u0431\u043e\u0432\u0430 \u041d\u0443\u0440\u043b\u044b \u0410\u0439\u0442\u0431\u0430\u0435\u0432\u043d\u0430'), '8-705-121-6185 8-705-121-6158', STRINGDECODE('21 \u043c\u043a\u0440\u043d \u0434.18 \u043a\u0432.48'), 0.4606087, 0.6031781, 0, 2, 142, 0, NULL, NULL),
(10699, STRINGDECODE('\u0417\u043e\u043b\u043e\u0442\u0430\u0440\u0435\u0432\u0430 \u0422\u0430\u0442\u044c\u044f\u043d\u0430 \u0410\u043b\u0435\u043a\u0441\u0430\u043d\u0434\u0440\u043e\u0432\u043d\u0430'), '8-705-155-3706 8-777-050-5113', STRINGDECODE('21 \u043c\u043a\u0440\u043d \u0434.26 \u043a\u0432.30'), 0.4606087, 0.6031781, 0, 2, 142, 0, NULL, NULL),
(10700, STRINGDECODE('\u0410\u0444\u043e\u043d\u0438\u043d\u0430 \u0421\u0432\u0435\u0442\u043b\u0430\u043d\u0430 \u0421\u0442\u0435\u043f\u0430\u043d\u043e\u0432\u043d\u0430'), '8-778-548-9051 8-775-937-5736', STRINGDECODE('\u0443\u043b. \u0420\u0430\u0441\u043a\u043e\u0432\u043e\u0439 1 \u0416\u0411\u0418'), 0.4606087, 0.6031781, 0, 2, 142, 0, NULL, NULL),
(10701, STRINGDECODE('\u041c\u0430\u043b\u044e\u0447\u0435\u043d\u043a\u043e \u041d\u0438\u043d\u0430 \u0410\u043b\u0435\u043a\u0441\u0430\u043d\u0434\u0440\u043e\u0432\u043d\u0430'), '8-705-901-4946 8-700-144-3583', STRINGDECODE('\u0443\u043b. \u0421\u0430\u0442\u043f\u0430\u0435\u0432\u0430 49, \u043a\u0432.2'), 0.4606087, 0.6031781, 0, 3, 142, 0, NULL, NULL);
INSERT INTO PUBLIC.FAMILIES(ID, NAME, PHONE_NUMBER, ADDRESS, LONGITUDE, LATITUDE, CAR_ID, GROUP_ID, STOCK_ID, STATUS, REPORT, VOLUNTEERS_GROUP_ID) VALUES
(10702, STRINGDECODE('\u0410\u0448\u043b\u044f\u0435\u0432\u0430 \u0410\u043b\u043c\u0430\u0433\u0443\u043b\u044c \u0428\u0430\u043b\u0493\u044b\u043c\u0431\u0430\u0439\u049b\u044b\u0437\u044b'), '8-747-649-6399', STRINGDECODE('\u0443\u043b. \u0420\u043e\u0432\u0435\u043d\u0441\u043a\u0430\u044f 20\u0430'), 0.4606087, 0.6031781, 0, 3, 142, 0, NULL, NULL),
(10703, STRINGDECODE('\u0418\u0437\u0430\u0442\u043e\u0432\u0430 \u0410\u0441\u0435\u043b\u044c \u041e\u0440\u0430\u0437\u0438\u0435\u0432\u043d\u0430'), '8-701-418-6880 44-03-40', STRINGDECODE('\u0443\u043b. \u0411\u0430\u0436\u0435\u043d\u043e\u0432\u0430 207'), 0.4606087, 0.6031781, 0, 3, 142, 0, NULL, NULL),
(10704, STRINGDECODE('\u041c\u0430\u043b\u044b\u0448\u0435\u0432\u0430 \u0410\u043d\u0436\u0435\u043b\u0438\u043a\u0430 \u0412\u043b\u0430\u0434\u0438\u043c\u0438\u0440\u043e\u0432\u043d\u0430'), '8-747-652-9730', STRINGDECODE('\u043f\u0435\u0440. \u0412\u0435\u0441\u0435\u043d\u043d\u0438\u0439 21\u0430'), 0.4606087, 0.6031781, 0, 3, 142, 0, NULL, NULL),
(10705, STRINGDECODE('\u0410\u0440\u044b\u049b\u0431\u0430\u0435\u0432\u0430 \u0410\u0439\u043d\u0443\u0440 \u0422\u0443\u0440\u043c\u0430\u0445\u0430\u043d\u0431\u0435\u0442\u043e\u0432\u043d\u0430'), '8-747-173-9573 8-702-726-1373', STRINGDECODE('\u0443\u043b. \u0411\u0443\u0445\u0430\u0440 \u0416\u044b\u0440\u0430\u0443 1/12-5'), 0.4606087, 0.6031781, 0, 3, 142, 0, NULL, NULL),
(10706, STRINGDECODE('\u049a\u0430\u043b\u0448\u0430\u0431\u0435\u043a\u043e\u0432\u0430 \u0421\u0432\u0435\u0442\u043b\u0430\u043d\u0430'), '8-778-709-3586 8-702-930-1180', STRINGDECODE('\u0443\u043b. \u0412\u043e\u043b\u043e\u0447\u0430\u0435\u0432\u0441\u043a\u0430\u044f 45 \u043a\u0432.14'), 0.4606087, 0.6031781, 0, 4, 142, 0, NULL, NULL),
(10707, STRINGDECODE('\u0413\u0435\u0440\u0430\u0441\u0438\u043c\u043e\u0432\u0430 \u0421\u0432\u0435\u0442\u043b\u0430\u043d\u0430 \u0410\u043b\u0435\u043a\u0441\u0430\u043d\u0434\u0440\u043e\u0432\u043d\u0430'), '8-702-368-7192', STRINGDECODE('\u0443\u043b. \u0410\u043d\u0436\u0435\u0440\u0441\u043a\u0430\u044f 31 \u043a\u0432.23'), 0.4606087, 0.6031781, 0, 4, 142, 0, NULL, NULL),
(10708, STRINGDECODE('\u041c\u0443\u0441\u0438\u043d\u0430 \u0410\u0441\u0435\u043b\u044c \u0416\u0430\u043d\u0430\u0431\u0435\u043a\u043e\u0432\u043d\u0430'), '8-708-963-8329', STRINGDECODE('\u0443\u043b. \u0420\u0430\u0437\u0440\u0435\u0437\u043e\u0432\u0441\u043a\u0430\u044f 97 \u043a\u0432.2'), 0.4606087, 0.6031781, 0, 4, 142, 0, NULL, NULL),
(10709, STRINGDECODE('\u0421\u0438\u043a\u043e\u0440\u0430 \u0421\u0432\u0435\u0442\u043b\u0430\u043d\u0430 \u042d\u0434\u0443\u0430\u0440\u0434\u043e\u0432\u043d\u0430'), '8-771-288-7939', STRINGDECODE('\u0443\u043b. \u041e\u043a\u0442\u044f\u0431\u0440\u044c\u0441\u043a\u0430\u044f 1\u0410'), 0.4606087, 0.6031781, 0, 4, 142, 0, NULL, NULL),
(10710, STRINGDECODE('\u0414\u0443\u043d\u0434\u0443\u043a\u043e\u0432\u0430 \u0421\u0432\u0435\u0442\u043b\u0430\u043d\u0430 \u0410\u043d\u0430\u0442\u043e\u043b\u044c\u0435\u0432\u043d\u0430'), '8-777-486-5997 8-771-044-2532', STRINGDECODE('\u0443\u043b. \u041f\u0435\u0440\u043e\u043d\u043d\u0430\u044f 18 \u043a\u0432.4 2 \u044d\u0442\u0430\u0436'), 0.4606087, 0.6031781, 0, 5, 142, 0, NULL, NULL),
(10711, STRINGDECODE('\u0410\u0431\u0435\u0443\u043e\u0432\u0430 \u0410\u049b\u043c\u0430\u0440\u0430\u043b \u0422\u04b1\u0493\u0430\u043d\u0431\u0430\u0439\u049b\u044b\u0437\u044b'), '8-705-826-6694 79-33-30', STRINGDECODE('737 \u043a\u043c \u0434.3 \u043a\u0432.1'), 0.4606087, 0.6031781, 0, 5, 142, 0, NULL, NULL),
(10712, STRINGDECODE('\u0422\u0443\u0441\u0438\u043f\u0431\u0435\u043a\u043e\u0432\u0430 \u0410\u0439\u0433\u0443\u043b\u044c'), '8-771-193-7691 8-701-620-0451', STRINGDECODE('\u0443\u043b. \u041e\u0440\u043b\u043e\u0432\u0430 7'), 0.4606087, 0.6031781, 0, 5, 142, 0, NULL, NULL),
(10713, STRINGDECODE('\u0415\u0433\u043e\u0440\u043e\u0447\u043a\u0438\u043d\u0430 \u041d\u0430\u0442\u0430\u043b\u044c\u044f \u0410\u043b\u0435\u043a\u0441\u0430\u043d\u0434\u0440\u043e\u0432\u043d\u0430'), '8-702-625-3951', STRINGDECODE('\u0443\u043b. \u0414\u043e\u043b\u0438\u043d\u0441\u043a\u0430\u044f 29'), 0.4606087, 0.6031781, 0, 5, 142, 0, NULL, NULL);
INSERT INTO PUBLIC.FAMILIES(ID, NAME, PHONE_NUMBER, ADDRESS, LONGITUDE, LATITUDE, CAR_ID, GROUP_ID, STOCK_ID, STATUS, REPORT, VOLUNTEERS_GROUP_ID) VALUES
(10714, STRINGDECODE('\u0411\u0430\u0439\u043c\u0430\u043a\u0430\u043d\u043e\u0432\u0430 \u0417\u0435\u0439\u043d\u0443\u0440\u044f\u043d \u041a\u0443\u043b\u044c\u0436\u0430\u043d\u043e\u0432\u043d\u0430'), '8-705-589-8195 8-708-977-3589', STRINGDECODE('\u0443\u043b. \u0426\u0435\u0445\u043e\u0432\u0430\u044f 37 \u043a\u0432.8'), 0.4606087, 0.6031781, 0, 6, 142, 0, NULL, NULL),
(10715, STRINGDECODE('\u0420\u044f\u0431\u0447\u0443\u043d \u041d\u0438\u043d\u0430 \u0410\u043b\u0435\u043a\u0441\u0430\u043d\u0434\u0440\u043e\u0432\u043d\u0430'), '8-708-144-8138 8-747-377-9462', STRINGDECODE('\u043f\u0435\u0440. \u041a\u0443\u0437\u043d\u0435\u0447\u043d\u044b\u0439 43 \u043a\u0432.1'), 0.4606087, 0.6031781, 0, 6, 142, 0, NULL, NULL),
(10716, STRINGDECODE('\u0428\u043e\u0440\u043e\u0445\u043e\u0432\u0430 \u041c\u0430\u0440\u0438\u043d\u0430 \u042e\u0440\u044c\u0435\u0432\u043d\u0430'), '8-777-322-9241', STRINGDECODE('\u0443\u043b. \u041f\u0430\u0440\u043e\u0432\u043e\u0437\u043d\u0430\u044f 78'), 0.4606087, 0.6031781, 0, 6, 142, 0, NULL, NULL),
(10717, STRINGDECODE('\u0422\u0435\u043f\u0435\u043b\u044c\u0442\u043e\u043d \u041b\u044e\u0434\u043c\u0438\u043b\u0430 \u041b\u0435\u043e\u043d\u0438\u0434\u043e\u0432\u043d\u0430'), '8-702-133-8490 8-708-914-0698', STRINGDECODE('\u0443\u043b. \u041c\u043e\u0441\u0442\u043e\u0432\u0430\u044f 3'), 0.4606087, 0.6031781, 0, 6, 142, 0, NULL, NULL),
(10718, STRINGDECODE('\u0410\u043d\u0434\u0440\u0438\u0430\u043d\u043e\u0432\u0430 \u0415\u043a\u0430\u0442\u0435\u0440\u0438\u043d\u0430 \u0412\u0430\u043b\u0435\u0440\u044c\u0435\u0432\u043d\u0430'), '8-708-632-5359 8-778-398-6393', STRINGDECODE('\u0443\u043b. \u0412\u0430\u0433\u043e\u043d\u043d\u0430\u044f (\u0426\u0435\u0445\u0430) 18, \u043a\u0432 2'), 0.4606087, 0.6031781, 0, 7, 142, 0, NULL, NULL),
(10719, STRINGDECODE('\u0414\u043e\u0441\u0431\u0435\u0440\u0433\u0435\u043d\u043e\u0432\u0430 \u0410\u0439\u0433\u0435\u0440\u0438\u043c \u041e\u0440\u0430\u0437\u0431\u0430\u0435\u0432\u043d\u0430'), '8-778-192-8493 8-775-329-7325', STRINGDECODE('\u0443\u043b. \u0425\u043e\u0437\u044f\u0439\u0441\u0442\u0432\u0435\u043d\u043d\u0430\u044f 3'), 0.4606087, 0.6031781, 0, 7, 142, 0, NULL, NULL),
(10720, STRINGDECODE('\u0421\u043e\u043a\u043e\u043b\u043e\u0432\u0430 \u041d\u0430\u0442\u0430\u043b\u044c\u044f \u041d\u0438\u043a\u043e\u043b\u0430\u0435\u0432\u043d\u0430'), '8-702-613-2539 8-705-469-6911', STRINGDECODE('\u0443\u043b. \u0426\u0435\u0445\u043e\u0432\u0430\u044f 10\u0430 \u043a\u0432.5'), 0.4606087, 0.6031781, 0, 7, 142, 0, NULL, NULL),
(10721, STRINGDECODE('\u0420\u0443\u0441\u0430\u043d\u043e\u0432\u0430 \u0414\u0430\u043b\u043b\u0430\u0440\u0430 \u041a\u0430\u0441\u044b\u043c\u043e\u0432\u043d\u0430'), '8-778-729-0731 8-778-192-9683', STRINGDECODE('\u0443\u043b. \u0426\u0435\u0445\u043e\u0432\u0430\u044f 10\u0430 \u043a\u0432.17'), 0.4606087, 0.6031781, 0, 7, 142, 0, NULL, NULL),
(10722, STRINGDECODE('\u0413\u0443\u0431\u0438\u043d\u0430 \u041b\u044e\u0431\u043e\u0432\u044c \u041a\u043e\u043d\u0441\u0442\u0430\u043d\u0442\u0438\u043d\u043e\u0432\u043d\u0430'), '8-707-632-1394 8-747-821-2754', STRINGDECODE('\u0443\u043b. \u041f\u0430\u0440\u043e\u0432\u043e\u0437\u043d\u0430\u044f 22'), 0.4606087, 0.6031781, 0, 7, 142, 0, NULL, NULL),
(10723, STRINGDECODE('\u0410\u0431\u0435\u0443\u043e\u0432\u0430 \u0428\u044b\u043d\u0430\u0440 \u0415\u0441\u0435\u043d\u043a\u0435\u043b\u044c\u0434\u0438\u043d\u043e\u0432\u043d\u0430'), '8-775-758-4951', STRINGDECODE('\u0443\u043b. \u0426\u0435\u0445\u043e\u0432\u0430\u044f 10\u0410 \u043a\u0432.8'), 0.4606087, 0.6031781, 0, 7, 142, 0, NULL, NULL),
(10724, STRINGDECODE('\u0422\u0430\u0440\u0430\u0442\u0443\u0445\u0438\u043d\u0430 \u041c\u0430\u0440\u0438\u044f \u0412\u043b\u0430\u0434\u0438\u043c\u0438\u0440\u043e\u0432\u043d\u0430'), '8-702-626-1482', STRINGDECODE('\u0443\u043b. \u0425\u043e\u0437\u044f\u0439\u0441\u0442\u0432\u0435\u043d\u043d\u0430\u044f 5'), 0.4606087, 0.6031781, 0, 7, 142, 0, NULL, NULL);
INSERT INTO PUBLIC.FAMILIES(ID, NAME, PHONE_NUMBER, ADDRESS, LONGITUDE, LATITUDE, CAR_ID, GROUP_ID, STOCK_ID, STATUS, REPORT, VOLUNTEERS_GROUP_ID) VALUES
(10725, STRINGDECODE('\u041a\u0430\u0447\u043a\u0438\u043d\u0430 \u041c\u0430\u0440\u0438\u043d\u0430 \u042e\u0440\u044c\u0435\u0432\u043d\u0430'), '8-701-387-05-18 21-54-76', STRINGDECODE('19 \u043c\u043a\u0440\u043d \u0434.55 \u043a\u0432.19'), 0.4606087, 0.6031781, 0, 8, 142, 1, NULL, 0),
(10726, STRINGDECODE('\u0417\u0438\u044f\u0435\u0432\u0430 \u0412\u0435\u0440\u043e\u043d\u0438\u043a\u0430 \u0418\u0432\u0430\u043d\u043e\u0432\u043d\u0430'), '8-708-558-8023', STRINGDECODE('1 \u043a\u0432\u0430\u0440\u0442\u0430\u043b \u0434.1 \u043a\u0432.3'), 0.4606087, 0.6031781, 0, 8, 142, 1, NULL, 0),
(10727, STRINGDECODE('\u041b\u0430\u0440\u043a\u0438\u043d\u0430 \u042f\u043d\u0430 \u041e\u043b\u0435\u0433\u043e\u0432\u043d\u0430'), '8-747-262-7976 8-7212-45-73-02', STRINGDECODE('\u0443\u043b. \u0410\u0440\u0445\u0438\u0442\u0435\u043a\u0442\u0443\u0440\u043d\u0430\u044f 4 \u043a\u0432.19'), 0.4606087, 0.6031781, 0, 8, 142, 1, NULL, 0),
(10728, STRINGDECODE('\u0421\u044b\u0447\u0435\u0432\u0430 \u041b\u044e\u0431\u043e\u0432\u044c \u0412\u0438\u043a\u0442\u043e\u0440\u043e\u0432\u043d\u0430'), '8-701-972-7226', STRINGDECODE('\u0414\u043e\u0441\u043a\u0435\u044f 39 \u043a\u0432.15'), 0.4606087, 0.6031781, 0, 8, 142, 1, NULL, 0),
(10729, STRINGDECODE('\u0428\u0430\u0440\u0438\u043f\u043e\u0432\u0430 \u0420\u0430\u0438\u0441\u0430 \u0412\u0430\u0441\u0438\u043b\u044c\u0435\u0432\u043d\u0430'), '8-747-764-0834', STRINGDECODE('12 \u043c\u043a\u0440\u043d \u0434.63\u0430 \u043a\u0432.25'), 0.4606087, 0.6031781, 0, 9, 142, 0, NULL, NULL),
(10730, STRINGDECODE('\u0422\u0430\u0439\u0431\u0435\u043a\u043e\u0432\u0430 \u041a\u0438\u044f\u0433\u0443\u043b\u044c \u041c\u044d\u043b\u0441\u043e\u0432\u043d\u0430'), '8-707-735-3637 8-702-152-3852', STRINGDECODE('12 \u043c\u043a\u0440\u043d. \u0434.34 \u043a\u0432.44'), 0.4606087, 0.6031781, 0, 9, 142, 0, NULL, NULL),
(10731, STRINGDECODE('\u0411\u0430\u0439\u0434\u0435\u043b\u044c\u0434\u0438\u043d\u043e\u0432\u0430 \u0410\u0439\u0436\u0430\u043d \u0414\u0430\u043d\u044b\u0448\u0431\u0430\u0435\u0432\u043d\u0430'), '8-700-984-7502', STRINGDECODE('12 \u043c\u043a\u0440\u043d \u0434.51 \u043a\u0432.26'), 0.4606087, 0.6031781, 0, 9, 142, 0, NULL, NULL),
(10732, STRINGDECODE('\u0417\u0438\u044f\u0448\u0435\u0432\u0430 \u049a\u0430\u0440\u0448\u044b\u0493\u0430 \u0410\u0437\u0438\u043c\u0445\u0430\u043d\u043e\u0432\u043d\u0430'), '8-747-367-7521 8-705-229-3589', STRINGDECODE('12 \u043c\u043a\u0440\u043d \u0434.37 \u043a\u0432.77'), 0.4606087, 0.6031781, 0, 9, 142, 0, NULL, NULL),
(10733, STRINGDECODE('\u0427\u0430\u0449\u0438\u043d\u0430 \u041d\u0430\u0442\u0430\u043b\u044c\u044f \u0421\u0442\u0435\u043f\u0430\u043d\u043e\u0432\u043d\u0430'), '8-705-260-8031', STRINGDECODE('\u041c\u0430\u0439\u043b\u0438\u043d\u0430 47 \u043a\u0432.115'), 0.4606087, 0.6031781, 0, 10, 142, 0, NULL, NULL),
(10734, STRINGDECODE('\u0425\u043e\u0440\u0435\u0432\u0438\u0447 \u0417\u0438\u043d\u0430\u0438\u0434\u0430 \u0412\u043b\u0430\u0434\u0438\u043c\u0438\u0440\u043e\u0432\u043d\u0430'), '8-775-522-7484 8-777-629-4846', STRINGDECODE('12 \u043c\u043a\u0440\u043d \u0434.10 \u043a\u0432.50'), 0.4606087, 0.6031781, 0, 10, 142, 0, NULL, NULL),
(10735, STRINGDECODE('\u0410\u0445\u043c\u0435\u0442\u043e\u0432\u0430 \u0410\u0439\u043d\u0443\u0440'), '8-771-527-4600', STRINGDECODE('16 \u043c\u043a\u0440\u043d. \u0434.11 \u043a\u0432.69'), 0.4606087, 0.6031781, 0, 10, 142, 0, NULL, NULL),
(10736, STRINGDECODE('\u0414\u044e\u0441\u043a\u0435\u043d\u043e\u0432\u0430 \u0410\u0439\u043c\u0430\u043d \u041a\u043e\u0448\u0435\u0442\u0430\u0435\u0432\u043d\u0430'), '8-702-663-6309', STRINGDECODE('\u0443\u043b. \u041c\u0430\u0433\u043d\u0438\u0442\u043e\u0433\u043e\u0440\u0441\u043a\u0430\u044f 47 \u043a\u0432.1'), 0.4606087, 0.6031781, 0, 10, 142, 0, NULL, NULL),
(10737, STRINGDECODE('\u041a\u0443\u0434\u0430\u0439\u0431\u0435\u0440\u0433\u0435\u043d\u043e\u0432\u0430 \u0420\u044b\u0441\u0434\u0430\u0443\u043b\u0435\u0442 \u0422\u043b\u0435\u043a\u0431\u0430\u0435\u0432\u043d\u0430'), '8-778-685-3941 8-700-580-9540', STRINGDECODE('\u043c\u043a\u0440\u043d 15 \u0434.5 \u043a\u0432.61'), 0.4606087, 0.6031781, 0, 10, 142, 0, NULL, NULL);
INSERT INTO PUBLIC.FAMILIES(ID, NAME, PHONE_NUMBER, ADDRESS, LONGITUDE, LATITUDE, CAR_ID, GROUP_ID, STOCK_ID, STATUS, REPORT, VOLUNTEERS_GROUP_ID) VALUES
(10738, STRINGDECODE('\u0416\u0430\u043a\u0443\u043f\u043e\u0432\u0430 \u0410\u0441\u0435\u043c\u0433\u0443\u043b\u044c \u041a\u0430\u0434\u0435\u0442\u043e\u0432\u043d\u0430'), '8-705-195-0882 8-775-532-7231', STRINGDECODE('\u0443\u043b. \u041b\u0435\u0440\u043c\u043e\u043d\u0442\u043e\u0432\u0430 125 \u0421\u043e\u0440\u0442\u0438\u0440\u043e\u0432\u043e\u0447\u043d\u0430\u044f'), 0.4606087, 0.6031781, 0, 11, 142, 1, NULL, 0),
(10739, STRINGDECODE('\u041e\u0441\u0438\u043f\u043e\u0432\u0438\u0447 \u041d\u0430\u0434\u0435\u0436\u0434\u0430 \u0410\u043d\u0430\u0442\u043e\u043b\u044c\u0435\u0432\u043d\u0430'), '8-702-117-3954 8-708-911-0976', STRINGDECODE('\u0443\u043b. \u0421\u0435\u0440\u043e\u0432\u0430 91 \u043a\u0432.68'), 0.4606087, 0.6031781, 0, 11, 142, 1, NULL, 0),
(10740, STRINGDECODE('\u0422\u0430\u0443\u043a\u0435\u043d\u043e\u0432 \u0422\u0443\u0440\u0441\u044b\u043d \u0411\u0430\u043a\u0435\u0448\u0435\u0432\u0438\u0447'), '8-747-347-5328 8-747-637-9056', STRINGDECODE('\u0443\u043b. \u041c\u0430\u043d\u0443\u0438\u043b\u044c\u0441\u043a\u043e\u0433\u043e \u0434.21 \u043a\u0432.43'), 0.4606087, 0.6031781, 0, 11, 142, 1, NULL, 0),
(10753, STRINGDECODE('\u0410\u0439\u0433\u043e\u0436\u0438\u043d\u0430 \u0410\u0439\u0436\u0430\u043d \u041d\u0443\u0440\u043b\u0430\u043d\u043e\u0432\u043d\u0430'), '8-700-324-7457 8-700-150-0175', STRINGDECODE('22 \u043c\u043a\u0440\u043d \u0434.27/61 \u043a\u0432.18'), 0.4606087, 0.6031781, 0, 1, 178, 0, NULL, NULL),
(10754, STRINGDECODE('\u0412\u0438\u043d\u043d\u0438\u043a\u043e\u0432\u0430 \u0422\u0430\u0442\u044c\u044f\u043d\u0430'), '8-701-285-8530 53-74-74', STRINGDECODE('\u0443\u043b. \u0421\u0443\u0440\u0438\u043a\u043e\u0432\u0430 54'), 0.4606087, 0.6031781, 0, 1, 178, 0, NULL, NULL),
(10755, STRINGDECODE('\u0421\u0430\u0431\u0430\u0434\u043e\u0448 \u041e\u043b\u044c\u0433\u0430 \u041c\u0438\u0445\u0430\u0439\u043b\u043e\u0432\u043d\u0430'), '8-707-253-6950 53-70-65', STRINGDECODE('\u0443\u043b. \u0410\u0443\u044d\u0437\u043e\u0432\u0430 75\u0410'), 0.4606087, 0.6031781, 0, 1, 178, 0, NULL, NULL),
(10756, STRINGDECODE('\u041a\u043e\u0441\u043e\u043b\u0430\u043f\u043e\u0432\u0430 \u0415\u043b\u0435\u043d\u0430 \u0410\u043b\u0435\u043a\u0441\u0435\u0435\u0432\u043d\u0430'), '8-778-745-5453 8-700-153-6582', STRINGDECODE('\u0443\u043b. \u0421\u0432\u043e\u0434\u043d\u0430\u044f 1 \u043a\u0432.16'), 0.4606087, 0.6031781, 0, 1, 178, 0, NULL, NULL),
(10757, STRINGDECODE('\u041c\u0430\u0441\u043b\u043e\u0432\u0430 \u041e\u043b\u044c\u0433\u0430 \u0412\u0438\u043a\u0442\u043e\u0440\u043e\u0432\u043d\u0430'), '8-775-970-6215', STRINGDECODE('\u0443\u043b. \u041b\u0430\u043d\u0434\u044b\u0448\u0435\u0432\u0430 6'), 0.4606087, 0.6031781, 0, 1, 178, 0, NULL, NULL),
(10758, STRINGDECODE('\u0417\u0435\u043b\u0438\u043d \u041e\u043b\u044c\u0433\u0430 \u042e\u0440\u044c\u0435\u0432\u043d\u0430'), '8-705-248-6931', STRINGDECODE('21 \u043c\u043a\u0440\u043d \u0434.26 \u043a\u0432.42'), 0.4606087, 0.6031781, 0, 2, 178, 0, NULL, NULL),
(10759, STRINGDECODE('\u0422\u0456\u043b\u0435\u0443\u043c\u0443\u0440\u0430\u0442\u043e\u0432\u0430 \u04b0\u043b\u0431\u043e\u043b\u0441\u044b\u043d \u0421\u0435\u043c\u0435\u043d\u0434\u0435\u0440\u043e\u0432\u043d\u0430'), '8-778-944-6579 8-775-957-9865', STRINGDECODE('\u0443\u043b. \u0417\u0435\u043b\u0438\u043d\u0441\u043a\u0438\u0439 24/4 \u043a\u0432.67'), 0.4606087, 0.6031781, 0, 2, 178, 0, NULL, NULL),
(10760, STRINGDECODE('\u0427\u0435\u0440\u043d\u043e\u0432\u0430 \u0415\u043b\u0435\u043d\u0430 \u0412\u0438\u043a\u0442\u043e\u0440\u043e\u0432\u043d\u0430'), '8-702-381-3960', STRINGDECODE('21 \u043c\u043a\u0440\u043d \u0434.11 \u043a\u0432.34'), 0.4606087, 0.6031781, 0, 2, 178, 0, NULL, NULL),
(10761, STRINGDECODE('\u0422\u043e\u049b\u0442\u0430\u0440\u0431\u0430\u0435\u0432 \u0425\u0430\u0441\u0435\u043d\u0431\u0430\u0439'), '8-778-206-1015 8-775-354-2404', STRINGDECODE('21 \u043c\u043a\u0440\u043d \u0434.25 \u043a\u0432.63'), 0.4606087, 0.6031781, 0, 2, 178, 0, NULL, NULL);
INSERT INTO PUBLIC.FAMILIES(ID, NAME, PHONE_NUMBER, ADDRESS, LONGITUDE, LATITUDE, CAR_ID, GROUP_ID, STOCK_ID, STATUS, REPORT, VOLUNTEERS_GROUP_ID) VALUES
(10762, STRINGDECODE('\u042f\u043a\u0443\u0431\u043e\u0432\u0430 \u041d\u0443\u0440\u043b\u044b \u0410\u0439\u0442\u0431\u0430\u0435\u0432\u043d\u0430'), '8-705-121-6185 8-705-121-6158', STRINGDECODE('21 \u043c\u043a\u0440\u043d \u0434.18 \u043a\u0432.48'), 0.4606087, 0.6031781, 0, 2, 178, 0, NULL, NULL),
(10763, STRINGDECODE('\u0417\u043e\u043b\u043e\u0442\u0430\u0440\u0435\u0432\u0430 \u0422\u0430\u0442\u044c\u044f\u043d\u0430 \u0410\u043b\u0435\u043a\u0441\u0430\u043d\u0434\u0440\u043e\u0432\u043d\u0430'), '8-705-155-3706 8-777-050-5113', STRINGDECODE('21 \u043c\u043a\u0440\u043d \u0434.26 \u043a\u0432.30'), 0.4606087, 0.6031781, 0, 2, 178, 0, NULL, NULL),
(10764, STRINGDECODE('\u0410\u0444\u043e\u043d\u0438\u043d\u0430 \u0421\u0432\u0435\u0442\u043b\u0430\u043d\u0430 \u0421\u0442\u0435\u043f\u0430\u043d\u043e\u0432\u043d\u0430'), '8-778-548-9051 8-775-937-5736', STRINGDECODE('\u0443\u043b. \u0420\u0430\u0441\u043a\u043e\u0432\u043e\u0439 1 \u0416\u0411\u0418'), 0.4606087, 0.6031781, 0, 2, 178, 0, NULL, NULL),
(10765, STRINGDECODE('\u041c\u0430\u043b\u044e\u0447\u0435\u043d\u043a\u043e \u041d\u0438\u043d\u0430 \u0410\u043b\u0435\u043a\u0441\u0430\u043d\u0434\u0440\u043e\u0432\u043d\u0430'), '8-705-901-4946 8-700-144-3583', STRINGDECODE('\u0443\u043b. \u0421\u0430\u0442\u043f\u0430\u0435\u0432\u0430 49, \u043a\u0432.2'), 0.4606087, 0.6031781, 0, 3, 178, 0, NULL, NULL),
(10766, STRINGDECODE('\u0410\u0448\u043b\u044f\u0435\u0432\u0430 \u0410\u043b\u043c\u0430\u0433\u0443\u043b\u044c \u0428\u0430\u043b\u0493\u044b\u043c\u0431\u0430\u0439\u049b\u044b\u0437\u044b'), '8-747-649-6399', STRINGDECODE('\u0443\u043b. \u0420\u043e\u0432\u0435\u043d\u0441\u043a\u0430\u044f 20\u0430'), 0.4606087, 0.6031781, 0, 3, 178, 0, NULL, NULL),
(10767, STRINGDECODE('\u0418\u0437\u0430\u0442\u043e\u0432\u0430 \u0410\u0441\u0435\u043b\u044c \u041e\u0440\u0430\u0437\u0438\u0435\u0432\u043d\u0430'), '8-701-418-6880 44-03-40', STRINGDECODE('\u0443\u043b. \u0411\u0430\u0436\u0435\u043d\u043e\u0432\u0430 207'), 0.4606087, 0.6031781, 0, 3, 178, 0, NULL, NULL),
(10768, STRINGDECODE('\u041c\u0430\u043b\u044b\u0448\u0435\u0432\u0430 \u0410\u043d\u0436\u0435\u043b\u0438\u043a\u0430 \u0412\u043b\u0430\u0434\u0438\u043c\u0438\u0440\u043e\u0432\u043d\u0430'), '8-747-652-9730', STRINGDECODE('\u043f\u0435\u0440. \u0412\u0435\u0441\u0435\u043d\u043d\u0438\u0439 21\u0430'), 0.4606087, 0.6031781, 0, 3, 178, 0, NULL, NULL),
(10769, STRINGDECODE('\u0410\u0440\u044b\u049b\u0431\u0430\u0435\u0432\u0430 \u0410\u0439\u043d\u0443\u0440 \u0422\u0443\u0440\u043c\u0430\u0445\u0430\u043d\u0431\u0435\u0442\u043e\u0432\u043d\u0430'), '8-747-173-9573 8-702-726-1373', STRINGDECODE('\u0443\u043b. \u0411\u0443\u0445\u0430\u0440 \u0416\u044b\u0440\u0430\u0443 1/12-5'), 0.4606087, 0.6031781, 0, 3, 178, 0, NULL, NULL),
(10770, STRINGDECODE('\u049a\u0430\u043b\u0448\u0430\u0431\u0435\u043a\u043e\u0432\u0430 \u0421\u0432\u0435\u0442\u043b\u0430\u043d\u0430'), '8-778-709-3586 8-702-930-1180', STRINGDECODE('\u0443\u043b. \u0412\u043e\u043b\u043e\u0447\u0430\u0435\u0432\u0441\u043a\u0430\u044f 45 \u043a\u0432.14'), 0.4606087, 0.6031781, 0, 4, 178, 0, NULL, NULL),
(10771, STRINGDECODE('\u0413\u0435\u0440\u0430\u0441\u0438\u043c\u043e\u0432\u0430 \u0421\u0432\u0435\u0442\u043b\u0430\u043d\u0430 \u0410\u043b\u0435\u043a\u0441\u0430\u043d\u0434\u0440\u043e\u0432\u043d\u0430'), '8-702-368-7192', STRINGDECODE('\u0443\u043b. \u0410\u043d\u0436\u0435\u0440\u0441\u043a\u0430\u044f 31 \u043a\u0432.23'), 0.4606087, 0.6031781, 0, 4, 178, 0, NULL, NULL),
(10772, STRINGDECODE('\u041c\u0443\u0441\u0438\u043d\u0430 \u0410\u0441\u0435\u043b\u044c \u0416\u0430\u043d\u0430\u0431\u0435\u043a\u043e\u0432\u043d\u0430'), '8-708-963-8329', STRINGDECODE('\u0443\u043b. \u0420\u0430\u0437\u0440\u0435\u0437\u043e\u0432\u0441\u043a\u0430\u044f 97 \u043a\u0432.2'), 0.4606087, 0.6031781, 0, 4, 178, 0, NULL, NULL),
(10773, STRINGDECODE('\u0421\u0438\u043a\u043e\u0440\u0430 \u0421\u0432\u0435\u0442\u043b\u0430\u043d\u0430 \u042d\u0434\u0443\u0430\u0440\u0434\u043e\u0432\u043d\u0430'), '8-771-288-7939', STRINGDECODE('\u0443\u043b. \u041e\u043a\u0442\u044f\u0431\u0440\u044c\u0441\u043a\u0430\u044f 1\u0410'), 0.4606087, 0.6031781, 0, 4, 178, 0, NULL, NULL);
INSERT INTO PUBLIC.FAMILIES(ID, NAME, PHONE_NUMBER, ADDRESS, LONGITUDE, LATITUDE, CAR_ID, GROUP_ID, STOCK_ID, STATUS, REPORT, VOLUNTEERS_GROUP_ID) VALUES
(10774, STRINGDECODE('\u0414\u0443\u043d\u0434\u0443\u043a\u043e\u0432\u0430 \u0421\u0432\u0435\u0442\u043b\u0430\u043d\u0430 \u0410\u043d\u0430\u0442\u043e\u043b\u044c\u0435\u0432\u043d\u0430'), '8-777-486-5997 8-771-044-2532', STRINGDECODE('\u0443\u043b. \u041f\u0435\u0440\u043e\u043d\u043d\u0430\u044f 18 \u043a\u0432.4 2 \u044d\u0442\u0430\u0436'), 0.4606087, 0.6031781, 0, 5, 178, 0, NULL, NULL),
(10775, STRINGDECODE('\u0410\u0431\u0435\u0443\u043e\u0432\u0430 \u0410\u049b\u043c\u0430\u0440\u0430\u043b \u0422\u04b1\u0493\u0430\u043d\u0431\u0430\u0439\u049b\u044b\u0437\u044b'), '8-705-826-6694 79-33-30', STRINGDECODE('737 \u043a\u043c \u0434.3 \u043a\u0432.1'), 0.4606087, 0.6031781, 0, 5, 178, 0, NULL, NULL),
(10776, STRINGDECODE('\u0422\u0443\u0441\u0438\u043f\u0431\u0435\u043a\u043e\u0432\u0430 \u0410\u0439\u0433\u0443\u043b\u044c'), '8-771-193-7691 8-701-620-0451', STRINGDECODE('\u0443\u043b. \u041e\u0440\u043b\u043e\u0432\u0430 7'), 0.4606087, 0.6031781, 0, 5, 178, 0, NULL, NULL),
(10777, STRINGDECODE('\u0415\u0433\u043e\u0440\u043e\u0447\u043a\u0438\u043d\u0430 \u041d\u0430\u0442\u0430\u043b\u044c\u044f \u0410\u043b\u0435\u043a\u0441\u0430\u043d\u0434\u0440\u043e\u0432\u043d\u0430'), '8-702-625-3951', STRINGDECODE('\u0443\u043b. \u0414\u043e\u043b\u0438\u043d\u0441\u043a\u0430\u044f 29'), 0.4606087, 0.6031781, 0, 5, 178, 0, NULL, NULL),
(10778, STRINGDECODE('\u0411\u0430\u0439\u043c\u0430\u043a\u0430\u043d\u043e\u0432\u0430 \u0417\u0435\u0439\u043d\u0443\u0440\u044f\u043d \u041a\u0443\u043b\u044c\u0436\u0430\u043d\u043e\u0432\u043d\u0430'), '8-705-589-8195 8-708-977-3589', STRINGDECODE('\u0443\u043b. \u0426\u0435\u0445\u043e\u0432\u0430\u044f 37 \u043a\u0432.8'), 0.4606087, 0.6031781, 0, 6, 178, 0, NULL, NULL),
(10779, STRINGDECODE('\u0420\u044f\u0431\u0447\u0443\u043d \u041d\u0438\u043d\u0430 \u0410\u043b\u0435\u043a\u0441\u0430\u043d\u0434\u0440\u043e\u0432\u043d\u0430'), '8-708-144-8138 8-747-377-9462', STRINGDECODE('\u043f\u0435\u0440. \u041a\u0443\u0437\u043d\u0435\u0447\u043d\u044b\u0439 43 \u043a\u0432.1'), 0.4606087, 0.6031781, 0, 6, 178, 0, NULL, NULL),
(10780, STRINGDECODE('\u0428\u043e\u0440\u043e\u0445\u043e\u0432\u0430 \u041c\u0430\u0440\u0438\u043d\u0430 \u042e\u0440\u044c\u0435\u0432\u043d\u0430'), '8-777-322-9241', STRINGDECODE('\u0443\u043b. \u041f\u0430\u0440\u043e\u0432\u043e\u0437\u043d\u0430\u044f 78'), 0.4606087, 0.6031781, 0, 6, 178, 0, NULL, NULL),
(10781, STRINGDECODE('\u0422\u0435\u043f\u0435\u043b\u044c\u0442\u043e\u043d \u041b\u044e\u0434\u043c\u0438\u043b\u0430 \u041b\u0435\u043e\u043d\u0438\u0434\u043e\u0432\u043d\u0430'), '8-702-133-8490 8-708-914-0698', STRINGDECODE('\u0443\u043b. \u041c\u043e\u0441\u0442\u043e\u0432\u0430\u044f 3'), 0.4606087, 0.6031781, 0, 6, 178, 0, NULL, NULL),
(10782, STRINGDECODE('\u0410\u043d\u0434\u0440\u0438\u0430\u043d\u043e\u0432\u0430 \u0415\u043a\u0430\u0442\u0435\u0440\u0438\u043d\u0430 \u0412\u0430\u043b\u0435\u0440\u044c\u0435\u0432\u043d\u0430'), '8-708-632-5359 8-778-398-6393', STRINGDECODE('\u0443\u043b. \u0412\u0430\u0433\u043e\u043d\u043d\u0430\u044f (\u0426\u0435\u0445\u0430) 18, \u043a\u0432 2'), 0.4606087, 0.6031781, 0, 7, 178, 0, NULL, NULL),
(10783, STRINGDECODE('\u0414\u043e\u0441\u0431\u0435\u0440\u0433\u0435\u043d\u043e\u0432\u0430 \u0410\u0439\u0433\u0435\u0440\u0438\u043c \u041e\u0440\u0430\u0437\u0431\u0430\u0435\u0432\u043d\u0430'), '8-778-192-8493 8-775-329-7325', STRINGDECODE('\u0443\u043b. \u0425\u043e\u0437\u044f\u0439\u0441\u0442\u0432\u0435\u043d\u043d\u0430\u044f 3'), 0.4606087, 0.6031781, 0, 7, 178, 0, NULL, NULL),
(10784, STRINGDECODE('\u0421\u043e\u043a\u043e\u043b\u043e\u0432\u0430 \u041d\u0430\u0442\u0430\u043b\u044c\u044f \u041d\u0438\u043a\u043e\u043b\u0430\u0435\u0432\u043d\u0430'), '8-702-613-2539 8-705-469-6911', STRINGDECODE('\u0443\u043b. \u0426\u0435\u0445\u043e\u0432\u0430\u044f 10\u0430 \u043a\u0432.5'), 0.4606087, 0.6031781, 0, 7, 178, 0, NULL, NULL),
(10785, STRINGDECODE('\u0420\u0443\u0441\u0430\u043d\u043e\u0432\u0430 \u0414\u0430\u043b\u043b\u0430\u0440\u0430 \u041a\u0430\u0441\u044b\u043c\u043e\u0432\u043d\u0430'), '8-778-729-0731 8-778-192-9683', STRINGDECODE('\u0443\u043b. \u0426\u0435\u0445\u043e\u0432\u0430\u044f 10\u0430 \u043a\u0432.17'), 0.4606087, 0.6031781, 0, 7, 178, 0, NULL, NULL);
INSERT INTO PUBLIC.FAMILIES(ID, NAME, PHONE_NUMBER, ADDRESS, LONGITUDE, LATITUDE, CAR_ID, GROUP_ID, STOCK_ID, STATUS, REPORT, VOLUNTEERS_GROUP_ID) VALUES
(10786, STRINGDECODE('\u0413\u0443\u0431\u0438\u043d\u0430 \u041b\u044e\u0431\u043e\u0432\u044c \u041a\u043e\u043d\u0441\u0442\u0430\u043d\u0442\u0438\u043d\u043e\u0432\u043d\u0430'), '8-707-632-1394 8-747-821-2754', STRINGDECODE('\u0443\u043b. \u041f\u0430\u0440\u043e\u0432\u043e\u0437\u043d\u0430\u044f 22'), 0.4606087, 0.6031781, 0, 7, 178, 0, NULL, NULL),
(10787, STRINGDECODE('\u0410\u0431\u0435\u0443\u043e\u0432\u0430 \u0428\u044b\u043d\u0430\u0440 \u0415\u0441\u0435\u043d\u043a\u0435\u043b\u044c\u0434\u0438\u043d\u043e\u0432\u043d\u0430'), '8-775-758-4951', STRINGDECODE('\u0443\u043b. \u0426\u0435\u0445\u043e\u0432\u0430\u044f 10\u0410 \u043a\u0432.8'), 0.4606087, 0.6031781, 0, 7, 178, 0, NULL, NULL),
(10788, STRINGDECODE('\u0422\u0430\u0440\u0430\u0442\u0443\u0445\u0438\u043d\u0430 \u041c\u0430\u0440\u0438\u044f \u0412\u043b\u0430\u0434\u0438\u043c\u0438\u0440\u043e\u0432\u043d\u0430'), '8-702-626-1482', STRINGDECODE('\u0443\u043b. \u0425\u043e\u0437\u044f\u0439\u0441\u0442\u0432\u0435\u043d\u043d\u0430\u044f 5'), 0.4606087, 0.6031781, 0, 7, 178, 0, NULL, NULL),
(10789, STRINGDECODE('\u0428\u0430\u0440\u0438\u043f\u043e\u0432\u0430 \u0420\u0430\u0438\u0441\u0430 \u0412\u0430\u0441\u0438\u043b\u044c\u0435\u0432\u043d\u0430'), '8-747-764-0834', STRINGDECODE('12 \u043c\u043a\u0440\u043d \u0434.63\u0430 \u043a\u0432.25'), 0.4606087, 0.6031781, 0, 9, 178, 0, NULL, NULL),
(10790, STRINGDECODE('\u0422\u0430\u0439\u0431\u0435\u043a\u043e\u0432\u0430 \u041a\u0438\u044f\u0433\u0443\u043b\u044c \u041c\u044d\u043b\u0441\u043e\u0432\u043d\u0430'), '8-707-735-3637 8-702-152-3852', STRINGDECODE('12 \u043c\u043a\u0440\u043d. \u0434.34 \u043a\u0432.44'), 0.4606087, 0.6031781, 0, 9, 178, 0, NULL, NULL),
(10791, STRINGDECODE('\u0411\u0430\u0439\u0434\u0435\u043b\u044c\u0434\u0438\u043d\u043e\u0432\u0430 \u0410\u0439\u0436\u0430\u043d \u0414\u0430\u043d\u044b\u0448\u0431\u0430\u0435\u0432\u043d\u0430'), '8-700-984-7502', STRINGDECODE('12 \u043c\u043a\u0440\u043d \u0434.51 \u043a\u0432.26'), 0.4606087, 0.6031781, 0, 9, 178, 0, NULL, NULL),
(10792, STRINGDECODE('\u0417\u0438\u044f\u0448\u0435\u0432\u0430 \u049a\u0430\u0440\u0448\u044b\u0493\u0430 \u0410\u0437\u0438\u043c\u0445\u0430\u043d\u043e\u0432\u043d\u0430'), '8-747-367-7521 8-705-229-3589', STRINGDECODE('12 \u043c\u043a\u0440\u043d \u0434.37 \u043a\u0432.77'), 0.4606087, 0.6031781, 0, 9, 178, 0, NULL, NULL),
(10793, STRINGDECODE('\u0427\u0430\u0449\u0438\u043d\u0430 \u041d\u0430\u0442\u0430\u043b\u044c\u044f \u0421\u0442\u0435\u043f\u0430\u043d\u043e\u0432\u043d\u0430'), '8-705-260-8031', STRINGDECODE('\u041c\u0430\u0439\u043b\u0438\u043d\u0430 47 \u043a\u0432.115'), 0.4606087, 0.6031781, 0, 10, 178, 0, NULL, NULL),
(10794, STRINGDECODE('\u0425\u043e\u0440\u0435\u0432\u0438\u0447 \u0417\u0438\u043d\u0430\u0438\u0434\u0430 \u0412\u043b\u0430\u0434\u0438\u043c\u0438\u0440\u043e\u0432\u043d\u0430'), '8-775-522-7484 8-777-629-4846', STRINGDECODE('12 \u043c\u043a\u0440\u043d \u0434.10 \u043a\u0432.50'), 0.4606087, 0.6031781, 0, 10, 178, 0, NULL, NULL),
(10795, STRINGDECODE('\u0410\u0445\u043c\u0435\u0442\u043e\u0432\u0430 \u0410\u0439\u043d\u0443\u0440'), '8-771-527-4600', STRINGDECODE('16 \u043c\u043a\u0440\u043d. \u0434.11 \u043a\u0432.69'), 0.4606087, 0.6031781, 0, 10, 178, 0, NULL, NULL),
(10796, STRINGDECODE('\u0414\u044e\u0441\u043a\u0435\u043d\u043e\u0432\u0430 \u0410\u0439\u043c\u0430\u043d \u041a\u043e\u0448\u0435\u0442\u0430\u0435\u0432\u043d\u0430'), '8-702-663-6309', STRINGDECODE('\u0443\u043b. \u041c\u0430\u0433\u043d\u0438\u0442\u043e\u0433\u043e\u0440\u0441\u043a\u0430\u044f 47 \u043a\u0432.1'), 0.4606087, 0.6031781, 0, 10, 178, 0, NULL, NULL),
(10797, STRINGDECODE('\u041a\u0443\u0434\u0430\u0439\u0431\u0435\u0440\u0433\u0435\u043d\u043e\u0432\u0430 \u0420\u044b\u0441\u0434\u0430\u0443\u043b\u0435\u0442 \u0422\u043b\u0435\u043a\u0431\u0430\u0435\u0432\u043d\u0430'), '8-778-685-3941 8-700-580-9540', STRINGDECODE('\u043c\u043a\u0440\u043d 15 \u0434.5 \u043a\u0432.61'), 0.4606087, 0.6031781, 0, 10, 178, 0, NULL, NULL);
INSERT INTO PUBLIC.FAMILIES(ID, NAME, PHONE_NUMBER, ADDRESS, LONGITUDE, LATITUDE, CAR_ID, GROUP_ID, STOCK_ID, STATUS, REPORT, VOLUNTEERS_GROUP_ID) VALUES
(10798, STRINGDECODE('\u0422\u0430\u0443\u043a\u0435\u043d\u043e\u0432 \u0422\u0443\u0440\u0441\u044b\u043d \u0411\u0430\u043a\u0435\u0448\u0435\u0432\u0438\u0447'), '8-747-347-5328 8-747-637-9056', STRINGDECODE('\u0443\u043b. \u041c\u0430\u043d\u0443\u0438\u043b\u044c\u0441\u043a\u043e\u0433\u043e \u0434.21 \u043a\u0432.43'), 0.4606087, 0.6031781, 0, 11, 178, 1, NULL, 0),
(10799, STRINGDECODE('\u041e\u0441\u0438\u043f\u043e\u0432\u0438\u0447 \u041d\u0430\u0434\u0435\u0436\u0434\u0430 \u0410\u043d\u0430\u0442\u043e\u043b\u044c\u0435\u0432\u043d\u0430'), '8-702-117-3954 8-708-911-0976', STRINGDECODE('\u0443\u043b. \u0421\u0435\u0440\u043e\u0432\u0430 91 \u043a\u0432.68'), 0.4606087, 0.6031781, 0, 11, 178, 1, NULL, 0),
(10800, STRINGDECODE('\u0416\u0430\u043a\u0443\u043f\u043e\u0432\u0430 \u0410\u0441\u0435\u043c\u0433\u0443\u043b\u044c \u041a\u0430\u0434\u0435\u0442\u043e\u0432\u043d\u0430'), '8-705-195-0882 8-775-532-7231', STRINGDECODE('\u0443\u043b. \u041b\u0435\u0440\u043c\u043e\u043d\u0442\u043e\u0432\u0430 125 \u0421\u043e\u0440\u0442\u0438\u0440\u043e\u0432\u043e\u0447\u043d\u0430\u044f'), 0.4606087, 0.6031781, 0, 11, 178, 1, NULL, 0),
(10801, STRINGDECODE('\u0421\u044b\u0447\u0435\u0432\u0430 \u041b\u044e\u0431\u043e\u0432\u044c \u0412\u0438\u043a\u0442\u043e\u0440\u043e\u0432\u043d\u0430'), '8-701-972-7226', STRINGDECODE('\u0414\u043e\u0441\u043a\u0435\u044f 39 \u043a\u0432.15'), 0.4606087, 0.6031781, 0, 8, 178, 0, NULL, NULL),
(10802, STRINGDECODE('\u041b\u0430\u0440\u043a\u0438\u043d\u0430 \u042f\u043d\u0430 \u041e\u043b\u0435\u0433\u043e\u0432\u043d\u0430'), '8-747-262-7976 8-7212-45-73-02', STRINGDECODE('\u0443\u043b. \u0410\u0440\u0445\u0438\u0442\u0435\u043a\u0442\u0443\u0440\u043d\u0430\u044f 4 \u043a\u0432.19'), 0.4606087, 0.6031781, 0, 8, 178, 0, NULL, NULL),
(10803, STRINGDECODE('\u0417\u0438\u044f\u0435\u0432\u0430 \u0412\u0435\u0440\u043e\u043d\u0438\u043a\u0430 \u0418\u0432\u0430\u043d\u043e\u0432\u043d\u0430'), '8-708-558-8023', STRINGDECODE('1 \u043a\u0432\u0430\u0440\u0442\u0430\u043b \u0434.1 \u043a\u0432.3'), 0.4606087, 0.6031781, 0, 8, 178, 0, NULL, NULL),
(10804, STRINGDECODE('\u041a\u0430\u0447\u043a\u0438\u043d\u0430 \u041c\u0430\u0440\u0438\u043d\u0430 \u042e\u0440\u044c\u0435\u0432\u043d\u0430'), '8-701-387-05-18 21-54-76', STRINGDECODE('19 \u043c\u043a\u0440\u043d \u0434.55 \u043a\u0432.19'), 0.4606087, 0.6031781, 0, 8, 178, 0, NULL, NULL);
CREATE CACHED TABLE PUBLIC.STOCK_TEMPLATE(
    ID INT DEFAULT (NEXT VALUE FOR PUBLIC.SYSTEM_SEQUENCE_CAA373AC_8CD6_465B_9E65_277A7F18B915) NOT NULL NULL_TO_DEFAULT SEQUENCE PUBLIC.SYSTEM_SEQUENCE_CAA373AC_8CD6_465B_9E65_277A7F18B915,
    TITLE TEXT,
    TITLE_FOR_ADMIN TEXT,
    DESCRIPTION TEXT,
    REPORT TEXT,
    STATUS INT DEFAULT 0,
    ADDED_BY INT,
    CTA BOOLEAN DEFAULT TRUE
);
-- 3 +/- SELECT COUNT(*) FROM PUBLIC.STOCK_TEMPLATE;
INSERT INTO PUBLIC.STOCK_TEMPLATE(ID, TITLE, TITLE_FOR_ADMIN, DESCRIPTION, REPORT, STATUS, ADDED_BY, CTA) VALUES
(337, STRINGDECODE('\u0421 \u0443\u043b\u044b\u0431\u043a\u043e\u0439 \u0432 \u0448\u043a\u043e\u043b\u0443'), STRINGDECODE('\u0428\u043a\u043e\u043b\u04302017\u0444\u0430\u0441\u043e\u0432\u043a\u0430\u041a\u0440\u0433'), STRINGDECODE('\ud83c\udd98 \u0414\u043e\u0440\u043e\u0433\u0438\u0435 \u0432\u043e\u043b\u043e\u043d\u0442\u0435\u0440\u044b! \u041d\u0443\u0436\u043d\u0430 \u043f\u043e\u043c\u043e\u0449\u044c \u0441 \u0440\u0430\u0441\u0444\u0430\u0441\u043e\u0432\u043a\u043e\u0439 \u043a\u0430\u043d\u0446\u0435\u043b\u044f\u0440\u0441\u043a\u0438\u0445 \u0442\u043e\u0432\u0430\u0440\u043e\u0432 \u043f\u043e \u0448\u043a\u043e\u043b\u044c\u043d\u044b\u043c \u043d\u0430\u0431\u043e\u0440\u0430\u043c. \u0421\u0435\u0433\u043e\u0434\u043d\u044f \u043d\u0430\u0447\u043d\u0435\u043c \u0444\u0430\u0441\u043e\u0432\u043a\u0443 \u0432 17:30 \u043f\u043e \u0430\u0434\u0440\u0435\u0441\u0443: \u0443\u043b. \u0415\u0440\u043c\u0435\u043a\u043e\u0432\u0430 104/1. \n\u0412 \u043f\u0440\u0435\u0434\u0441\u0442\u043e\u044f\u0449\u0438\u0435 \u0432\u044b\u0445\u043e\u0434\u043d\u044b\u0435 \u043f\u043b\u0430\u043d\u0438\u0440\u0443\u0435\u043c \u0440\u0430\u0437\u0434\u0430\u0442\u044c \u044d\u0442\u0438 \u043d\u0430\u0431\u043e\u0440\u044b \u043f\u043e \u0434\u043e\u043c\u0430\u043c \u0441\u0435\u043c\u044c\u044f\u043c \u0438\u0437 \u041a\u0430\u0440\u0430\u0433\u0430\u043d\u0434\u044b.\n\ud83c\udd97 \u0415\u0441\u043b\u0438 \u0445\u043e\u0442\u0438\u0442\u0435 \u043f\u043e\u043c\u043e\u0447\u044c \u0441 \u0444\u0430\u0441\u043e\u0432\u043a\u043e\u0439 \u0434\u0430\u0439\u0442\u0435 \u043d\u0430\u043c \u0437\u043d\u0430\u0442\u044c \u043d\u0430\u0436\u0430\u0432 \u043d\u0430 \u043a\u043d\u043e\u043f\u043a\u0443 \"\u041f\u043e\u043c\u043e\u0433\u0443 \u0441 \u0444\u0430\u0441\u043e\u0432\u043a\u043e\u0439\"'), NULL, 0, 336243307, TRUE),
(338, STRINGDECODE('\u0421 \u0443\u043b\u044b\u0431\u043a\u043e\u0439 \u0432 \u0448\u043a\u043e\u043b\u0443'), STRINGDECODE('\u0428\u043a\u043e\u043b\u0430 2017 \u043a\u0440\u0433 13 \u0430\u0432\u0433\u0443\u0441\u0442\u0430'), STRINGDECODE('\ud83c\udf92 \u0414\u043e\u0440\u043e\u0433\u0438\u0435 \u0432\u043e\u043b\u043e\u043d\u0442\u0435\u0440\u044b, \u043d\u0430 \u044d\u0442\u0438 \u0432\u044b\u0445\u043e\u0434\u043d\u044b\u0435 \u0437\u0430\u043f\u043b\u0430\u043d\u0438\u0440\u043e\u0432\u0430\u043b\u0438 \u0430\u0434\u0440\u0435\u0441\u043d\u043e \u0440\u0430\u0437\u0434\u0430\u0442\u044c \u0448\u043a\u043e\u043b\u044c\u043d\u044b\u0435 \u043d\u0430\u0431\u043e\u0440\u044b \u0441\u0435\u043c\u044c\u044f\u043c \u0438\u0437 \u041a\u0430\u0440\u0430\u0433\u0430\u043d\u0434\u044b. \u0412\u0441\u0435\u0433\u043e 53 \u0441\u0435\u043c\u044c\u0438. \u0418\u0437 \u043a\u043e\u0442\u043e\u0440\u044b\u0445 8 \u0441\u0435\u0433\u043e\u0434\u043d\u044f \u043f\u043e\u043b\u0443\u0447\u0438\u043b\u0438 \u043d\u0430\u0431\u043e\u0440\u044b. \u041e\u0441\u0442\u0430\u043b\u043e\u0441\u044c 45 \u0441\u0435\u043c\u0435\u0439. \u0422\u0430\u043a \u0447\u0442\u043e \u043d\u0435 \u043e\u0441\u0442\u0430\u0432\u0430\u0439\u0442\u0435\u0441\u044c \u0432 \u0441\u0442\u043e\u0440\u043e\u043d\u0435\u203c\ufe0f\n\u0416\u0434\u0435\u043c \u0432\u0430\u0441 \u043f\u043e \u0430\u0434\u0440\u0435\u0441\u0443 \u0443\u043b. \u0415\u0440\u043c\u0435\u043a\u043e\u0432\u0430 104/1 (\u043d\u0430 \u0437\u0434\u0430\u043d\u0438\u0438  \u0432\u044b\u0432\u0435\u0441\u043a\u0430 \u0448\u0438\u043d\u043e\u043c\u043e\u043d\u0442\u0430\u0436 \"Formula7\"). \n\ud83d\ude4f \u0415\u0441\u043b\u0438 \u0445\u043e\u0442\u0438\u0442\u0435 \u043f\u043e\u0443\u0447\u0430\u0432\u0441\u0442\u0432\u043e\u0432\u0430\u0442\u044c \u0434\u0430\u0439\u0442\u0435 \u043d\u0430\u043c \u0437\u043d\u0430\u0442\u044c \u043d\u0430\u0436\u0430\u0432 \u043d\u0430 \u043a\u043d\u043e\u043f\u043a\u0443 \"\u043f\u043e\u043c\u043e\u0433\u0443 \u0441 \u0440\u0430\u0437\u0434\u0430\u0447\u0435\u0439\"'), NULL, 0, 336243307, TRUE),
(369, STRINGDECODE('\u0421 \u0443\u043b\u044b\u0431\u043a\u043e\u0439 \u0432 \u0448\u043a\u043e\u043b\u0443'), STRINGDECODE('\u0448\u043a\u043e\u043b\u0430 2017 \u0444\u0430\u0441\u043e\u0432\u043a\u0430 \u0421\u0430\u0440\u0430\u043d\u044c'), STRINGDECODE('\ud83c\udd98 \u0414\u043e\u0440\u043e\u0433\u0438\u0435 \u0432\u043e\u043b\u043e\u043d\u0442\u0435\u0440\u044b! \u041d\u0443\u0436\u043d\u0430 \u043f\u043e\u043c\u043e\u0449\u044c \u0441 \u0440\u0430\u0441\u0444\u0430\u0441\u043e\u0432\u043a\u043e\u0439 \u043a\u0430\u043d\u0446\u0435\u043b\u044f\u0440\u0441\u043a\u0438\u0445 \u0442\u043e\u0432\u0430\u0440\u043e\u0432 \u043f\u043e \u0448\u043a\u043e\u043b\u044c\u043d\u044b\u043c \u043d\u0430\u0431\u043e\u0440\u0430\u043c. \u0411\u0443\u0434\u0435\u043c \u0444\u0430\u0441\u043e\u0432\u0430\u0442\u044c \u0448\u043a\u043e\u043b\u044c\u043d\u044b\u0435 \u043d\u0430\u0431\u043e\u0440\u044b \u0442\u0440\u0438 \u0434\u043d\u044f 15-17 \u0430\u0432\u0433\u0443\u0441\u0442\u0430 \u0432 17:30 \u043a\u0430\u0436\u0434\u044b\u0439 \u0434\u0435\u043d\u044c. \u0421\u0435\u0433\u043e\u0434\u043d\u044f \u043d\u0430\u0447\u043d\u0435\u043c \u0444\u0430\u0441\u043e\u0432\u043a\u0443 \u0432 17:30 \u043f\u043e \u0430\u0434\u0440\u0435\u0441\u0443: \u0443\u043b. \u0415\u0440\u043c\u0435\u043a\u043e\u0432\u0430 104/1. \n\u0412 \u043f\u0440\u0435\u0434\u0441\u0442\u043e\u044f\u0449\u0438\u0435 \u0432\u044b\u0445\u043e\u0434\u043d\u044b\u0435 19-20 \u0430\u0432\u0433\u0443\u0441\u0442\u0430 \u043f\u043b\u0430\u043d\u0438\u0440\u0443\u0435\u043c \u0440\u0430\u0437\u0434\u0430\u0442\u044c \u044d\u0442\u0438 \u043d\u0430\u0431\u043e\u0440\u044b \u043f\u043e \u0434\u043e\u043c\u0430\u043c \u0441\u0435\u043c\u044c\u044f\u043c \u0438\u0437 \u0421\u0430\u0440\u0430\u043d\u0438 \u0438 \u0422\u0435\u043c\u0438\u0440\u0442\u0430\u0443.\n\ud83c\udd97 \u0415\u0441\u043b\u0438 \u0445\u043e\u0442\u0438\u0442\u0435 \u043f\u043e\u043c\u043e\u0447\u044c \u0441 \u0444\u0430\u0441\u043e\u0432\u043a\u043e\u0439 \u0434\u0430\u0439\u0442\u0435 \u043d\u0430\u043c \u0437\u043d\u0430\u0442\u044c \u043d\u0430\u0436\u0430\u0432 \u043d\u0430 \u043a\u043d\u043e\u043f\u043a\u0443 \"\u041f\u043e\u043c\u043e\u0433\u0443 \u0441 \u0444\u0430\u0441\u043e\u0432\u043a\u043e\u0439\". \u041f\u043e \u0432\u043e\u043f\u0440\u043e\u0441\u0430\u043c \u043f\u0438\u0448\u0438\u0442\u0435 \u0432 \u043b\u0438\u0447\u043a\u0443 8-700-020-0408'), NULL, 0, 336243307, TRUE);
CREATE CACHED TABLE PUBLIC.DATES(
    ID INT DEFAULT (NEXT VALUE FOR PUBLIC.SYSTEM_SEQUENCE_1A0F05EF_1E5A_4916_9601_072FDC3ECC56) NOT NULL NULL_TO_DEFAULT SEQUENCE PUBLIC.SYSTEM_SEQUENCE_1A0F05EF_1E5A_4916_9601_072FDC3ECC56,
    TYPE_OF_WORK_ID INT,
    DATE TEXT
);
ALTER TABLE PUBLIC.DATES ADD CONSTRAINT PUBLIC.CONSTRAINT_3 PRIMARY KEY(ID);
-- 9 +/- SELECT COUNT(*) FROM PUBLIC.DATES;
INSERT INTO PUBLIC.DATES(ID, TYPE_OF_WORK_ID, DATE) VALUES
(165, 152, '10.08'),
(166, 153, '12.08'),
(167, 153, '13.08'),
(168, 154, '13.08'),
(197, 184, '15.08'),
(198, 184, '16.08'),
(199, 184, '17.08'),
(200, 185, '19.08'),
(201, 185, '20.08');
CREATE CACHED TABLE PUBLIC.TYPE_OF_WORK(
    ID INT DEFAULT (NEXT VALUE FOR PUBLIC.SYSTEM_SEQUENCE_9DDE50AF_3F00_45FD_886C_8CDF46B1D878) NOT NULL NULL_TO_DEFAULT SEQUENCE PUBLIC.SYSTEM_SEQUENCE_9DDE50AF_3F00_45FD_886C_8CDF46B1D878,
    STOCK_ID INT,
    NAME TEXT,
    FINISHED BOOLEAN DEFAULT FALSE
);
ALTER TABLE PUBLIC.TYPE_OF_WORK ADD CONSTRAINT PUBLIC.CONSTRAINT_F PRIMARY KEY(ID);
-- 5 +/- SELECT COUNT(*) FROM PUBLIC.TYPE_OF_WORK;
INSERT INTO PUBLIC.TYPE_OF_WORK(ID, STOCK_ID, NAME, FINISHED) VALUES
(152, 142, STRINGDECODE('\u041f\u043e\u043c\u043e\u0433\u0443 \u0441 \u0444\u0430\u0441\u043e\u0432\u043a\u043e\u0439'), FALSE),
(153, 142, STRINGDECODE('\u041f\u043e\u043c\u043e\u0433\u0443 \u0441 \u0440\u0430\u0437\u0434\u0430\u0447\u0435\u0439'), FALSE),
(154, 143, STRINGDECODE('\u041f\u043e\u043c\u043e\u0433\u0443 \u0441 \u0440\u0430\u0437\u0434\u0430\u0447\u0435\u0439'), FALSE),
(184, 174, STRINGDECODE('\u041f\u043e\u043c\u043e\u0433\u0443 \u0441 \u0444\u0430\u0441\u043e\u0432\u043a\u043e\u0439'), FALSE),
(185, 174, STRINGDECODE('\u041f\u043e\u043c\u043e\u0433\u0443 \u0441 \u0440\u0430\u0437\u0434\u0430\u0447\u0435\u0439'), FALSE);
CREATE CACHED TABLE PUBLIC.USER_OF_LIST(
    ID INT DEFAULT (NEXT VALUE FOR PUBLIC.SYSTEM_SEQUENCE_1D102FBC_B346_46E0_92D8_0FCB56690D20) NOT NULL NULL_TO_DEFAULT SEQUENCE PUBLIC.SYSTEM_SEQUENCE_1D102FBC_B346_46E0_92D8_0FCB56690D20,
    NAME TEXT
);
ALTER TABLE PUBLIC.USER_OF_LIST ADD CONSTRAINT PUBLIC.CONSTRAINT_8 PRIMARY KEY(ID);
-- 1 +/- SELECT COUNT(*) FROM PUBLIC.USER_OF_LIST;
INSERT INTO PUBLIC.USER_OF_LIST(ID, NAME) VALUES
(137, 'Test');
CREATE CACHED TABLE PUBLIC.PARTICIPANT_USER_OF_LIST(
    ID INT DEFAULT (NEXT VALUE FOR PUBLIC.SYSTEM_SEQUENCE_EFC136C0_CBAC_45A0_94A8_64AD9B64488B) NOT NULL NULL_TO_DEFAULT SEQUENCE PUBLIC.SYSTEM_SEQUENCE_EFC136C0_CBAC_45A0_94A8_64AD9B64488B,
    USER_OF_LIST_ID INT,
    USER_ID INT
);
ALTER TABLE PUBLIC.PARTICIPANT_USER_OF_LIST ADD CONSTRAINT PUBLIC.CONSTRAINT_C PRIMARY KEY(ID);
-- 2 +/- SELECT COUNT(*) FROM PUBLIC.PARTICIPANT_USER_OF_LIST;
INSERT INTO PUBLIC.PARTICIPANT_USER_OF_LIST(ID, USER_OF_LIST_ID, USER_ID) VALUES
(148, 137, 134),
(149, 137, 169);
CREATE CACHED TABLE PUBLIC.STOCK(
    ID INT DEFAULT (NEXT VALUE FOR PUBLIC.SYSTEM_SEQUENCE_643CB524_47CA_47F0_9093_20A5C4DA98AE) NOT NULL NULL_TO_DEFAULT SEQUENCE PUBLIC.SYSTEM_SEQUENCE_643CB524_47CA_47F0_9093_20A5C4DA98AE,
    TITLE TEXT,
    TITLE_FOR_ADMIN TEXT,
    DESCRIPTION TEXT,
    REPORT TEXT,
    STATUS INT DEFAULT 0,
    ADDED_BY INT,
    CTA BOOLEAN DEFAULT TRUE
);
ALTER TABLE PUBLIC.STOCK ADD CONSTRAINT PUBLIC.CONSTRAINT_4B PRIMARY KEY(ID);
-- 3 +/- SELECT COUNT(*) FROM PUBLIC.STOCK;
INSERT INTO PUBLIC.STOCK(ID, TITLE, TITLE_FOR_ADMIN, DESCRIPTION, REPORT, STATUS, ADDED_BY, CTA) VALUES
(142, STRINGDECODE('\u0421 \u0443\u043b\u044b\u0431\u043a\u043e\u0439 \u0432 \u0448\u043a\u043e\u043b\u0443'), STRINGDECODE('\u0428\u043a\u043e\u043b\u04302017\u0444\u0430\u0441\u043e\u0432\u043a\u0430\u041a\u0440\u0433'), STRINGDECODE('\ud83c\udd98 \u0414\u043e\u0440\u043e\u0433\u0438\u0435 \u0432\u043e\u043b\u043e\u043d\u0442\u0435\u0440\u044b! \u041d\u0443\u0436\u043d\u0430 \u043f\u043e\u043c\u043e\u0449\u044c \u0441 \u0440\u0430\u0441\u0444\u0430\u0441\u043e\u0432\u043a\u043e\u0439 \u043a\u0430\u043d\u0446\u0435\u043b\u044f\u0440\u0441\u043a\u0438\u0445 \u0442\u043e\u0432\u0430\u0440\u043e\u0432 \u043f\u043e \u0448\u043a\u043e\u043b\u044c\u043d\u044b\u043c \u043d\u0430\u0431\u043e\u0440\u0430\u043c. \u0421\u0435\u0433\u043e\u0434\u043d\u044f \u043d\u0430\u0447\u043d\u0435\u043c \u0444\u0430\u0441\u043e\u0432\u043a\u0443 \u0432 17:30 \u043f\u043e \u0430\u0434\u0440\u0435\u0441\u0443: \u0443\u043b. \u0415\u0440\u043c\u0435\u043a\u043e\u0432\u0430 104/1. \n\u0412 \u043f\u0440\u0435\u0434\u0441\u0442\u043e\u044f\u0449\u0438\u0435 \u0432\u044b\u0445\u043e\u0434\u043d\u044b\u0435 \u043f\u043b\u0430\u043d\u0438\u0440\u0443\u0435\u043c \u0440\u0430\u0437\u0434\u0430\u0442\u044c \u044d\u0442\u0438 \u043d\u0430\u0431\u043e\u0440\u044b \u043f\u043e \u0434\u043e\u043c\u0430\u043c \u0441\u0435\u043c\u044c\u044f\u043c \u0438\u0437 \u041a\u0430\u0440\u0430\u0433\u0430\u043d\u0434\u044b.\n\ud83c\udd97 \u0415\u0441\u043b\u0438 \u0445\u043e\u0442\u0438\u0442\u0435 \u043f\u043e\u043c\u043e\u0447\u044c \u0441 \u0444\u0430\u0441\u043e\u0432\u043a\u043e\u0439 \u0434\u0430\u0439\u0442\u0435 \u043d\u0430\u043c \u0437\u043d\u0430\u0442\u044c \u043d\u0430\u0436\u0430\u0432 \u043d\u0430 \u043a\u043d\u043e\u043f\u043a\u0443 \"\u041f\u043e\u043c\u043e\u0433\u0443 \u0441 \u0444\u0430\u0441\u043e\u0432\u043a\u043e\u0439\"'), NULL, 0, 336243307, TRUE),
(143, STRINGDECODE('\u0421 \u0443\u043b\u044b\u0431\u043a\u043e\u0439 \u0432 \u0448\u043a\u043e\u043b\u0443'), STRINGDECODE('\u0428\u043a\u043e\u043b\u0430 2017 \u043a\u0440\u0433 13 \u0430\u0432\u0433\u0443\u0441\u0442\u0430'), STRINGDECODE('\ud83c\udf92 \u0414\u043e\u0440\u043e\u0433\u0438\u0435 \u0432\u043e\u043b\u043e\u043d\u0442\u0435\u0440\u044b, \u043d\u0430 \u044d\u0442\u0438 \u0432\u044b\u0445\u043e\u0434\u043d\u044b\u0435 \u0437\u0430\u043f\u043b\u0430\u043d\u0438\u0440\u043e\u0432\u0430\u043b\u0438 \u0430\u0434\u0440\u0435\u0441\u043d\u043e \u0440\u0430\u0437\u0434\u0430\u0442\u044c \u0448\u043a\u043e\u043b\u044c\u043d\u044b\u0435 \u043d\u0430\u0431\u043e\u0440\u044b \u0441\u0435\u043c\u044c\u044f\u043c \u0438\u0437 \u041a\u0430\u0440\u0430\u0433\u0430\u043d\u0434\u044b. \u0412\u0441\u0435\u0433\u043e 53 \u0441\u0435\u043c\u044c\u0438. \u0418\u0437 \u043a\u043e\u0442\u043e\u0440\u044b\u0445 8 \u0441\u0435\u0433\u043e\u0434\u043d\u044f \u043f\u043e\u043b\u0443\u0447\u0438\u043b\u0438 \u043d\u0430\u0431\u043e\u0440\u044b. \u041e\u0441\u0442\u0430\u043b\u043e\u0441\u044c 45 \u0441\u0435\u043c\u0435\u0439. \u0422\u0430\u043a \u0447\u0442\u043e \u043d\u0435 \u043e\u0441\u0442\u0430\u0432\u0430\u0439\u0442\u0435\u0441\u044c \u0432 \u0441\u0442\u043e\u0440\u043e\u043d\u0435\u203c\ufe0f\n\u0416\u0434\u0435\u043c \u0432\u0430\u0441 \u043f\u043e \u0430\u0434\u0440\u0435\u0441\u0443 \u0443\u043b. \u0415\u0440\u043c\u0435\u043a\u043e\u0432\u0430 104/1 (\u043d\u0430 \u0437\u0434\u0430\u043d\u0438\u0438  \u0432\u044b\u0432\u0435\u0441\u043a\u0430 \u0448\u0438\u043d\u043e\u043c\u043e\u043d\u0442\u0430\u0436 \"Formula7\"). \n\ud83d\ude4f \u0415\u0441\u043b\u0438 \u0445\u043e\u0442\u0438\u0442\u0435 \u043f\u043e\u0443\u0447\u0430\u0432\u0441\u0442\u0432\u043e\u0432\u0430\u0442\u044c \u0434\u0430\u0439\u0442\u0435 \u043d\u0430\u043c \u0437\u043d\u0430\u0442\u044c \u043d\u0430\u0436\u0430\u0432 \u043d\u0430 \u043a\u043d\u043e\u043f\u043a\u0443 \"\u043f\u043e\u043c\u043e\u0433\u0443 \u0441 \u0440\u0430\u0437\u0434\u0430\u0447\u0435\u0439\"'), NULL, 3, 336243307, TRUE),
(174, STRINGDECODE('\u0421 \u0443\u043b\u044b\u0431\u043a\u043e\u0439 \u0432 \u0448\u043a\u043e\u043b\u0443'), STRINGDECODE('\u0448\u043a\u043e\u043b\u0430 2017 \u0444\u0430\u0441\u043e\u0432\u043a\u0430 \u0421\u0430\u0440\u0430\u043d\u044c'), STRINGDECODE('\ud83c\udd98 \u0414\u043e\u0440\u043e\u0433\u0438\u0435 \u0432\u043e\u043b\u043e\u043d\u0442\u0435\u0440\u044b! \u041d\u0443\u0436\u043d\u0430 \u043f\u043e\u043c\u043e\u0449\u044c \u0441 \u0440\u0430\u0441\u0444\u0430\u0441\u043e\u0432\u043a\u043e\u0439 \u043a\u0430\u043d\u0446\u0435\u043b\u044f\u0440\u0441\u043a\u0438\u0445 \u0442\u043e\u0432\u0430\u0440\u043e\u0432 \u043f\u043e \u0448\u043a\u043e\u043b\u044c\u043d\u044b\u043c \u043d\u0430\u0431\u043e\u0440\u0430\u043c. \u0411\u0443\u0434\u0435\u043c \u0444\u0430\u0441\u043e\u0432\u0430\u0442\u044c \u0448\u043a\u043e\u043b\u044c\u043d\u044b\u0435 \u043d\u0430\u0431\u043e\u0440\u044b \u0442\u0440\u0438 \u0434\u043d\u044f 15-17 \u0430\u0432\u0433\u0443\u0441\u0442\u0430 \u0432 17:30 \u043a\u0430\u0436\u0434\u044b\u0439 \u0434\u0435\u043d\u044c. \u0421\u0435\u0433\u043e\u0434\u043d\u044f \u043d\u0430\u0447\u043d\u0435\u043c \u0444\u0430\u0441\u043e\u0432\u043a\u0443 \u0432 17:30 \u043f\u043e \u0430\u0434\u0440\u0435\u0441\u0443: \u0443\u043b. \u0415\u0440\u043c\u0435\u043a\u043e\u0432\u0430 104/1. \n\u0412 \u043f\u0440\u0435\u0434\u0441\u0442\u043e\u044f\u0449\u0438\u0435 \u0432\u044b\u0445\u043e\u0434\u043d\u044b\u0435 19-20 \u0430\u0432\u0433\u0443\u0441\u0442\u0430 \u043f\u043b\u0430\u043d\u0438\u0440\u0443\u0435\u043c \u0440\u0430\u0437\u0434\u0430\u0442\u044c \u044d\u0442\u0438 \u043d\u0430\u0431\u043e\u0440\u044b \u043f\u043e \u0434\u043e\u043c\u0430\u043c \u0441\u0435\u043c\u044c\u044f\u043c \u0438\u0437 \u0421\u0430\u0440\u0430\u043d\u0438 \u0438 \u0422\u0435\u043c\u0438\u0440\u0442\u0430\u0443.\n\ud83c\udd97 \u0415\u0441\u043b\u0438 \u0445\u043e\u0442\u0438\u0442\u0435 \u043f\u043e\u043c\u043e\u0447\u044c \u0441 \u0444\u0430\u0441\u043e\u0432\u043a\u043e\u0439 \u0434\u0430\u0439\u0442\u0435 \u043d\u0430\u043c \u0437\u043d\u0430\u0442\u044c \u043d\u0430\u0436\u0430\u0432 \u043d\u0430 \u043a\u043d\u043e\u043f\u043a\u0443 \"\u041f\u043e\u043c\u043e\u0433\u0443 \u0441 \u0444\u0430\u0441\u043e\u0432\u043a\u043e\u0439\". \u041f\u043e \u0432\u043e\u043f\u0440\u043e\u0441\u0430\u043c \u043f\u0438\u0448\u0438\u0442\u0435 \u0432 \u043b\u0438\u0447\u043a\u0443 8-700-020-0408'), NULL, 0, 336243307, TRUE);